PRAGMA foreign_keys=OFF;
BEGIN TRANSACTION;
CREATE TABLE IF NOT EXISTS "__EFMigrationsLock" (
    "Id" INTEGER NOT NULL CONSTRAINT "PK___EFMigrationsLock" PRIMARY KEY,
    "Timestamp" TEXT NOT NULL
);
CREATE TABLE IF NOT EXISTS "__EFMigrationsHistory" (
    "MigrationId" TEXT NOT NULL CONSTRAINT "PK___EFMigrationsHistory" PRIMARY KEY,
    "ProductVersion" TEXT NOT NULL
);
INSERT INTO __EFMigrationsHistory VALUES('20251031020533_Init','9.0.10');
INSERT INTO __EFMigrationsHistory VALUES('20251101003810_AddBrandCategoryTable','9.0.10');
INSERT INTO __EFMigrationsHistory VALUES('20251101004908_AddProductImagesTable','9.0.10');
INSERT INTO __EFMigrationsHistory VALUES('20251101005328_AddUniqueCodeToProducts','9.0.10');
INSERT INTO __EFMigrationsHistory VALUES('20251103075911_AddImageToCategory','9.0.10');
INSERT INTO __EFMigrationsHistory VALUES('20251103075948_AddImageToCategory2','9.0.10');
INSERT INTO __EFMigrationsHistory VALUES('20251103082347_AddIndexShowToCategory','9.0.10');
INSERT INTO __EFMigrationsHistory VALUES('20251104093621_AddIndexShowToBrand','9.0.10');
INSERT INTO __EFMigrationsHistory VALUES('20251106093219_AddDiscountPrecentToProduct','9.0.10');
INSERT INTO __EFMigrationsHistory VALUES('20251106093508_AddDiscountPrecentToProduct2','9.0.10');
INSERT INTO __EFMigrationsHistory VALUES('20251106093946_AddDiscountPrecentToProduct3','9.0.10');
INSERT INTO __EFMigrationsHistory VALUES('20251108083446_AddHybridProductAttributes','9.0.10');
INSERT INTO __EFMigrationsHistory VALUES('20251108084548_AddHybridProductAttributes2','9.0.10');
INSERT INTO __EFMigrationsHistory VALUES('20251111002725_AddUniqueIndex_ProductAttributeOption','9.0.10');
INSERT INTO __EFMigrationsHistory VALUES('20251111003926_AddUniqueIndex_ProductAttributeOption2','9.0.10');
INSERT INTO __EFMigrationsHistory VALUES('20251115064819_AddWarrantyRelations','9.0.10');
INSERT INTO __EFMigrationsHistory VALUES('20251115092209_AddWarrantyTables','9.0.10');
INSERT INTO __EFMigrationsHistory VALUES('20251117002819_RenameWarrantyToWarranties','9.0.10');
INSERT INTO __EFMigrationsHistory VALUES('20251117003852_CreateWarrantiesTable','9.0.10');
INSERT INTO __EFMigrationsHistory VALUES('20251117021953_RemoveWarrantyIdFromProducts','9.0.10');
INSERT INTO __EFMigrationsHistory VALUES('20251117023635_SyncRemoveWarrantyId','9.0.10');
INSERT INTO __EFMigrationsHistory VALUES('20251117025251_SyncRemoveWarrantyIdSnapshot2','9.0.10');
INSERT INTO __EFMigrationsHistory VALUES('20251117033547_AddWarrantyIdToProducts','9.0.10');
INSERT INTO __EFMigrationsHistory VALUES('20251117033840_AddWarrantyId','9.0.10');
INSERT INTO __EFMigrationsHistory VALUES('20251117034358_AddWarrantyFk','9.0.10');
INSERT INTO __EFMigrationsHistory VALUES('20251119012933_AddWarrantyIdToProducts','9.0.10');
INSERT INTO __EFMigrationsHistory VALUES('20251119013940_RemoveWarrantyId','9.0.10');
INSERT INTO __EFMigrationsHistory VALUES('20251119020323_RemoveWarrantyFromProduct','9.0.10');
INSERT INTO __EFMigrationsHistory VALUES('20251119022732_FinalStatus','9.0.10');
INSERT INTO __EFMigrationsHistory VALUES('20251119025825_AddWarrantyRelation','9.0.10');
CREATE TABLE IF NOT EXISTS "Brands" (
    "Id" INTEGER NOT NULL CONSTRAINT "PK_Brands" PRIMARY KEY AUTOINCREMENT,
    "Name" TEXT NOT NULL,
    "Slug" TEXT NOT NULL,
    "LogoUrl" TEXT NOT NULL,
    "Description" TEXT NULL,
    "Origin" TEXT NULL,
    "IsActive" INTEGER NOT NULL,
    "CreatedAt" TEXT NOT NULL DEFAULT (datetime('now'))
, "IndexShow" INTEGER NULL);
INSERT INTO Brands VALUES(1,'Samsung','samsung','https://cdn.tgdd.vn/Brand//2/Samsung1944-b_5.png',NULL,'Hàn Quốc',1,'2025-10-31 02:07:36',1);
INSERT INTO Brands VALUES(2,'Toshiba','toshiba','https://cdn.tgdd.vn/Brand//2/Toshiba1944-b_17.png',NULL,'Nhật Bản',1,'2025-10-31 02:07:36',2);
INSERT INTO Brands VALUES(3,'LG','lg','https://cdn.mediamart.vn/images/brand/lg-OI70q3.png',NULL,'Hàn Quốc',1,'2025-10-31 02:07:36',4);
INSERT INTO Brands VALUES(4,'Panasonic','panasonic','https://cdn.tgdd.vn/Brand//2/Panasonic1944-b.png',NULL,'Nhật Bản',1,'2025-10-31 02:07:36',3);
INSERT INTO Brands VALUES(5,'Daikin','daikin','https://cdn.tgdd.vn/Brand//2/Daikin2002-b_34.png',NULL,'Nhật Bản',1,'2025-10-31 02:07:36',5);
INSERT INTO Brands VALUES(6,'Casper','casper','https://cdn.mediamart.vn/images/brand/casper-8NR1sV.png',NULL,'Thái Lan',1,'2025-10-31 02:07:36',11);
INSERT INTO Brands VALUES(7,'Funiki','funiki','https://cdnv2.tgdd.vn/mwg-static/dmx/Category/2002/ae/a0/aea0276298929579fe6a258c628c704c.png',NULL,'Việt Nam',1,'2025-10-31 02:07:36',22);
INSERT INTO Brands VALUES(8,'Gree','gree','https://cdn.tgdd.vn/Brand//2/Gree2002-b_52.png',NULL,'Trung Quốc',1,'2025-10-31 02:07:36',7);
INSERT INTO Brands VALUES(9,'Sony','sony','https://cdn.mediamart.vn/images/brand/sony-h4u22e.png',NULL,'Nhật Bản',1,'2025-10-31 02:07:36',6);
INSERT INTO Brands VALUES(10,'Hitachi','hitachi','https://cdnv2.tgdd.vn/mwg-static/dmx/Category/1943/07/0d/070db04d98d6ef6d2a86686a4417ea4e.png',NULL,'Nhật Bản',1,'2025-10-31 02:07:36',10);
INSERT INTO Brands VALUES(11,'Sharp','sharp','https://cdn.tgdd.vn/Brand//2/Sharp1944-b_7.png',NULL,'Nhật Bản',1,'2025-10-31 02:07:36',9);
INSERT INTO Brands VALUES(12,'Aqua','aqua','https://cdn.tgdd.vn/Brand//2/Aqua1944-b_31.png',NULL,'Nhật Bản',1,'2025-10-31 02:07:36',8);
INSERT INTO Brands VALUES(13,'Electrolux','electrolux','https://cdn.tgdd.vn/Brand//2/Electrolux1944-b_6.png',NULL,'Thụy Điển',1,'2025-10-31 02:07:36',12);
INSERT INTO Brands VALUES(14,'Ariston','ariston','https://cdnv2.tgdd.vn/mwg-static/dmx/Category/1962/cc/f0/ccf059c8840b50755689b00e21cb2f9e.png',NULL,'Ý (Italia)',1,'2025-10-31 02:07:36',13);
INSERT INTO Brands VALUES(15,'Kangaroo','kangaroo','https://cdn.tgdd.vn/Brand//2/Kangaroo1962-b_32.png',NULL,'Việt Nam',1,'2025-10-31 02:07:36',14);
INSERT INTO Brands VALUES(16,'Mutoshi','mutoshi','https://cdn.tgdd.vn/Brand//2/mutosi-143x80-1.png',NULL,'Việt Nam',1,'2025-10-31 02:07:36',20);
INSERT INTO Brands VALUES(17,'Karofi','karofi','https://cdn.tgdd.vn/Brand//2/Karofi-200x80-1.png',NULL,'Việt Nam',1,'2025-10-31 02:07:36',15);
INSERT INTO Brands VALUES(18,'Spelier','spelier','',NULL,'Đức',1,'2025-10-31 02:07:36',16);
INSERT INTO Brands VALUES(19,'Dusler','dusler','',NULL,'Đức',1,'2025-10-31 02:07:36',17);
INSERT INTO Brands VALUES(20,'Germatek','germatek','',NULL,'Đức',1,'2025-10-31 02:07:36',19);
INSERT INTO Brands VALUES(21,'Vanessa','vanessa','',NULL,'Việt Nam',1,'2025-10-31 02:07:36',18);
INSERT INTO Brands VALUES(22,'Mitsubishi Electric','mitsubishi-electric','https://cdn.mediamart.vn/images/brand/mitsubishi-electric-4wry78.png',NULL,'Nhat Ban',1,'2025-10-31 02:07:36',19);
INSERT INTO Brands VALUES(23,'Nagakawa','nagakawa','https://cdn.tgdd.vn/Brand//2/Untitled-3-min-200x80-3.png',NULL,'Nhat Ban',1,'2025-10-31 02:07:36',20);
INSERT INTO Brands VALUES(24,'Ferroli','ferroli','https://cdn.tgdd.vn/Brand//2/Untitled-1-200x80-70.png',NULL,'Nhat Ban',1,'2025-10-31 02:07:36',21);
INSERT INTO Brands VALUES(25,'Midea','midea','https://cdnv2.tgdd.vn/mwg-static/dmx/Category/2002/af/42/af424e96741fa78c5d91dec5c05236c3.png',NULL,'Trung Quoc',1,'2025-10-31 02:07:36',22);
CREATE TABLE IF NOT EXISTS "Categories" (
    "Id" INTEGER NOT NULL CONSTRAINT "PK_Categories" PRIMARY KEY AUTOINCREMENT,
    "Name" TEXT NOT NULL,
    "Slug" TEXT NOT NULL,
    "ParentId" INTEGER NULL,
    "IsActive" INTEGER NOT NULL,
    "CreatedAt" TEXT NOT NULL DEFAULT (datetime('now'))
, "Image" TEXT NOT NULL DEFAULT '', "IndexShow" INTEGER NULL);
INSERT INTO Categories VALUES(1,'Tivi','tivi',NULL,1,'2025-10-31 07:23:27','https://cdnv2.tgdd.vn/mwg-static/common/Common/64/d1/64d11a09c75ea322dbc547739886e1d5.png',3);
INSERT INTO Categories VALUES(2,'Tủ Lạnh','tu-lanh',NULL,1,'2025-10-31 07:23:27','https://cdnv2.tgdd.vn/mwg-static/common/Common/64/85/6485154d19085e781f44d057f1c63c71.png',4);
INSERT INTO Categories VALUES(3,'Máy giặt','may-giat',NULL,1,'2025-10-31 07:23:27','https://cdnv2.tgdd.vn/mwg-static/common/Common/0a/b9/0ab938f5b5b2993d568351bceb721407.png',1);
INSERT INTO Categories VALUES(4,'Điều hòa','dieu-hoa',NULL,1,'2025-10-31 07:23:27','https://cdnv2.tgdd.vn/mwg-static/common/Common/48/a6/48a6bd2b6d7ad2712eb93772b3578deb.png',5);
INSERT INTO Categories VALUES(5,'Bình nóng lạnh','binh-nong-lanh',NULL,1,'2025-10-31 07:23:27','https://cdnv2.tgdd.vn/mwg-static/dmx/Common/e5/94/e594135d5eed6cc128fe2a9c62154ad9.png',8);
INSERT INTO Categories VALUES(6,'Bếp từ đôi','bep-tu-doi',NULL,1,'2025-10-31 07:23:27','https://cdnv2.tgdd.vn/mwg-static/dmx/Common/44/0a/440ad5a5abd2b19e2d7ec9c3cf5cb707.png',9);
INSERT INTO Categories VALUES(7,'Quạt','quat',NULL,1,'2025-10-31 07:23:27','https://cdnv2.tgdd.vn/mwg-static/dmx/Common/8c/1b/8c1b71a6a8fc062456825e6483b26e6b.png',11);
INSERT INTO Categories VALUES(8,'Máy lọc nước','may-loc-nuoc',NULL,1,'2025-10-31 07:23:27','https://cdnv2.tgdd.vn/mwg-static/common/Common/ff/40/ff40b05375a001ea1f246cfd81fcbd12.png',6);
INSERT INTO Categories VALUES(10,'Tủ đông','tu-dong','',0,'2025-10-31 07:23:27','https://cdnv2.tgdd.vn/mwg-static/dmx/Common/5f/fc/5ffc124606fecac8c77bceb28b9c5c05.png',11);
INSERT INTO Categories VALUES(11,'Hút ẩm - Lọc không khí','hut-am-loc-khong-khi','',1,'2025-10-31 07:23:27','https://cdnv2.tgdd.vn/mwg-static/dmx/Common/04/2e/042e6d1427540a418b516a9576e79b20.png',7);
INSERT INTO Categories VALUES(12,'Máy sấy','may-say',NULL,1,'2025-10-31 07:23:27','https://dienmay88.vn/wp-content/uploads/2024/09/may-say-thong-hoi-electrolux-9-kg-edv904n3sc-1.jpg',2);
CREATE TABLE IF NOT EXISTS "News" (
    "Id" INTEGER NOT NULL CONSTRAINT "PK_News" PRIMARY KEY AUTOINCREMENT,
    "Title" TEXT NOT NULL,
    "Slug" TEXT NOT NULL,
    "Content" TEXT NOT NULL,
    "Image" TEXT NOT NULL,
    "IsActive" INTEGER NOT NULL,
    "CreatedAt" TEXT NOT NULL DEFAULT (datetime('now'))
);
CREATE TABLE IF NOT EXISTS "ProductSpecs" (
    "Id" INTEGER NOT NULL CONSTRAINT "PK_ProductSpecs" PRIMARY KEY AUTOINCREMENT,
    "ProductId" INTEGER NOT NULL,
    "SpecName" TEXT NOT NULL,
    "SpecValue" TEXT NOT NULL,
    "CreatedAt" TEXT NOT NULL DEFAULT (datetime('now')),
    CONSTRAINT "FK_ProductSpecs_Products_ProductId" FOREIGN KEY ("ProductId") REFERENCES "Products" ("Id") ON DELETE CASCADE
);
CREATE TABLE IF NOT EXISTS "BrandCategories" (
    "Id" INTEGER NOT NULL CONSTRAINT "PK_BrandCategories" PRIMARY KEY AUTOINCREMENT,
    "BrandId" INTEGER NOT NULL,
    "CategoryId" INTEGER NOT NULL,
    CONSTRAINT "FK_BrandCategories_Brands_BrandId" FOREIGN KEY ("BrandId") REFERENCES "Brands" ("Id") ON DELETE CASCADE,
    CONSTRAINT "FK_BrandCategories_Categories_CategoryId" FOREIGN KEY ("CategoryId") REFERENCES "Categories" ("Id") ON DELETE CASCADE
);
INSERT INTO BrandCategories VALUES(1,1,3);
INSERT INTO BrandCategories VALUES(2,3,3);
INSERT INTO BrandCategories VALUES(3,2,3);
INSERT INTO BrandCategories VALUES(4,4,3);
INSERT INTO BrandCategories VALUES(5,13,3);
INSERT INTO BrandCategories VALUES(6,12,3);
INSERT INTO BrandCategories VALUES(7,11,3);
INSERT INTO BrandCategories VALUES(8,1,1);
INSERT INTO BrandCategories VALUES(9,3,1);
INSERT INTO BrandCategories VALUES(10,2,1);
INSERT INTO BrandCategories VALUES(11,9,1);
INSERT INTO BrandCategories VALUES(12,1,2);
INSERT INTO BrandCategories VALUES(13,3,2);
INSERT INTO BrandCategories VALUES(14,2,2);
INSERT INTO BrandCategories VALUES(15,4,2);
INSERT INTO BrandCategories VALUES(16,10,2);
INSERT INTO BrandCategories VALUES(17,8,4);
INSERT INTO BrandCategories VALUES(18,7,4);
INSERT INTO BrandCategories VALUES(19,6,4);
INSERT INTO BrandCategories VALUES(20,4,4);
INSERT INTO BrandCategories VALUES(21,3,4);
INSERT INTO BrandCategories VALUES(22,5,4);
INSERT INTO BrandCategories VALUES(23,17,8);
INSERT INTO BrandCategories VALUES(27,15,5);
INSERT INTO BrandCategories VALUES(28,14,5);
INSERT INTO BrandCategories VALUES(29,21,6);
INSERT INTO BrandCategories VALUES(30,20,6);
INSERT INTO BrandCategories VALUES(31,18,6);
INSERT INTO BrandCategories VALUES(32,19,6);
INSERT INTO BrandCategories VALUES(33,16,6);
INSERT INTO BrandCategories VALUES(34,13,12);
INSERT INTO BrandCategories VALUES(35,3,12);
INSERT INTO BrandCategories VALUES(36,1,12);
INSERT INTO BrandCategories VALUES(37,22,4);
INSERT INTO BrandCategories VALUES(38,23,4);
INSERT INTO BrandCategories VALUES(39,24,5);
INSERT INTO BrandCategories VALUES(40,4,11);
INSERT INTO BrandCategories VALUES(41,25,11);
INSERT INTO BrandCategories VALUES(42,5,11);
INSERT INTO BrandCategories VALUES(43,3,11);
INSERT INTO BrandCategories VALUES(44,11,11);
CREATE TABLE IF NOT EXISTS "ProductImages" (
    "Id" INTEGER NOT NULL CONSTRAINT "PK_ProductImages" PRIMARY KEY AUTOINCREMENT,
    "ImageUrl" TEXT NOT NULL,
    "AltText" TEXT NULL,
    "SortOrder" INTEGER NOT NULL,
    "ProductId" INTEGER NOT NULL,
    CONSTRAINT "FK_ProductImages_Products_ProductId" FOREIGN KEY ("ProductId") REFERENCES "Products" ("Id") ON DELETE CASCADE
);
CREATE TABLE IF NOT EXISTS "AttributeDefinitions" (
    "Id" INTEGER NOT NULL CONSTRAINT "PK_AttributeDefinitions" PRIMARY KEY AUTOINCREMENT,
    "CategoryId" INTEGER NOT NULL,
    "DataType" TEXT NOT NULL,
    "DisplayName" TEXT NOT NULL,
    "DisplayOrder" INTEGER NOT NULL,
    "Name" TEXT NOT NULL,
    CONSTRAINT "FK_AttributeDefinitions_Categories_CategoryId" FOREIGN KEY ("CategoryId") REFERENCES "Categories" ("Id") ON DELETE CASCADE
);
INSERT INTO AttributeDefinitions VALUES(1,3,'Option','Loại máy giặt',1,'LoaiMayGiat');
INSERT INTO AttributeDefinitions VALUES(2,3,'Option','Khối lượng giặt',2,'KhoiLuongGiat');
INSERT INTO AttributeDefinitions VALUES(4,2,'String','Dung tích tủ',4,'DungTich');
INSERT INTO AttributeDefinitions VALUES(5,2,'Option','Kiểu Tủ',5,'KieuTu');
INSERT INTO AttributeDefinitions VALUES(6,1,'Option','Kích cỡ màn hình',6,'KichCoManHinh');
INSERT INTO AttributeDefinitions VALUES(17,12,'Option','Loại máy sấy',1,'LoaiMaySay');
INSERT INTO AttributeDefinitions VALUES(18,5,'Option','Dung tích',1,'DungTich');
INSERT INTO AttributeDefinitions VALUES(19,5,'Option','Loại Bình Nóng Lạnh',1,'LoaiBinhNongLanh');
INSERT INTO AttributeDefinitions VALUES(20,11,'Option','Loại hút - lọc',1,'LoaiMayHutAm');
INSERT INTO AttributeDefinitions VALUES(21,4,'Option','Loại điều hòa',1,'LoaiDieuHoa');
INSERT INTO AttributeDefinitions VALUES(22,4,'Option','Công suất ĐH',1,'CongSuatDieuHoa');
CREATE TABLE IF NOT EXISTS "AttributeOptions" (
    "Id" INTEGER NOT NULL CONSTRAINT "PK_AttributeOptions" PRIMARY KEY AUTOINCREMENT,
    "AttributeDefinitionId" INTEGER NOT NULL,
    "DisplayOrder" INTEGER NOT NULL,
    "Label" TEXT NOT NULL,
    "ValueKey" TEXT NOT NULL,
    CONSTRAINT "FK_AttributeOptions_AttributeDefinitions_AttributeDefinitionId" FOREIGN KEY ("AttributeDefinitionId") REFERENCES "AttributeDefinitions" ("Id") ON DELETE CASCADE
);
INSERT INTO AttributeOptions VALUES(1,1,1,'Cửa trên','tren');
INSERT INTO AttributeOptions VALUES(2,1,2,'Cửa ngang','ngang');
INSERT INTO AttributeOptions VALUES(3,1,3,'Máy giặt sấy','giatsay');
INSERT INTO AttributeOptions VALUES(4,2,4,'8Kg','8');
INSERT INTO AttributeOptions VALUES(5,2,5,'9Kg','9');
INSERT INTO AttributeOptions VALUES(6,2,6,'10Kg','10');
INSERT INTO AttributeOptions VALUES(7,2,7,'11Kg','11');
INSERT INTO AttributeOptions VALUES(10,5,9,'Mini','mini');
INSERT INTO AttributeOptions VALUES(11,5,10,'Side by Side','sidebyside');
INSERT INTO AttributeOptions VALUES(12,5,11,'Tủ nhiều cửa','tunhieucua');
INSERT INTO AttributeOptions VALUES(13,5,12,'Ngăn đá dưới','ngandaduoi');
INSERT INTO AttributeOptions VALUES(14,5,13,'Ngăn đá trên','ngandatren');
INSERT INTO AttributeOptions VALUES(15,6,14,'32 inch','32');
INSERT INTO AttributeOptions VALUES(16,6,15,'40 inch','40');
INSERT INTO AttributeOptions VALUES(17,6,16,'43 inch','43');
INSERT INTO AttributeOptions VALUES(18,6,17,'50 inch','50');
INSERT INTO AttributeOptions VALUES(19,6,18,'55 inch','55');
INSERT INTO AttributeOptions VALUES(20,6,19,'58 inch','58');
INSERT INTO AttributeOptions VALUES(21,6,20,'60 inch','60');
INSERT INTO AttributeOptions VALUES(22,6,21,'65 inch','65');
INSERT INTO AttributeOptions VALUES(23,6,22,'70 inch','70');
INSERT INTO AttributeOptions VALUES(24,6,23,'75 inch','75');
INSERT INTO AttributeOptions VALUES(28,2,27,'12Kg','12');
INSERT INTO AttributeOptions VALUES(29,17,28,'Thông hơi','thong_hoi');
INSERT INTO AttributeOptions VALUES(30,17,29,'Bơm nhiệt','bom_nhiet');
INSERT INTO AttributeOptions VALUES(31,18,30,'15 lít','15');
INSERT INTO AttributeOptions VALUES(33,18,32,'20 lít','20');
INSERT INTO AttributeOptions VALUES(34,18,33,'30 lít','30');
INSERT INTO AttributeOptions VALUES(35,19,34,'Ngang','ngang');
INSERT INTO AttributeOptions VALUES(36,19,35,'Vuông','vuong');
INSERT INTO AttributeOptions VALUES(37,20,36,'Hút ẩm','hut');
INSERT INTO AttributeOptions VALUES(38,20,37,'Lọc không khí','loc');
INSERT INTO AttributeOptions VALUES(39,20,38,'Hút ẩm kèm lọc không khí','loc_loc');
INSERT INTO AttributeOptions VALUES(40,21,39,'1 Chiều - chỉ làm lạnh','1chieu');
INSERT INTO AttributeOptions VALUES(41,21,40,'2 Chiều - có sưởi ấm','2chieu');
INSERT INTO AttributeOptions VALUES(42,4,36,'Nhỏ hơn 200l','<200l');
INSERT INTO AttributeOptions VALUES(43,4,37,'Từ 200L - 300L','200-300');
INSERT INTO AttributeOptions VALUES(44,4,38,'Từ 300L - 400L','300-400');
INSERT INTO AttributeOptions VALUES(45,4,39,'Từ 400L - 500L','400-500');
INSERT INTO AttributeOptions VALUES(46,4,40,'Từ 500L - 600L','500-600');
INSERT INTO AttributeOptions VALUES(47,4,41,'Lơn hơn 600L','>600');
INSERT INTO AttributeOptions VALUES(48,22,42,'9000BTU','9000');
INSERT INTO AttributeOptions VALUES(49,22,43,'12000BTU','12000');
INSERT INTO AttributeOptions VALUES(50,22,44,'18000BTU','18000');
INSERT INTO AttributeOptions VALUES(51,22,45,'24000BTU','24000');
INSERT INTO AttributeOptions VALUES(52,2,46,'8.5Kg','8.5');
INSERT INTO AttributeOptions VALUES(53,2,47,'9.5Kg','9.5');
INSERT INTO AttributeOptions VALUES(54,2,48,'10.5Kg','10.5');
INSERT INTO AttributeOptions VALUES(55,2,49,'11.5Kg','11.5');
CREATE TABLE IF NOT EXISTS "ProductAttributeOptions" (
    "Id" INTEGER NOT NULL CONSTRAINT "PK_ProductAttributeOptions" PRIMARY KEY AUTOINCREMENT,
    "AttributeOptionId" INTEGER NOT NULL,
    "ProductId" INTEGER NOT NULL,
    CONSTRAINT "FK_ProductAttributeOptions_AttributeOptions_AttributeOptionId" FOREIGN KEY ("AttributeOptionId") REFERENCES "AttributeOptions" ("Id") ON DELETE CASCADE,
    CONSTRAINT "FK_ProductAttributeOptions_Products_ProductId" FOREIGN KEY ("ProductId") REFERENCES "Products" ("Id") ON DELETE CASCADE
);
INSERT INTO ProductAttributeOptions VALUES(48,11,53);
INSERT INTO ProductAttributeOptions VALUES(49,11,106);
INSERT INTO ProductAttributeOptions VALUES(54,12,124);
INSERT INTO ProductAttributeOptions VALUES(55,12,123);
INSERT INTO ProductAttributeOptions VALUES(56,12,122);
INSERT INTO ProductAttributeOptions VALUES(57,12,121);
INSERT INTO ProductAttributeOptions VALUES(58,12,120);
INSERT INTO ProductAttributeOptions VALUES(59,12,107);
INSERT INTO ProductAttributeOptions VALUES(60,12,105);
INSERT INTO ProductAttributeOptions VALUES(61,12,104);
INSERT INTO ProductAttributeOptions VALUES(62,12,103);
INSERT INTO ProductAttributeOptions VALUES(63,12,102);
INSERT INTO ProductAttributeOptions VALUES(64,12,101);
INSERT INTO ProductAttributeOptions VALUES(65,12,56);
INSERT INTO ProductAttributeOptions VALUES(66,12,55);
INSERT INTO ProductAttributeOptions VALUES(67,12,46);
INSERT INTO ProductAttributeOptions VALUES(69,13,118);
INSERT INTO ProductAttributeOptions VALUES(70,13,113);
INSERT INTO ProductAttributeOptions VALUES(71,13,111);
INSERT INTO ProductAttributeOptions VALUES(72,13,110);
INSERT INTO ProductAttributeOptions VALUES(73,13,112);
INSERT INTO ProductAttributeOptions VALUES(74,13,114);
INSERT INTO ProductAttributeOptions VALUES(75,13,109);
INSERT INTO ProductAttributeOptions VALUES(76,11,45);
INSERT INTO ProductAttributeOptions VALUES(77,13,117);
INSERT INTO ProductAttributeOptions VALUES(78,13,116);
INSERT INTO ProductAttributeOptions VALUES(79,13,115);
INSERT INTO ProductAttributeOptions VALUES(80,13,119);
INSERT INTO ProductAttributeOptions VALUES(81,12,38);
INSERT INTO ProductAttributeOptions VALUES(82,12,37);
INSERT INTO ProductAttributeOptions VALUES(83,12,36);
INSERT INTO ProductAttributeOptions VALUES(84,12,35);
INSERT INTO ProductAttributeOptions VALUES(85,11,54);
INSERT INTO ProductAttributeOptions VALUES(86,14,52);
INSERT INTO ProductAttributeOptions VALUES(87,14,47);
INSERT INTO ProductAttributeOptions VALUES(88,14,48);
INSERT INTO ProductAttributeOptions VALUES(89,14,49);
INSERT INTO ProductAttributeOptions VALUES(90,14,50);
INSERT INTO ProductAttributeOptions VALUES(91,14,51);
INSERT INTO ProductAttributeOptions VALUES(92,14,42);
INSERT INTO ProductAttributeOptions VALUES(93,14,43);
INSERT INTO ProductAttributeOptions VALUES(94,14,44);
INSERT INTO ProductAttributeOptions VALUES(95,14,39);
INSERT INTO ProductAttributeOptions VALUES(96,14,40);
INSERT INTO ProductAttributeOptions VALUES(97,14,41);
INSERT INTO ProductAttributeOptions VALUES(98,14,100);
INSERT INTO ProductAttributeOptions VALUES(99,14,99);
INSERT INTO ProductAttributeOptions VALUES(100,14,98);
INSERT INTO ProductAttributeOptions VALUES(101,14,96);
INSERT INTO ProductAttributeOptions VALUES(102,14,97);
INSERT INTO ProductAttributeOptions VALUES(104,14,108);
INSERT INTO ProductAttributeOptions VALUES(105,17,59);
INSERT INTO ProductAttributeOptions VALUES(106,17,92);
INSERT INTO ProductAttributeOptions VALUES(107,17,87);
INSERT INTO ProductAttributeOptions VALUES(108,17,85);
INSERT INTO ProductAttributeOptions VALUES(109,17,86);
INSERT INTO ProductAttributeOptions VALUES(110,17,74);
INSERT INTO ProductAttributeOptions VALUES(111,18,73);
INSERT INTO ProductAttributeOptions VALUES(112,19,83);
INSERT INTO ProductAttributeOptions VALUES(113,19,82);
INSERT INTO ProductAttributeOptions VALUES(114,19,77);
INSERT INTO ProductAttributeOptions VALUES(115,19,75);
INSERT INTO ProductAttributeOptions VALUES(116,22,81);
INSERT INTO ProductAttributeOptions VALUES(117,22,78);
INSERT INTO ProductAttributeOptions VALUES(118,22,76);
INSERT INTO ProductAttributeOptions VALUES(119,23,80);
INSERT INTO ProductAttributeOptions VALUES(120,23,79);
INSERT INTO ProductAttributeOptions VALUES(121,19,91);
INSERT INTO ProductAttributeOptions VALUES(122,19,89);
INSERT INTO ProductAttributeOptions VALUES(123,18,88);
INSERT INTO ProductAttributeOptions VALUES(124,22,90);
INSERT INTO ProductAttributeOptions VALUES(125,22,71);
INSERT INTO ProductAttributeOptions VALUES(126,22,70);
INSERT INTO ProductAttributeOptions VALUES(127,22,69);
INSERT INTO ProductAttributeOptions VALUES(128,22,68);
INSERT INTO ProductAttributeOptions VALUES(129,22,64);
INSERT INTO ProductAttributeOptions VALUES(130,22,61);
INSERT INTO ProductAttributeOptions VALUES(131,22,58);
INSERT INTO ProductAttributeOptions VALUES(132,19,63);
INSERT INTO ProductAttributeOptions VALUES(133,19,67);
INSERT INTO ProductAttributeOptions VALUES(134,19,60);
INSERT INTO ProductAttributeOptions VALUES(135,18,57);
INSERT INTO ProductAttributeOptions VALUES(136,18,66);
INSERT INTO ProductAttributeOptions VALUES(137,24,84);
INSERT INTO ProductAttributeOptions VALUES(138,24,72);
INSERT INTO ProductAttributeOptions VALUES(139,24,62);
INSERT INTO ProductAttributeOptions VALUES(140,24,65);
INSERT INTO ProductAttributeOptions VALUES(141,19,93);
INSERT INTO ProductAttributeOptions VALUES(142,22,94);
INSERT INTO ProductAttributeOptions VALUES(143,24,95);
INSERT INTO ProductAttributeOptions VALUES(482,1,148);
INSERT INTO ProductAttributeOptions VALUES(483,1,149);
INSERT INTO ProductAttributeOptions VALUES(484,1,150);
INSERT INTO ProductAttributeOptions VALUES(485,2,179);
INSERT INTO ProductAttributeOptions VALUES(486,2,174);
INSERT INTO ProductAttributeOptions VALUES(487,2,173);
INSERT INTO ProductAttributeOptions VALUES(490,2,176);
INSERT INTO ProductAttributeOptions VALUES(491,2,175);
INSERT INTO ProductAttributeOptions VALUES(492,2,172);
INSERT INTO ProductAttributeOptions VALUES(493,2,171);
INSERT INTO ProductAttributeOptions VALUES(494,2,170);
INSERT INTO ProductAttributeOptions VALUES(495,2,169);
INSERT INTO ProductAttributeOptions VALUES(496,2,168);
INSERT INTO ProductAttributeOptions VALUES(497,1,143);
INSERT INTO ProductAttributeOptions VALUES(498,1,144);
INSERT INTO ProductAttributeOptions VALUES(499,1,145);
INSERT INTO ProductAttributeOptions VALUES(500,1,142);
INSERT INTO ProductAttributeOptions VALUES(501,1,146);
INSERT INTO ProductAttributeOptions VALUES(502,1,147);
INSERT INTO ProductAttributeOptions VALUES(503,1,137);
INSERT INTO ProductAttributeOptions VALUES(504,1,138);
INSERT INTO ProductAttributeOptions VALUES(505,1,139);
INSERT INTO ProductAttributeOptions VALUES(506,1,140);
INSERT INTO ProductAttributeOptions VALUES(507,1,136);
INSERT INTO ProductAttributeOptions VALUES(508,1,141);
INSERT INTO ProductAttributeOptions VALUES(509,2,164);
INSERT INTO ProductAttributeOptions VALUES(510,2,165);
INSERT INTO ProductAttributeOptions VALUES(511,2,166);
INSERT INTO ProductAttributeOptions VALUES(512,3,167);
INSERT INTO ProductAttributeOptions VALUES(513,3,163);
INSERT INTO ProductAttributeOptions VALUES(514,3,162);
INSERT INTO ProductAttributeOptions VALUES(515,3,161);
INSERT INTO ProductAttributeOptions VALUES(516,3,160);
INSERT INTO ProductAttributeOptions VALUES(517,3,159);
INSERT INTO ProductAttributeOptions VALUES(518,2,158);
INSERT INTO ProductAttributeOptions VALUES(519,2,157);
INSERT INTO ProductAttributeOptions VALUES(520,2,156);
INSERT INTO ProductAttributeOptions VALUES(521,2,155);
INSERT INTO ProductAttributeOptions VALUES(522,2,154);
INSERT INTO ProductAttributeOptions VALUES(523,2,153);
INSERT INTO ProductAttributeOptions VALUES(524,2,152);
INSERT INTO ProductAttributeOptions VALUES(525,1,130);
INSERT INTO ProductAttributeOptions VALUES(526,1,131);
INSERT INTO ProductAttributeOptions VALUES(527,1,132);
INSERT INTO ProductAttributeOptions VALUES(528,1,135);
INSERT INTO ProductAttributeOptions VALUES(529,1,134);
INSERT INTO ProductAttributeOptions VALUES(530,1,133);
INSERT INTO ProductAttributeOptions VALUES(531,1,129);
INSERT INTO ProductAttributeOptions VALUES(532,1,128);
INSERT INTO ProductAttributeOptions VALUES(533,1,127);
INSERT INTO ProductAttributeOptions VALUES(534,1,126);
INSERT INTO ProductAttributeOptions VALUES(535,1,125);
INSERT INTO ProductAttributeOptions VALUES(536,2,187);
INSERT INTO ProductAttributeOptions VALUES(537,2,186);
INSERT INTO ProductAttributeOptions VALUES(538,2,185);
INSERT INTO ProductAttributeOptions VALUES(539,2,184);
INSERT INTO ProductAttributeOptions VALUES(540,2,183);
INSERT INTO ProductAttributeOptions VALUES(541,3,178);
INSERT INTO ProductAttributeOptions VALUES(542,3,177);
INSERT INTO ProductAttributeOptions VALUES(543,35,284);
INSERT INTO ProductAttributeOptions VALUES(544,35,283);
INSERT INTO ProductAttributeOptions VALUES(545,35,278);
INSERT INTO ProductAttributeOptions VALUES(546,35,277);
INSERT INTO ProductAttributeOptions VALUES(547,35,276);
INSERT INTO ProductAttributeOptions VALUES(548,35,271);
INSERT INTO ProductAttributeOptions VALUES(549,35,275);
INSERT INTO ProductAttributeOptions VALUES(550,36,272);
INSERT INTO ProductAttributeOptions VALUES(551,36,273);
INSERT INTO ProductAttributeOptions VALUES(552,36,274);
INSERT INTO ProductAttributeOptions VALUES(553,36,270);
INSERT INTO ProductAttributeOptions VALUES(555,35,280);
INSERT INTO ProductAttributeOptions VALUES(556,35,279);
INSERT INTO ProductAttributeOptions VALUES(557,35,281);
INSERT INTO ProductAttributeOptions VALUES(558,35,282);
INSERT INTO ProductAttributeOptions VALUES(559,31,273);
INSERT INTO ProductAttributeOptions VALUES(560,31,270);
INSERT INTO ProductAttributeOptions VALUES(561,33,283);
INSERT INTO ProductAttributeOptions VALUES(562,33,277);
INSERT INTO ProductAttributeOptions VALUES(563,33,275);
INSERT INTO ProductAttributeOptions VALUES(564,33,271);
INSERT INTO ProductAttributeOptions VALUES(565,34,284);
INSERT INTO ProductAttributeOptions VALUES(566,34,278);
INSERT INTO ProductAttributeOptions VALUES(567,34,276);
INSERT INTO ProductAttributeOptions VALUES(568,34,274);
INSERT INTO ProductAttributeOptions VALUES(569,34,272);
INSERT INTO ProductAttributeOptions VALUES(570,34,279);
INSERT INTO ProductAttributeOptions VALUES(571,33,280);
INSERT INTO ProductAttributeOptions VALUES(572,33,281);
INSERT INTO ProductAttributeOptions VALUES(573,34,282);
INSERT INTO ProductAttributeOptions VALUES(574,40,199);
INSERT INTO ProductAttributeOptions VALUES(575,40,200);
INSERT INTO ProductAttributeOptions VALUES(576,40,201);
INSERT INTO ProductAttributeOptions VALUES(577,40,202);
INSERT INTO ProductAttributeOptions VALUES(578,40,203);
INSERT INTO ProductAttributeOptions VALUES(579,40,204);
INSERT INTO ProductAttributeOptions VALUES(580,40,205);
INSERT INTO ProductAttributeOptions VALUES(581,40,206);
INSERT INTO ProductAttributeOptions VALUES(582,40,207);
INSERT INTO ProductAttributeOptions VALUES(583,40,208);
INSERT INTO ProductAttributeOptions VALUES(584,41,209);
INSERT INTO ProductAttributeOptions VALUES(585,41,210);
INSERT INTO ProductAttributeOptions VALUES(586,41,211);
INSERT INTO ProductAttributeOptions VALUES(587,41,236);
INSERT INTO ProductAttributeOptions VALUES(588,41,235);
INSERT INTO ProductAttributeOptions VALUES(589,41,234);
INSERT INTO ProductAttributeOptions VALUES(590,41,233);
INSERT INTO ProductAttributeOptions VALUES(591,40,232);
INSERT INTO ProductAttributeOptions VALUES(592,40,230);
INSERT INTO ProductAttributeOptions VALUES(593,40,231);
INSERT INTO ProductAttributeOptions VALUES(594,40,229);
INSERT INTO ProductAttributeOptions VALUES(595,40,214);
INSERT INTO ProductAttributeOptions VALUES(596,40,215);
INSERT INTO ProductAttributeOptions VALUES(597,40,213);
INSERT INTO ProductAttributeOptions VALUES(598,40,212);
INSERT INTO ProductAttributeOptions VALUES(599,40,216);
INSERT INTO ProductAttributeOptions VALUES(600,41,218);
INSERT INTO ProductAttributeOptions VALUES(601,41,219);
INSERT INTO ProductAttributeOptions VALUES(602,41,220);
INSERT INTO ProductAttributeOptions VALUES(603,41,217);
INSERT INTO ProductAttributeOptions VALUES(604,40,241);
INSERT INTO ProductAttributeOptions VALUES(605,40,240);
INSERT INTO ProductAttributeOptions VALUES(606,40,239);
INSERT INTO ProductAttributeOptions VALUES(607,40,238);
INSERT INTO ProductAttributeOptions VALUES(608,40,237);
INSERT INTO ProductAttributeOptions VALUES(609,40,242);
INSERT INTO ProductAttributeOptions VALUES(610,40,221);
INSERT INTO ProductAttributeOptions VALUES(611,40,222);
INSERT INTO ProductAttributeOptions VALUES(612,40,223);
INSERT INTO ProductAttributeOptions VALUES(613,40,224);
INSERT INTO ProductAttributeOptions VALUES(614,40,225);
INSERT INTO ProductAttributeOptions VALUES(615,41,226);
INSERT INTO ProductAttributeOptions VALUES(616,41,227);
INSERT INTO ProductAttributeOptions VALUES(617,41,228);
INSERT INTO ProductAttributeOptions VALUES(618,40,250);
INSERT INTO ProductAttributeOptions VALUES(619,40,251);
INSERT INTO ProductAttributeOptions VALUES(620,40,254);
INSERT INTO ProductAttributeOptions VALUES(621,40,253);
INSERT INTO ProductAttributeOptions VALUES(622,40,252);
INSERT INTO ProductAttributeOptions VALUES(623,40,255);
INSERT INTO ProductAttributeOptions VALUES(624,40,256);
INSERT INTO ProductAttributeOptions VALUES(625,40,243);
INSERT INTO ProductAttributeOptions VALUES(626,40,244);
INSERT INTO ProductAttributeOptions VALUES(627,41,246);
INSERT INTO ProductAttributeOptions VALUES(628,41,247);
INSERT INTO ProductAttributeOptions VALUES(629,41,248);
INSERT INTO ProductAttributeOptions VALUES(630,41,249);
INSERT INTO ProductAttributeOptions VALUES(631,48,243);
INSERT INTO ProductAttributeOptions VALUES(632,48,246);
INSERT INTO ProductAttributeOptions VALUES(633,49,247);
INSERT INTO ProductAttributeOptions VALUES(634,49,244);
INSERT INTO ProductAttributeOptions VALUES(635,50,245);
INSERT INTO ProductAttributeOptions VALUES(636,50,248);
INSERT INTO ProductAttributeOptions VALUES(637,50,249);
INSERT INTO ProductAttributeOptions VALUES(638,50,255);
INSERT INTO ProductAttributeOptions VALUES(639,50,252);
INSERT INTO ProductAttributeOptions VALUES(640,51,256);
INSERT INTO ProductAttributeOptions VALUES(641,49,254);
INSERT INTO ProductAttributeOptions VALUES(642,49,251);
INSERT INTO ProductAttributeOptions VALUES(643,48,253);
INSERT INTO ProductAttributeOptions VALUES(644,48,250);
INSERT INTO ProductAttributeOptions VALUES(645,48,221);
INSERT INTO ProductAttributeOptions VALUES(646,48,240);
INSERT INTO ProductAttributeOptions VALUES(647,48,237);
INSERT INTO ProductAttributeOptions VALUES(648,49,241);
INSERT INTO ProductAttributeOptions VALUES(649,50,242);
INSERT INTO ProductAttributeOptions VALUES(650,51,239);
INSERT INTO ProductAttributeOptions VALUES(651,49,238);
INSERT INTO ProductAttributeOptions VALUES(652,49,213);
INSERT INTO ProductAttributeOptions VALUES(653,49,215);
INSERT INTO ProductAttributeOptions VALUES(654,49,220);
INSERT INTO ProductAttributeOptions VALUES(655,49,218);
INSERT INTO ProductAttributeOptions VALUES(656,48,219);
INSERT INTO ProductAttributeOptions VALUES(657,48,217);
INSERT INTO ProductAttributeOptions VALUES(658,48,212);
INSERT INTO ProductAttributeOptions VALUES(659,48,214);
INSERT INTO ProductAttributeOptions VALUES(660,50,216);
INSERT INTO ProductAttributeOptions VALUES(661,50,236);
INSERT INTO ProductAttributeOptions VALUES(662,50,231);
INSERT INTO ProductAttributeOptions VALUES(663,51,232);
INSERT INTO ProductAttributeOptions VALUES(664,48,229);
INSERT INTO ProductAttributeOptions VALUES(665,48,234);
INSERT INTO ProductAttributeOptions VALUES(666,48,233);
INSERT INTO ProductAttributeOptions VALUES(667,49,235);
INSERT INTO ProductAttributeOptions VALUES(668,49,230);
INSERT INTO ProductAttributeOptions VALUES(669,48,199);
INSERT INTO ProductAttributeOptions VALUES(670,48,203);
INSERT INTO ProductAttributeOptions VALUES(671,48,207);
INSERT INTO ProductAttributeOptions VALUES(672,48,209);
INSERT INTO ProductAttributeOptions VALUES(673,49,210);
INSERT INTO ProductAttributeOptions VALUES(674,49,208);
INSERT INTO ProductAttributeOptions VALUES(675,49,206);
INSERT INTO ProductAttributeOptions VALUES(676,49,204);
INSERT INTO ProductAttributeOptions VALUES(677,49,200);
INSERT INTO ProductAttributeOptions VALUES(678,50,211);
INSERT INTO ProductAttributeOptions VALUES(679,50,205);
INSERT INTO ProductAttributeOptions VALUES(680,50,201);
INSERT INTO ProductAttributeOptions VALUES(681,51,202);
INSERT INTO ProductAttributeOptions VALUES(682,30,180);
INSERT INTO ProductAttributeOptions VALUES(683,30,181);
INSERT INTO ProductAttributeOptions VALUES(684,30,182);
INSERT INTO ProductAttributeOptions VALUES(685,30,198);
INSERT INTO ProductAttributeOptions VALUES(686,30,197);
INSERT INTO ProductAttributeOptions VALUES(687,30,196);
INSERT INTO ProductAttributeOptions VALUES(688,30,195);
INSERT INTO ProductAttributeOptions VALUES(689,30,194);
INSERT INTO ProductAttributeOptions VALUES(690,29,192);
INSERT INTO ProductAttributeOptions VALUES(691,29,191);
INSERT INTO ProductAttributeOptions VALUES(692,29,190);
INSERT INTO ProductAttributeOptions VALUES(693,29,189);
INSERT INTO ProductAttributeOptions VALUES(694,29,188);
INSERT INTO ProductAttributeOptions VALUES(695,43,39);
INSERT INTO ProductAttributeOptions VALUES(696,43,40);
INSERT INTO ProductAttributeOptions VALUES(697,43,41);
INSERT INTO ProductAttributeOptions VALUES(698,44,43);
INSERT INTO ProductAttributeOptions VALUES(699,44,42);
INSERT INTO ProductAttributeOptions VALUES(700,45,44);
INSERT INTO ProductAttributeOptions VALUES(701,45,46);
INSERT INTO ProductAttributeOptions VALUES(702,46,45);
INSERT INTO ProductAttributeOptions VALUES(703,46,56);
INSERT INTO ProductAttributeOptions VALUES(704,46,54);
INSERT INTO ProductAttributeOptions VALUES(705,46,53);
INSERT INTO ProductAttributeOptions VALUES(706,45,55);
INSERT INTO ProductAttributeOptions VALUES(707,44,51);
INSERT INTO ProductAttributeOptions VALUES(708,44,52);
INSERT INTO ProductAttributeOptions VALUES(709,43,50);
INSERT INTO ProductAttributeOptions VALUES(710,43,49);
INSERT INTO ProductAttributeOptions VALUES(711,42,47);
INSERT INTO ProductAttributeOptions VALUES(712,42,48);
INSERT INTO ProductAttributeOptions VALUES(713,43,108);
INSERT INTO ProductAttributeOptions VALUES(714,43,109);
INSERT INTO ProductAttributeOptions VALUES(715,44,110);
INSERT INTO ProductAttributeOptions VALUES(716,44,111);
INSERT INTO ProductAttributeOptions VALUES(717,44,112);
INSERT INTO ProductAttributeOptions VALUES(718,44,113);
INSERT INTO ProductAttributeOptions VALUES(719,44,117);
INSERT INTO ProductAttributeOptions VALUES(720,44,118);
INSERT INTO ProductAttributeOptions VALUES(721,44,119);
INSERT INTO ProductAttributeOptions VALUES(722,45,115);
INSERT INTO ProductAttributeOptions VALUES(723,45,114);
INSERT INTO ProductAttributeOptions VALUES(724,45,116);
INSERT INTO ProductAttributeOptions VALUES(725,46,121);
INSERT INTO ProductAttributeOptions VALUES(726,46,122);
INSERT INTO ProductAttributeOptions VALUES(727,46,123);
INSERT INTO ProductAttributeOptions VALUES(728,46,124);
INSERT INTO ProductAttributeOptions VALUES(729,45,120);
INSERT INTO ProductAttributeOptions VALUES(730,45,102);
INSERT INTO ProductAttributeOptions VALUES(731,45,101);
INSERT INTO ProductAttributeOptions VALUES(732,44,100);
INSERT INTO ProductAttributeOptions VALUES(733,44,99);
INSERT INTO ProductAttributeOptions VALUES(734,44,98);
INSERT INTO ProductAttributeOptions VALUES(735,44,97);
INSERT INTO ProductAttributeOptions VALUES(736,43,96);
INSERT INTO ProductAttributeOptions VALUES(737,46,105);
INSERT INTO ProductAttributeOptions VALUES(738,46,106);
INSERT INTO ProductAttributeOptions VALUES(739,46,107);
INSERT INTO ProductAttributeOptions VALUES(740,47,103);
INSERT INTO ProductAttributeOptions VALUES(741,47,104);
INSERT INTO ProductAttributeOptions VALUES(742,46,38);
INSERT INTO ProductAttributeOptions VALUES(743,46,37);
INSERT INTO ProductAttributeOptions VALUES(744,46,36);
INSERT INTO ProductAttributeOptions VALUES(745,46,35);
INSERT INTO ProductAttributeOptions VALUES(746,39,287);
INSERT INTO ProductAttributeOptions VALUES(747,39,286);
INSERT INTO ProductAttributeOptions VALUES(748,39,285);
INSERT INTO ProductAttributeOptions VALUES(749,38,288);
INSERT INTO ProductAttributeOptions VALUES(750,38,296);
INSERT INTO ProductAttributeOptions VALUES(751,38,295);
INSERT INTO ProductAttributeOptions VALUES(752,38,294);
INSERT INTO ProductAttributeOptions VALUES(753,38,293);
INSERT INTO ProductAttributeOptions VALUES(754,38,292);
INSERT INTO ProductAttributeOptions VALUES(755,38,291);
INSERT INTO ProductAttributeOptions VALUES(756,38,290);
INSERT INTO ProductAttributeOptions VALUES(757,39,301);
INSERT INTO ProductAttributeOptions VALUES(758,39,300);
INSERT INTO ProductAttributeOptions VALUES(759,39,299);
INSERT INTO ProductAttributeOptions VALUES(760,39,298);
INSERT INTO ProductAttributeOptions VALUES(761,39,297);
INSERT INTO ProductAttributeOptions VALUES(762,38,289);
CREATE TABLE IF NOT EXISTS "ProductAttributeValues" (
    "Id" INTEGER NOT NULL CONSTRAINT "PK_ProductAttributeValues" PRIMARY KEY AUTOINCREMENT,
    "AttributeDefinitionId" INTEGER NOT NULL,
    "DisplayOrder" INTEGER NULL,
    "ProductId" INTEGER NOT NULL,
    "ValueString" TEXT NOT NULL,
    CONSTRAINT "FK_ProductAttributeValues_AttributeDefinitions_AttributeDefinitionId" FOREIGN KEY ("AttributeDefinitionId") REFERENCES "AttributeDefinitions" ("Id") ON DELETE CASCADE,
    CONSTRAINT "FK_ProductAttributeValues_Products_ProductId" FOREIGN KEY ("ProductId") REFERENCES "Products" ("Id") ON DELETE CASCADE
);
CREATE TABLE IF NOT EXISTS "Warranties" (
    "Id" INTEGER NOT NULL CONSTRAINT "PK_Warranties" PRIMARY KEY AUTOINCREMENT,
    "CreatedAt" TEXT NOT NULL,
    "Description" TEXT NULL,
    "IndexShow" INTEGER NULL,
    "IsActive" INTEGER NOT NULL,
    "Name" TEXT NOT NULL,
    "PeriodMonths" INTEGER NOT NULL,
    "UpdatedAt" TEXT NOT NULL
);
INSERT INTO Warranties VALUES(9,'2025-11-17 06:09:30.322217','',1,1,'Bảo hành chính hãng 12 tháng tại nhà.',12,'2025-11-17 06:09:30.322237');
INSERT INTO Warranties VALUES(10,'2025-11-17 06:09:42.459322','',1,1,'Bảo hành chính hãng 18 tháng tại nhà.',18,'2025-11-17 06:09:42.459322');
INSERT INTO Warranties VALUES(11,'2025-11-17 06:09:50.051902','',1,1,'Bảo hành chính hãng 24 tháng tại nhà.',24,'2025-11-17 06:09:50.051902');
INSERT INTO Warranties VALUES(12,'2025-11-17 06:10:00.74698','',1,1,'Bảo hành chính hãng 36 tháng tại nhà.',36,'2025-11-17 06:10:00.74698');
CREATE TABLE IF NOT EXISTS "Products" (
    "Id" INTEGER NOT NULL CONSTRAINT "PK_Products" PRIMARY KEY AUTOINCREMENT,
    "BrandId" INTEGER NULL,
    "CategoryId" INTEGER NULL,
    "Code" TEXT NOT NULL,
    "CreatedAt" TEXT NOT NULL DEFAULT (datetime('now')),
    "Description" TEXT NULL,
    "Detail" TEXT NOT NULL,
    "DiscountPercent" INTEGER NULL,
    "DiscountPrice" REAL NULL,
    "Gallery" TEXT NOT NULL,
    "Image" TEXT NOT NULL,
    "IsActive" INTEGER NOT NULL,
    "Name" TEXT NOT NULL,
    "Price" TEXT NOT NULL,
    "Slug" TEXT NOT NULL,
    "WarrantyId" INTEGER NULL,
    CONSTRAINT "FK_Products_Brands_BrandId" FOREIGN KEY ("BrandId") REFERENCES "Brands" ("Id") ON DELETE RESTRICT,
    CONSTRAINT "FK_Products_Categories_CategoryId" FOREIGN KEY ("CategoryId") REFERENCES "Categories" ("Id") ON DELETE RESTRICT,
    CONSTRAINT "FK_Products_Warranties_WarrantyId" FOREIGN KEY ("WarrantyId") REFERENCES "Warranties" ("Id") ON DELETE SET NULL
);
INSERT INTO Products VALUES(35,10,2,'FW650PGV8(GBK)','2025-11-03 03:02:10','','',12,16400000.0,'https://cdn.tgdd.vn/Products/Images/1943/273309/Slider/hitachi-inverter-509-lit-r-fw650pgv8637885738754741279.jpg;https://cdn.tgdd.vn/Products/Images/1943/273309/Slider/hitachi-inverter-509-lit-r-fw650pgv8637885738756051245.jpg;https://cdn.tgdd.vn/Products/Images/1943/273309/Slider/hitachi-inverter-509-lit-r-fw650pgv8637885738757861076.jpg;https://cdn.tgdd.vn/Products/Images/1943/273309/Slider/hitachi-inverter-509-lit-r-fw650pgv8637885738758841021.jpg;https://cdn.tgdd.vn/Products/Images/1943/273309/Slider/hitachi-inverter-509-lit-r-fw650pgv8637885738759830952.jpg;https://cdn.tgdd.vn/Products/Images/1943/273309/Slider/hitachi-inverter-509-lit-r-fw650pgv8637885738760720919.jpg;https://cdn.tgdd.vn/Products/Images/1943/273309/Slider/120781-1020x570.jpg;https://cdn.tgdd.vn/Products/Images/1943/273309/hitachi-inverter-509-lit-r-fw650pgv8-1-700x467.jpg;https://cdn.tgdd.vn/Products/Images/1943/273309/hitachi-inverter-509-lit-r-fw650pgv8-3-1-700x467.jpg;https://cdn.tgdd.vn/Products/Images/1943/273309/hitachi-inverter-509-lit-r-fw650pgv8-2-1-700x467.jpg;https://cdn.tgdd.vn/Products/Images/1943/273309/hitachi-inverter-509-lit-r-fw650pgv8-4-1-700x467.jpg;https://cdn.tgdd.vn/Products/Images/1943/273309/hitachi-inverter-509-lit-r-fw650pgv8-5-1-700x467.jpg;https://cdn.tgdd.vn/Products/Images/1943/273309/hitachi-inverter-509-lit-r-fw650pgv8-6-1-700x467.jpg;https://cdn.tgdd.vn/Products/Images/1943/273309/hitachi-inverter-509-lit-r-fw650pgv8-7-1-700x467.jpg;https://cdn.tgdd.vn/Products/Images/1943/273309/hitachi-inverter-509-lit-r-fw650pgv8-8-1-700x467.jpg;https://cdn.tgdd.vn/Products/Images/1943/273309/hitachi-inverter-509-lit-r-fw650pgv8-9-1-700x467.jpg;https://cdn.tgdd.vn/Products/Images/1943/273309/hitachi-inverter-509-lit-r-fw650pgv8-10-1-700x467.jpg;https://cdn.tgdd.vn/Products/Images/1943/273309/hitachi-inverter-509-lit-r-fw650pgv8-11-1-700x467.jpg;https://cdn.tgdd.vn/Products/Images/1943/273309/hitachi-inverter-509-lit-r-fw650pgv8-12-1-700x467.jpg;https://cdn.tgdd.vn/Products/Images/1943/273309/hitachi-inverter-509-lit-r-fw650pgv8-13-1-700x467.jpg;https://cdn.tgdd.vn/Products/Images/1943/273309/hitachi-inverter-509-lit-r-fw650pgv8-14-1-700x467.jpg;https://cdn.tgdd.vn/Products/Images/1943/273309/hitachi-inverter-509-lit-r-fw650pgv8-15-1-700x467.jpg;https://cdn.tgdd.vn/Products/Images/1943/273309/hitachi-inverter-509-lit-r-fw650pgv8-16-700x467.jpg;https://cdn.tgdd.vn/Products/Images/1943/273309/hitachi-inverter-509-lit-r-fw650pgv8-17-700x467.jpg;https://cdn.tgdd.vn/Products/Images/1943/273309/hitachi-inverter-509-lit-r-fw650pgv8-19-700x467.jpg;https://cdn.tgdd.vn/Products/Images/1943/273309/hitachi-inverter-509-lit-r-fw650pgv8-18-700x467.jpg;https://cdn.tgdd.vn/Products/Images/1943/273309/hitachi-inverter-509-lit-r-fw650pgv8-15-700x467.jpg','https://bizweb.dktcdn.net/100/439/998/products/thiet-ke-chua-co-ten-21.png?v=1718438957393',1,'Tủ lạnh Hitachi Inverter 509L FW650PGV8(GBK)','18650000.0','tủ-lạnh-hitachi-inverter-509l-fw650pgv8(gbk)',11);
INSERT INTO Products VALUES(36,10,2,'R-FW690PGV7X GBK','2025-11-03 03:02:10','','',14,19200000.0,'https://dienmay88.vn/wp-content/uploads/2020/02/tu-lanh-hitachi-inverter-540-lit-r-fw690pgv7x-gbk-1.jpg;https://dienmay88.vn/wp-content/uploads/2020/02/tu-lanh-hitachi-inverter-540-lit-r-fw690pgv7x-gbk.jpg;https://dienmay88.vn/wp-content/uploads/2020/02/tu-lanh-hitachi-inverter-540-lit-r-fw690pgv7x-gbk-2.jpg;https://dienmay88.vn/wp-content/uploads/2020/02/tu-lanh-hitachi-inverter-540-lit-r-fw690pgv7x-gbk-3.jpg;https://dienmay88.vn/wp-content/uploads/2020/02/tu-lanh-hitachi-inverter-540-lit-r-fw690pgv7x-gbk-4.jpg;https://dienmay88.vn/wp-content/uploads/2020/02/tu-lanh-hitachi-inverter-540-lit-r-fw690pgv7x-gbk-8.jpg;https://dienmay88.vn/wp-content/uploads/2020/02/tu-lanh-hitachi-inverter-540-lit-r-fw690pgv7x-gbk-9.jpg;https://dienmay88.vn/wp-content/uploads/2020/02/tu-lanh-hitachi-inverter-540-lit-r-fw690pgv7x-gbk-10.jpg;https://dienmay88.vn/wp-content/uploads/2020/02/tu-lanh-hitachi-inverter-540-lit-r-fw690pgv7x-gbk-11.jpg;https://dienmay88.vn/wp-content/uploads/2020/02/tu-lanh-hitachi-inverter-540-lit-r-fw690pgv7x-gbk-12.jpg;https://dienmay88.vn/wp-content/uploads/2020/02/tu-lanh-hitachi-inverter-540-lit-r-fw690pgv7x-gbk-13.jpg;https://dienmay88.vn/wp-content/uploads/2020/02/tu-lanh-hitachi-inverter-540-lit-r-fw690pgv7x-gbk-16.jpg;https://dienmay88.vn/wp-content/uploads/2020/02/tu-lanh-hitachi-inverter-540-lit-r-fw690pgv7x-gbk-17.jpg','https://dienmay88.vn/wp-content/uploads/2020/02/tu-lanh-hitachi-inverter-540-lit-r-fw690pgv7x-gbk-1.jpg',1,'Tủ lạnh Hitachi Inverter 540 lít Multi Door R-FW690PGV7X GBK','22400000.0','tủ-lạnh-hitachi-inverter-540-lít-multi-door-r-fw690pgv7x-gbk',11);
INSERT INTO Products VALUES(37,10,2,'R-WB640PGV1 GCK','2025-11-03 06:56:37','','',11,23750000.0,'https://dienmay88.vn/wp-content/uploads/2022/02/tu-lanh-hitachi-inverter-569-lit-r-wb640pgv1-gck.jpg;https://dienmay88.vn/wp-content/uploads/2022/02/tu-lanh-hitachi-inverter-569-lit-r-wb640pgv1-gck-1.jpg;https://dienmay88.vn/wp-content/uploads/2022/02/tu-lanh-hitachi-inverter-569-lit-r-wb640pgv1-gck-2.jpg;https://dienmay88.vn/wp-content/uploads/2022/02/tu-lanh-hitachi-inverter-569-lit-r-wb640pgv1-gck-3.jpg','https://dienmay88.vn/wp-content/uploads/2022/02/tu-lanh-hitachi-inverter-569-lit-r-wb640pgv1-gck.jpg',1,'Tủ lạnh Hitachi Inverter 569 lít Multi Door R-WB640PGV1 GCK','26910000.0','tủ-lạnh-hitachi-inverter-569-lít-multi-door-r-wb640pgv1-gck',11);
INSERT INTO Products VALUES(38,10,2,'R-WB640VGV0 GBK','2025-11-03 06:56:37','','',5,29800000.0,'https://dienmay88.vn/wp-content/uploads/2020/10/tu-lanh-hitachi-inverter-569-lit-r-wb640vgv0-gbk.jpg;https://dienmay88.vn/wp-content/uploads/2020/10/tu-lanh-hitachi-inverter-569-lit-r-wb640vgv0-gbk-1.jpg;https://dienmay88.vn/wp-content/uploads/2020/10/tu-lanh-hitachi-inverter-569-lit-r-wb640vgv0-gbk-2.jpg;https://dienmay88.vn/wp-content/uploads/2020/10/tu-lanh-hitachi-inverter-569-lit-r-wb640vgv0-gbk-3.jpg;https://dienmay88.vn/wp-content/uploads/2020/10/tu-lanh-hitachi-inverter-569-lit-r-wb640vgv0-gbk-4.jpg','https://dienmay88.vn/wp-content/uploads/2020/10/tu-lanh-hitachi-inverter-569-lit-r-wb640vgv0-gbk.jpg',1,'Tủ lạnh Hitachi Inverter 569 lít Multi Door R-WB640VGV0 GBK','31410000.0','tủ-lạnh-hitachi-inverter-569-lít-multi-door-r-wb640vgv0-gbk',11);
INSERT INTO Products VALUES(39,1,2,'RT20HAR8DBU','2025-11-03 06:56:37','','',24,5120000.0,'https://dienmay88.vn/wp-content/uploads/2020/06/tu-lanh-samsung-inverter-208-lit-rt20har8dbu.jpg;https://dienmay88.vn/wp-content/uploads/2020/06/tu-lanh-samsung-inverter-208-lit-rt20har8dbu-1.jpg;https://dienmay88.vn/wp-content/uploads/2020/06/tu-lanh-samsung-inverter-208-lit-rt20har8dbu-2.jpg;https://dienmay88.vn/wp-content/uploads/2020/06/tu-lanh-samsung-inverter-208-lit-rt20har8dbu-4.jpg;https://dienmay88.vn/wp-content/uploads/2020/06/tu-lanh-samsung-inverter-208-lit-rt20har8dbu-5.jpg;https://dienmay88.vn/wp-content/uploads/2020/06/tu-lanh-samsung-inverter-208-lit-rt20har8dbu-6.jpg;https://dienmay88.vn/wp-content/uploads/2020/06/tu-lanh-samsung-inverter-208-lit-rt20har8dbu-7.jpg;https://dienmay88.vn/wp-content/uploads/2020/06/tu-lanh-samsung-inverter-208-lit-rt20har8dbu-10.jpg','https://dienmay88.vn/wp-content/uploads/2020/06/tu-lanh-samsung-inverter-208-lit-rt20har8dbu.jpg',1,'Tủ lạnh Samsung Inverter 208 lít RT20HAR8DBU/SV','6750000.0','tủ-lạnh-samsung-inverter-208-lít-rt20har8dbusv',11);
INSERT INTO Products VALUES(40,1,2,'RT22M4032BU','2025-11-03 06:56:37','','',33,5750000.0,'https://dienmay88.vn/wp-content/uploads/2020/06/tu-lanh-samsung-inverter-236-lit-rt22m4032bu.jpg;https://dienmay88.vn/wp-content/uploads/2020/06/tu-lanh-samsung-inverter-236-lit-rt22m4032bu-1.jpg;https://dienmay88.vn/wp-content/uploads/2020/06/tu-lanh-samsung-inverter-236-lit-rt22m4032bu-2.jpg;https://dienmay88.vn/wp-content/uploads/2020/06/tu-lanh-samsung-inverter-236-lit-rt22m4032bu-3.jpg;https://dienmay88.vn/wp-content/uploads/2020/06/tu-lanh-samsung-inverter-236-lit-rt22m4032bu-4.jpg;https://dienmay88.vn/wp-content/uploads/2020/06/tu-lanh-samsung-inverter-236-lit-rt22m4032bu-5.jpg;https://dienmay88.vn/wp-content/uploads/2020/06/tu-lanh-samsung-inverter-236-lit-rt22m4032bu-9.jpg;https://dienmay88.vn/wp-content/uploads/2020/06/tu-lanh-samsung-inverter-236-lit-rt22m4032bu-10.jpg;https://dienmay88.vn/wp-content/uploads/2020/06/tu-lanh-samsung-inverter-236-lit-rt22m4032bu-11.jpg;https://dienmay88.vn/wp-content/uploads/2020/06/tu-lanh-samsung-inverter-236-lit-rt22m4032bu-12.jpg','https://dienmay88.vn/wp-content/uploads/2020/06/tu-lanh-samsung-inverter-236-lit-rt22m4032bu.jpg',1,'Tủ lạnh Samsung Inverter 236 lít RT22M4032BU/SV','8700000.0','tủ-lạnh-samsung-inverter-236-lít-rt22m4032busv',11);
INSERT INTO Products VALUES(41,1,2,'RT25M4032BU/SV','2025-11-03 06:56:37','','',27,6100000.0,'https://dienmay88.vn/wp-content/uploads/2020/06/tu-lanh-samsung-inverter-256-lit-rt25m4032bu.jpg;https://dienmay88.vn/wp-content/uploads/2020/06/tu-lanh-samsung-inverter-256-lit-rt25m4032bu-1.jpg;https://dienmay88.vn/wp-content/uploads/2020/06/tu-lanh-samsung-inverter-256-lit-rt25m4032bu-2.jpg;https://dienmay88.vn/wp-content/uploads/2020/06/tu-lanh-samsung-inverter-256-lit-rt25m4032bu-3.jpg;https://dienmay88.vn/wp-content/uploads/2020/06/tu-lanh-samsung-inverter-256-lit-rt25m4032bu-9.jpg;https://dienmay88.vn/wp-content/uploads/2020/06/tu-lanh-samsung-inverter-256-lit-rt25m4032bu-10.jpg;https://dienmay88.vn/wp-content/uploads/2020/06/tu-lanh-samsung-inverter-256-lit-rt25m4032bu-11.jpg;https://dienmay88.vn/wp-content/uploads/2020/06/tu-lanh-samsung-inverter-256-lit-rt25m4032bu-12.jpg','https://dienmay88.vn/wp-content/uploads/2020/06/tu-lanh-samsung-inverter-256-lit-rt25m4032bu.jpg',1,'Tủ lạnh Samsung Inverter 256 lít RT25M4032BU/SV','8410000.0','tủ-lạnh-samsung-inverter-256-lít-rt25m4032busv',11);
INSERT INTO Products VALUES(42,1,2,'RT35CG5544B1SV','2025-11-03 06:56:37','','',21,8350000.0,'https://dienmay88.vn/wp-content/uploads/2023/06/tu-lanh-samsung-inverter-345-lit-rt35cg5544b1sv.png;https://dienmay88.vn/wp-content/uploads/2023/06/tu-lanh-samsung-inverter-345-lit-rt35cg5544b1sv-1.png;https://dienmay88.vn/wp-content/uploads/2023/06/tu-lanh-samsung-inverter-345-lit-rt35cg5544b1sv-2.png;https://dienmay88.vn/wp-content/uploads/2023/06/tu-lanh-samsung-inverter-345-lit-rt35cg5544b1sv-4.png;https://dienmay88.vn/wp-content/uploads/2023/06/tu-lanh-samsung-inverter-345-lit-rt35cg5544b1sv-7.png;https://dienmay88.vn/wp-content/uploads/2023/06/tu-lanh-samsung-inverter-345-lit-rt35cg5544b1sv-8.png;https://dienmay88.vn/wp-content/uploads/2023/06/tu-lanh-samsung-inverter-345-lit-rt35cg5544b1sv-9.png','https://dienmay88.vn/wp-content/uploads/2023/06/tu-lanh-samsung-inverter-345-lit-rt35cg5544b1sv.png',1,'Tủ lạnh Samsung Inverter 345 lít RT35CG5544B1SV','10610000.0','tủ-lạnh-samsung-inverter-345-lít-rt35cg5544b1sv',11);
INSERT INTO Products VALUES(43,1,2,'RT38CG6584B1SV','2025-11-03 06:56:37','','',17,9370000.0,'https://dienmay88.vn/wp-content/uploads/2023/06/tu-lanh-samsung-inverter-382-lit-rt38cg6584b1sv.png;https://dienmay88.vn/wp-content/uploads/2023/06/tu-lanh-samsung-inverter-382-lit-rt38cg6584b1sv-1.png;https://dienmay88.vn/wp-content/uploads/2023/06/tu-lanh-samsung-inverter-382-lit-rt38cg6584b1sv-2.png;https://dienmay88.vn/wp-content/uploads/2023/06/tu-lanh-samsung-inverter-382-lit-rt38cg6584b1sv-4.png;https://dienmay88.vn/wp-content/uploads/2023/06/tu-lanh-samsung-inverter-382-lit-rt38cg6584b1sv-6.png;https://dienmay88.vn/wp-content/uploads/2023/06/tu-lanh-samsung-inverter-382-lit-rt38cg6584b1sv-8.png;https://dienmay88.vn/wp-content/uploads/2023/06/tu-lanh-samsung-inverter-382-lit-rt38cg6584b1sv-9.png','https://dienmay88.vn/wp-content/uploads/2023/06/tu-lanh-samsung-inverter-382-lit-rt38cg6584b1sv.png',1,'Tủ lạnh Samsung Inverter 382 lít RT38CG6584B1SV','11330000.0','tủ-lạnh-samsung-inverter-382-lít-rt38cg6584b1sv',11);
INSERT INTO Products VALUES(44,1,2,'RT42CG6584B1SV','2025-11-03 06:56:37','','',19,9770000.0,'https://dienmay88.vn/wp-content/uploads/2023/06/tu-lanh-samsung-inverter-406-lit-rt42cg6584b1sv.png;https://dienmay88.vn/wp-content/uploads/2023/06/tu-lanh-samsung-inverter-406-lit-rt42cg6584b1sv-1.png;https://dienmay88.vn/wp-content/uploads/2023/06/tu-lanh-samsung-inverter-406-lit-rt42cg6584b1sv-2.png;https://dienmay88.vn/wp-content/uploads/2023/06/tu-lanh-samsung-inverter-406-lit-rt42cg6584b1sv-3.png;https://dienmay88.vn/wp-content/uploads/2023/06/tu-lanh-samsung-inverter-406-lit-rt42cg6584b1sv-4.png;https://dienmay88.vn/wp-content/uploads/2023/06/tu-lanh-samsung-inverter-406-lit-rt42cg6584b1sv-5.png;https://dienmay88.vn/wp-content/uploads/2023/06/tu-lanh-samsung-inverter-406-lit-rt42cg6584b1sv-6.png;https://dienmay88.vn/wp-content/uploads/2023/06/tu-lanh-samsung-inverter-406-lit-rt42cg6584b1sv-7.png;https://dienmay88.vn/wp-content/uploads/2023/06/tu-lanh-samsung-inverter-406-lit-rt42cg6584b1sv-8.png','https://dienmay88.vn/wp-content/uploads/2023/06/tu-lanh-samsung-inverter-406-lit-rt42cg6584b1sv.png',1,'Tủ lạnh Samsung Inverter 406 lít RT42CG6584B1SV','12170000.0','tủ-lạnh-samsung-inverter-406-lít-rt42cg6584b1sv',11);
INSERT INTO Products VALUES(45,1,2,'RS57DG400EM9SV','2025-11-03 06:56:37','','',11,11230000.0,'https://dienmay88.vn/wp-content/uploads/2024/09/tu-lanh-samsung-inverter-583-lit-rs57dg400em9sv-1.png;https://dienmay88.vn/wp-content/uploads/2024/09/tu-lanh-samsung-inverter-583-lit-rs57dg400em9sv-2.png;https://dienmay88.vn/wp-content/uploads/2024/09/tu-lanh-samsung-inverter-583-lit-rs57dg400em9sv-3.png;https://dienmay88.vn/wp-content/uploads/2024/09/tu-lanh-samsung-inverter-583-lit-rs57dg400em9sv-4.png;https://dienmay88.vn/wp-content/uploads/2024/09/tu-lanh-samsung-inverter-583-lit-rs57dg400em9sv-5.png;https://dienmay88.vn/wp-content/uploads/2024/09/tu-lanh-samsung-inverter-583-lit-rs57dg400em9sv-6.png;https://dienmay88.vn/wp-content/uploads/2024/09/tu-lanh-samsung-inverter-583-lit-rs57dg400em9sv-7.png;https://dienmay88.vn/wp-content/uploads/2024/09/tu-lanh-samsung-inverter-583-lit-rs57dg400em9sv-8.png;https://dienmay88.vn/wp-content/uploads/2024/09/tu-lanh-samsung-inverter-583-lit-rs57dg400em9sv-9.png','https://dienmay88.vn/wp-content/uploads/2024/09/tu-lanh-samsung-inverter-583-lit-rs57dg400em9sv-1.png',1,'Tủ lạnh Samsung Inverter 583 lít Side By Side RS57DG400EM9SV','12760000.0','tủ-lạnh-samsung-inverter-583-lít-side-by-side-rs57dg400em9sv',11);
INSERT INTO Products VALUES(46,1,2,'RF48A4010B4/SV','2025-11-03 06:56:37','','',9,16000000.0,'https://dienmay88.vn/wp-content/uploads/2021/05/tu-lanh-samsung-inverter-488-lit-rf48a4010b4.jpg;https://dienmay88.vn/wp-content/uploads/2021/05/tu-lanh-samsung-inverter-488-lit-rf48a4010b4-1.jpg;https://dienmay88.vn/wp-content/uploads/2021/05/tu-lanh-samsung-inverter-488-lit-rf48a4010b4-2.jpg;https://dienmay88.vn/wp-content/uploads/2021/05/tu-lanh-samsung-inverter-488-lit-rf48a4010b4-3.jpg;https://dienmay88.vn/wp-content/uploads/2021/05/tu-lanh-samsung-inverter-488-lit-rf48a4010b4-4.jpg;https://dienmay88.vn/wp-content/uploads/2021/05/tu-lanh-samsung-inverter-488-lit-rf48a4010b4-5.jpg;https://dienmay88.vn/wp-content/uploads/2021/05/tu-lanh-samsung-inverter-488-lit-rf48a4010b4-6.jpg;https://dienmay88.vn/wp-content/uploads/2021/05/tu-lanh-samsung-inverter-488-lit-rf48a4010b4-7.jpg','https://dienmay88.vn/wp-content/uploads/2021/05/tu-lanh-samsung-inverter-488-lit-rf48a4010b4.jpg',1,'Tủ lạnh Samsung Inverter 488 lít Multi Door RF48A4010B4/SV','17670000.0','tủ-lạnh-samsung-inverter-488-lít-multi-door-rf48a4010b4sv',11);
INSERT INTO Products VALUES(47,2,2,'RT234WE','2025-11-04 08:13:41','','',11,4920000.0,'https://dienmay88.vn/wp-content/uploads/2023/07/tu-lanh-toshiba-inverter-180-lit-gr-rt234we-pmv52.png;https://dienmay88.vn/wp-content/uploads/2023/07/tu-lanh-toshiba-inverter-180-lit-gr-rt234we-pmv52-1.png;https://dienmay88.vn/wp-content/uploads/2023/07/tu-lanh-toshiba-inverter-180-lit-gr-rt234we-pmv52-2.png;https://dienmay88.vn/wp-content/uploads/2023/07/tu-lanh-toshiba-inverter-180-lit-gr-rt234we-pmv52-3.png;https://dienmay88.vn/wp-content/uploads/2023/07/tu-lanh-toshiba-inverter-180-lit-gr-rt234we-pmv52-8.png;https://dienmay88.vn/wp-content/uploads/2023/07/tu-lanh-toshiba-inverter-180-lit-gr-rt234we-pmv52-9.png;https://dienmay88.vn/wp-content/uploads/2023/07/tu-lanh-toshiba-inverter-180-lit-gr-rt234we-pmv52-10.png;https://dienmay88.vn/wp-content/uploads/2023/07/tu-lanh-toshiba-inverter-180-lit-gr-rt234we-pmv52-11.png','https://dienmay88.vn/wp-content/uploads/2023/07/tu-lanh-toshiba-inverter-180-lit-gr-rt234we-pmv52.png',1,'Tủ lạnh Toshiba Inverter 180 lít GR-RT234WE-PMV(52)','5530000.0','tủ-lạnh-toshiba-inverter-180-lít-gr-rt234we-pmv(52)',11);
INSERT INTO Products VALUES(48,2,2,'RT252WE','2025-11-04 08:13:41','','',9,5130000.0,'https://dienmay88.vn/wp-content/uploads/2024/04/tu-lanh-toshiba-inverter-194-lit-gr-rt252we-pmv52.png;https://dienmay88.vn/wp-content/uploads/2024/04/tu-lanh-toshiba-inverter-194-lit-gr-rt252we-pmv52-1.png;https://dienmay88.vn/wp-content/uploads/2024/04/tu-lanh-toshiba-inverter-194-lit-gr-rt252we-pmv52-2.png;https://dienmay88.vn/wp-content/uploads/2024/04/tu-lanh-toshiba-inverter-194-lit-gr-rt252we-pmv52-3.png;https://dienmay88.vn/wp-content/uploads/2024/04/tu-lanh-toshiba-inverter-194-lit-gr-rt252we-pmv52-8.png;https://dienmay88.vn/wp-content/uploads/2024/04/tu-lanh-toshiba-inverter-194-lit-gr-rt252we-pmv52-9.png;https://dienmay88.vn/wp-content/uploads/2024/04/tu-lanh-toshiba-inverter-194-lit-gr-rt252we-pmv52-10.png;https://dienmay88.vn/wp-content/uploads/2024/04/tu-lanh-toshiba-inverter-194-lit-gr-rt252we-pmv52-11.png','https://dienmay88.vn/wp-content/uploads/2024/04/tu-lanh-toshiba-inverter-194-lit-gr-rt252we-pmv52.png',1,'Tủ lạnh Toshiba Inverter 194 lít GR-RT252WE-PMV(52)','5670000.0','tủ-lạnh-toshiba-inverter-194-lít-gr-rt252we-pmv(52)',11);
INSERT INTO Products VALUES(49,2,2,'RT329WE','2025-11-04 08:13:41','','',8,5810000.0,'https://dienmay88.vn/wp-content/uploads/2024/04/tu-lanh-toshiba-inverter-253-lit-gr-rt329we-pmv52.png;https://dienmay88.vn/wp-content/uploads/2024/04/tu-lanh-toshiba-inverter-253-lit-gr-rt329we-pmv52-1.png;https://dienmay88.vn/wp-content/uploads/2024/04/tu-lanh-toshiba-inverter-253-lit-gr-rt329we-pmv52-2.png;https://dienmay88.vn/wp-content/uploads/2024/04/tu-lanh-toshiba-inverter-253-lit-gr-rt329we-pmv52-3.png;https://dienmay88.vn/wp-content/uploads/2024/04/tu-lanh-toshiba-inverter-253-lit-gr-rt329we-pmv52-8.png;https://dienmay88.vn/wp-content/uploads/2024/04/tu-lanh-toshiba-inverter-253-lit-gr-rt329we-pmv52-11.png','https://dienmay88.vn/wp-content/uploads/2024/04/tu-lanh-toshiba-inverter-253-lit-gr-rt329we-pmv52.png',1,'Tủ lạnh Toshiba Inverter 253 lít GR-RT329WE-PMV(52)','6370000.0','tủ-lạnh-toshiba-inverter-253-lít-gr-rt329we-pmv(52)',11);
INSERT INTO Products VALUES(50,2,2,'RT303WE','2025-11-04 08:13:41','','',14,5500000.0,'https://dienmay88.vn/wp-content/uploads/2024/04/tu-lanh-toshiba-inverter-233-lit-gr-rt303we-pmv52.png;https://dienmay88.vn/wp-content/uploads/2024/04/tu-lanh-toshiba-inverter-233-lit-gr-rt303we-pmv52-1.png;https://dienmay88.vn/wp-content/uploads/2024/04/tu-lanh-toshiba-inverter-233-lit-gr-rt303we-pmv52-2.png;https://dienmay88.vn/wp-content/uploads/2024/04/tu-lanh-toshiba-inverter-233-lit-gr-rt303we-pmv52-3.png;https://dienmay88.vn/wp-content/uploads/2024/04/tu-lanh-toshiba-inverter-233-lit-gr-rt303we-pmv52-6.png;https://dienmay88.vn/wp-content/uploads/2024/04/tu-lanh-toshiba-inverter-233-lit-gr-rt303we-pmv52-7.png;https://dienmay88.vn/wp-content/uploads/2024/04/tu-lanh-toshiba-inverter-233-lit-gr-rt303we-pmv52-8.png;https://dienmay88.vn/wp-content/uploads/2024/04/tu-lanh-toshiba-inverter-233-lit-gr-rt303we-pmv52-10.png','https://dienmay88.vn/wp-content/uploads/2024/04/tu-lanh-toshiba-inverter-233-lit-gr-rt303we-pmv52.png',1,'Tủ lạnh Toshiba Inverter 233 lít GR-RT303WE-PMV(52)','6460000.0','tủ-lạnh-toshiba-inverter-233-lít-gr-rt303we-pmv(52)',11);
INSERT INTO Products VALUES(51,2,2,'RT468WE','2025-11-04 08:13:41','','',13,7340000.0,'https://dienmay88.vn/wp-content/uploads/2024/04/tu-lanh-toshiba-inverter-338-lit-gr-rt468we-pmv58-mm.png;https://dienmay88.vn/wp-content/uploads/2024/04/tu-lanh-toshiba-inverter-338-lit-gr-rt468we-pmv58-mm-1.png;https://dienmay88.vn/wp-content/uploads/2024/04/tu-lanh-toshiba-inverter-338-lit-gr-rt468we-pmv58-mm-2.png;https://dienmay88.vn/wp-content/uploads/2024/04/tu-lanh-toshiba-inverter-338-lit-gr-rt468we-pmv58-mm-3.png;https://dienmay88.vn/wp-content/uploads/2024/04/tu-lanh-toshiba-inverter-338-lit-gr-rt468we-pmv58-mm-6.png;https://dienmay88.vn/wp-content/uploads/2024/04/tu-lanh-toshiba-inverter-338-lit-gr-rt468we-pmv58-mm-7.png;https://dienmay88.vn/wp-content/uploads/2024/04/tu-lanh-toshiba-inverter-338-lit-gr-rt468we-pmv58-mm-9.png;https://dienmay88.vn/wp-content/uploads/2024/04/tu-lanh-toshiba-inverter-338-lit-gr-rt468we-pmv58-mm-12.png','https://dienmay88.vn/wp-content/uploads/2024/04/tu-lanh-toshiba-inverter-338-lit-gr-rt468we-pmv58-mm.png',1,'Tủ lạnh Toshiba Inverter 338 lít GR-RT468WE-PMV(58)-MM','8440000.0','tủ-lạnh-toshiba-inverter-338-lít-gr-rt468we-pmv(58)-mm',11);
INSERT INTO Products VALUES(52,2,2,'RT416WE','2025-11-04 08:13:41','','',19,7100000.0,'https://dienmay88.vn/wp-content/uploads/2024/05/tu-lanh-toshiba-inverter-312-lit-gr-rt416we-pmv58-mm.png;https://dienmay88.vn/wp-content/uploads/2024/05/tu-lanh-toshiba-inverter-312-lit-gr-rt416we-pmv58-mm-1.png;https://dienmay88.vn/wp-content/uploads/2024/05/tu-lanh-toshiba-inverter-312-lit-gr-rt416we-pmv58-mm-2.png;https://dienmay88.vn/wp-content/uploads/2024/05/tu-lanh-toshiba-inverter-312-lit-gr-rt416we-pmv58-mm-3.png;https://dienmay88.vn/wp-content/uploads/2024/05/tu-lanh-toshiba-inverter-312-lit-gr-rt416we-pmv58-mm-4.png;https://dienmay88.vn/wp-content/uploads/2024/05/tu-lanh-toshiba-inverter-312-lit-gr-rt416we-pmv58-mm-5.png;https://dienmay88.vn/wp-content/uploads/2024/05/tu-lanh-toshiba-inverter-312-lit-gr-rt416we-pmv58-mm-6.png;https://dienmay88.vn/wp-content/uploads/2024/05/tu-lanh-toshiba-inverter-312-lit-gr-rt416we-pmv58-mm.jpg;https://dienmay88.vn/wp-content/uploads/2024/05/tu-lanh-toshiba-inverter-312-lit-gr-rt416we-pmv58-mm-7.png;https://dienmay88.vn/wp-content/uploads/2024/05/tu-lanh-toshiba-inverter-312-lit-gr-rt416we-pmv58-mm-8.png;https://dienmay88.vn/wp-content/uploads/2024/05/tu-lanh-toshiba-inverter-312-lit-gr-rt416we-pmv58-mm-9.png;https://dienmay88.vn/wp-content/uploads/2024/05/tu-lanh-toshiba-inverter-312-lit-gr-rt416we-pmv58-mm-10.png;https://dienmay88.vn/wp-content/uploads/2024/05/tu-lanh-toshiba-inverter-312-lit-gr-rt416we-pmv58-mm-11.png;https://dienmay88.vn/wp-content/uploads/2024/05/tu-lanh-toshiba-inverter-312-lit-gr-rt416we-pmv58-mm-12.png','https://dienmay88.vn/wp-content/uploads/2024/05/tu-lanh-toshiba-inverter-312-lit-gr-rt416we-pmv58-mm.png',1,'Tủ lạnh Toshiba Inverter 312 lít GR-RT416WE-PMV(58)-MM','8810000.0','tủ-lạnh-toshiba-inverter-312-lít-gr-rt416we-pmv(58)-mm',11);
INSERT INTO Products VALUES(53,2,2,'RS755WIA XK','2025-11-04 08:13:41','','',18,18350000.0,'https://dienmay88.vn/wp-content/uploads/2024/04/tu-lanh-toshiba-inverter-568-lit-side-by-side-gr-rs755wia-pgv22-xk.png;https://dienmay88.vn/wp-content/uploads/2024/04/tu-lanh-toshiba-inverter-568-lit-side-by-side-gr-rs755wia-pgv22-xk-1.png;https://dienmay88.vn/wp-content/uploads/2024/04/tu-lanh-toshiba-inverter-568-lit-side-by-side-gr-rs755wia-pgv22-xk-2.png;https://dienmay88.vn/wp-content/uploads/2024/04/tu-lanh-toshiba-inverter-568-lit-side-by-side-gr-rs755wia-pgv22-xk-3.png;https://dienmay88.vn/wp-content/uploads/2024/04/tu-lanh-toshiba-inverter-568-lit-side-by-side-gr-rs755wia-pgv22-xk-13.png;https://dienmay88.vn/wp-content/uploads/2024/04/tu-lanh-toshiba-inverter-568-lit-side-by-side-gr-rs755wia-pgv22-xk-14.png;https://dienmay88.vn/wp-content/uploads/2024/04/tu-lanh-toshiba-inverter-568-lit-side-by-side-gr-rs755wia-pgv22-xk-16.png;https://dienmay88.vn/wp-content/uploads/2024/04/tu-lanh-toshiba-inverter-568-lit-side-by-side-gr-rs755wia-pgv22-xk-17.png','https://dienmay88.vn/wp-content/uploads/2024/04/tu-lanh-toshiba-inverter-568-lit-side-by-side-gr-rs755wia-pgv22-xk.png',1,'Tủ lạnh Toshiba Inverter 568 lít Side By Side GR-RS755WIA-PGV(22)-XK','22390000.0','tủ-lạnh-toshiba-inverter-568-lít-side-by-side-gr-rs755wia-pgv(22)-xk',11);
INSERT INTO Products VALUES(54,2,2,'RS780WI  XK','2025-11-04 08:13:41','','',16,15500000.0,'https://dienmay88.vn/wp-content/uploads/2022/10/tu-lanh-toshiba-inverter-596-lit-gr-rs780wi-pgv22-xk.jpg;https://dienmay88.vn/wp-content/uploads/2022/10/tu-lanh-toshiba-inverter-596-lit-gr-rs780wi-pgv22-xk-1.jpg;https://dienmay88.vn/wp-content/uploads/2022/10/tu-lanh-toshiba-inverter-596-lit-gr-rs780wi-pgv22-xk-7.jpg;https://dienmay88.vn/wp-content/uploads/2022/10/tu-lanh-toshiba-inverter-596-lit-gr-rs780wi-pgv22-xk-8.jpg;https://dienmay88.vn/wp-content/uploads/2022/10/tu-lanh-toshiba-inverter-596-lit-gr-rs780wi-pgv22-xk-9.jpg;https://dienmay88.vn/wp-content/uploads/2022/10/tu-lanh-toshiba-inverter-596-lit-gr-rs780wi-pgv22-xk-10.jpg;https://dienmay88.vn/wp-content/uploads/2022/10/tu-lanh-toshiba-inverter-596-lit-gr-rs780wi-pgv22-xk-11.jpg','https://dienmay88.vn/wp-content/uploads/2022/10/tu-lanh-toshiba-inverter-596-lit-gr-rs780wi-pgv22-xk.jpg',1,'Tủ lạnh Toshiba Inverter 596 lít Side By Side GR-RS780WI-PGV(22)-XK','18650000.0','tủ-lạnh-toshiba-inverter-596-lít-side-by-side-gr-rs780wi-pgv(22)-xk',11);
INSERT INTO Products VALUES(55,2,2,'RF606WI AG','2025-11-04 08:13:41','','',18,14200000.0,'https://dienmay88.vn/wp-content/uploads/2025/09/tu-lanh-toshiba-inverter-471-lit-multi-door-gr-rf606wi-pmv60-ag-1.jpg;https://dienmay88.vn/wp-content/uploads/2025/09/tu-lanh-toshiba-inverter-471-lit-multi-door-gr-rf606wi-pmv60-ag-2.jpg;https://dienmay88.vn/wp-content/uploads/2025/09/tu-lanh-toshiba-inverter-471-lit-multi-door-gr-rf606wi-pmv60-ag-3.jpg;https://dienmay88.vn/wp-content/uploads/2025/09/tu-lanh-toshiba-inverter-471-lit-multi-door-gr-rf606wi-pmv60-ag-4.jpg;https://dienmay88.vn/wp-content/uploads/2025/09/tu-lanh-toshiba-inverter-471-lit-multi-door-gr-rf606wi-pmv60-ag-15.jpg;https://dienmay88.vn/wp-content/uploads/2025/09/tu-lanh-toshiba-inverter-471-lit-multi-door-gr-rf606wi-pmv60-ag-16.jpg;https://dienmay88.vn/wp-content/uploads/2025/09/tu-lanh-toshiba-inverter-471-lit-multi-door-gr-rf606wi-pmv60-ag-19.jpg;https://dienmay88.vn/wp-content/uploads/2025/09/tu-lanh-toshiba-inverter-471-lit-multi-door-gr-rf606wi-pmv60-ag-20.jpg','https://dienmay88.vn/wp-content/uploads/2025/09/tu-lanh-toshiba-inverter-471-lit-multi-door-gr-rf606wi-pmv60-ag-1.jpg',1,'Tủ lạnh Toshiba Inverter 471 lít Multi Door GR-RF606WI-PMV(60)-AG','17490000.0','tủ-lạnh-toshiba-inverter-471-lít-multi-door-gr-rf606wi-pmv(60)-ag',11);
INSERT INTO Products VALUES(56,2,2,'RF677WI PGV(22) XK','2025-11-04 08:13:41','','',17,14570000.0,'https://dienmay88.vn/wp-content/uploads/2024/04/tu-lanh-toshiba-inverter-515-lit-gr-rf677wi-pgv22-xk.png;https://dienmay88.vn/wp-content/uploads/2024/04/tu-lanh-toshiba-inverter-515-lit-gr-rf677wi-pgv22-xk-1.png;https://dienmay88.vn/wp-content/uploads/2024/04/tu-lanh-toshiba-inverter-515-lit-gr-rf677wi-pgv22-xk-7.png;https://dienmay88.vn/wp-content/uploads/2024/04/tu-lanh-toshiba-inverter-515-lit-gr-rf677wi-pgv22-xk-1.jpg;https://dienmay88.vn/wp-content/uploads/2024/04/tu-lanh-toshiba-inverter-515-lit-gr-rf677wi-pgv22-xk-8.png;https://dienmay88.vn/wp-content/uploads/2024/04/tu-lanh-toshiba-inverter-515-lit-gr-rf677wi-pgv22-xk-9.png;https://dienmay88.vn/wp-content/uploads/2024/04/tu-lanh-toshiba-inverter-515-lit-gr-rf677wi-pgv22-xk-10.png;https://dienmay88.vn/wp-content/uploads/2024/04/tu-lanh-toshiba-inverter-515-lit-gr-rf677wi-pgv22-xk-11.png;https://dienmay88.vn/wp-content/uploads/2024/04/tu-lanh-toshiba-inverter-515-lit-gr-rf677wi-pgv22-xk-12.png','https://dienmay88.vn/wp-content/uploads/2024/04/tu-lanh-toshiba-inverter-515-lit-gr-rf677wi-pgv22-xk.png',1,'Tủ lạnh Toshiba Inverter 515 lít Multi Door GR-RF677WI-PGV(22)-XK','17630000.0','tủ-lạnh-toshiba-inverter-515-lít-multi-door-gr-rf677wi-pgv(22)-xk',11);
INSERT INTO Products VALUES(57,1,1,'50du7700','2025-11-04 09:01:26','','',15,9010000.0,'','https://images.samsung.com/is/image/samsung/p6pim/vn/ua50du7700kxxv/gallery/vn-crystal-uhd-du7000-496200-ua50du7700kxxv-540272474?$Q90_1164_776_PNG$',1,'Smart Tivi Samsung 4K 50 inch 50DU7700 Crystal UHD','10610000.0','smart-tivi-samsung-4k-50-inch-50du7700-crystal-uhd',11);
INSERT INTO Products VALUES(58,1,1,'65du8000','2025-11-04 09:01:26','','',22,12000000.0,'https://cdn.tgdd.vn/Products/Images/1942/322685/Slider/1-1020x570.jpg;https://cdn.tgdd.vn/Products/Images/1942/322685/Slider/2-1020x570.jpg;https://cdn.tgdd.vn/Products/Images/1942/322685/Slider/3-1020x570.jpg;https://cdn.tgdd.vn/Products/Images/1942/322685/Slider/4-1020x570.jpg;https://cdn.tgdd.vn/Products/Images/1942/322685/Slider/5-1020x570.jpg;https://cdnv2.tgdd.vn/mwg-static/dmx/Products/Images/1942/322685/smart-tivi-samsung-4k-65-inch-ua65du8000-1-638694632787282811-700x467.jpg;https://cdnv2.tgdd.vn/mwg-static/dmx/Products/Images/1942/322685/smart-tivi-samsung-4k-65-inch-ua65du8000-2-638694632796459470-700x467.jpg;https://cdnv2.tgdd.vn/mwg-static/dmx/Products/Images/1942/322685/smart-tivi-samsung-4k-65-inch-ua65du8000-3-638694632807745331-700x467.jpg;https://cdnv2.tgdd.vn/mwg-static/dmx/Products/Images/1942/322685/smart-tivi-samsung-4k-65-inch-ua65du8000-4-638694632814651135-700x467.jpg;https://cdnv2.tgdd.vn/mwg-static/dmx/Products/Images/1942/322685/smart-tivi-samsung-4k-65-inch-ua65du8000-5-638694632823255581-700x467.jpg;https://cdnv2.tgdd.vn/mwg-static/dmx/Products/Images/1942/322685/smart-tivi-samsung-4k-65-inch-ua65du8000-6-638694632831432492-700x467.jpg;https://cdnv2.tgdd.vn/mwg-static/dmx/Products/Images/1942/322685/smart-tivi-samsung-4k-65-inch-ua65du8000-7-638694632840534360-700x467.jpg;https://cdnv2.tgdd.vn/mwg-static/dmx/Products/Images/1942/322685/smart-tivi-samsung-4k-65-inch-ua65du8000-8-638694632848186263-700x467.jpg;https://cdnv2.tgdd.vn/mwg-static/dmx/Products/Images/1942/322685/smart-tivi-samsung-4k-65-inch-ua65du8000-9-638694632855368695-700x467.jpg;https://cdnv2.tgdd.vn/mwg-static/dmx/Products/Images/1942/322685/smart-tivi-samsung-4k-65-inch-ua65du8000-10-638694632862775848-700x467.jpg;https://cdnv2.tgdd.vn/mwg-static/dmx/Products/Images/1942/322685/smart-tivi-samsung-4k-65-inch-ua65du8000-11-638694632870711423-700x467.jpg;https://cdnv2.tgdd.vn/mwg-static/dmx/Products/Images/1942/322685/smart-tivi-samsung-4k-65-inch-ua65du8000-12-638694632878436889-700x467.jpg;https://cdnv2.tgdd.vn/mwg-static/dmx/Products/Images/1942/322685/smart-tivi-samsung-4k-65-inch-ua65du8000-13-638694632887874289-700x467.jpg','https://images.samsung.com/is/image/samsung/p6pim/vn/ua65du8000kxxv/gallery/vn-uhd-4k-tv-ua65du8000kxxv-m-t-tr--c-542460681?$Q90_1164_776_PNG$',1,'Smart Tivi Crystal UHD Samsung 4K 65 inch UA65DU8000','15580000.0','smart-tivi-crystal-uhd-samsung-4k-65-inch-ua65du8000',11);
INSERT INTO Products VALUES(59,1,1,'43du8500','2025-11-04 09:01:26','','',22,7350000.0,'','https://cdn2.cellphones.com.vn/insecure/rs:fill:0:358/q:90/plain/https://cellphones.com.vn/media/catalog/product/1/1/11_60_3.png',1,'Smart Tivi Samsung UHD 4K 43 INCH 2024 (43DU8500)','9538000.0','smart-tivi-samsung-uhd-4k-43-inch-2024-(43du8500)',11);
INSERT INTO Products VALUES(60,1,1,'55du8500','2025-11-04 09:01:26','','',23,10350000.0,'','https://cdn.tgdd.vn/Products/Images/1942/322686/Slider/1-1020x570.jpg',1,'Smart Tivi Crystal UHD Samsung 4K 55 inch UA55DU8000','13450000.0','smart-tivi-crystal-uhd-samsung-4k-55-inch-ua55du8000',11);
INSERT INTO Products VALUES(61,1,1,'65du8500','2025-11-04 09:01:26','','',19,12320000.0,'','https://images.samsung.com/is/image/samsung/p6pim/vn/ua65du8500kxxv/gallery/vn-crystal-uhd-du8500-ua65du8500kxxv-540269702?$Q90_1164_776_PNG$',1,'Smart Tivi Samsung UHD 4K 65 INCH 2024','15360000.0','smart-tivi-samsung-uhd-4k-65-inch-2024',11);
INSERT INTO Products VALUES(62,1,1,'75du8500','2025-11-04 09:01:26','','',14,17400000.0,'','https://cdn2.cellphones.com.vn/insecure/rs:fill:0:358/q:90/plain/https://cellphones.com.vn/media/catalog/product/1/1/11_60_7.png',1,'Smart Tivi Samsung UHD 4K 75 INCH 2024 (75DU8500)','20290000.0','smart-tivi-samsung-uhd-4k-75-inch-2024-(75du8500)',11);
INSERT INTO Products VALUES(63,1,1,'55q60D','2025-11-04 09:01:26','','',22,10920000.0,'https://cdn.tgdd.vn/Products/Images/1942/303515/Slider/google-tivi-qled-tcl-4k-55-inch-55q646638251874646719068.png;https://cdn.tgdd.vn/Products/Images/1942/303515/Slider/google-tivi-qled-tcl-4k-55-inch-55q646638251874664149153.jpg;https://cdn.tgdd.vn/Products/Images/1942/303515/Slider/google-tivi-qled-tcl-4k-55-inch-55q646638251874662009099.jpg;https://cdn.tgdd.vn/Products/Images/1942/303515/Slider/google-tivi-qled-tcl-4k-55-inch-55q646638251874659649108.jpg;https://cdn.tgdd.vn/Products/Images/1942/303515/Slider/google-tivi-qled-tcl-4k-55-inch-55q646638251874658229140.jpg;https://cdn.tgdd.vn/Products/Images/1942/303515/Slider/google-tivi-qled-tcl-4k-55-inch-55q646638251874657039063.jpg;https://cdn.tgdd.vn/Products/Images/1942/303515/Slider/google-tivi-qled-tcl-4k-55-inch-55q646638251874652799155.jpg;https://cdn.tgdd.vn/Products/Images/1942/303515/Slider/google-tivi-qled-tcl-4k-55-inch-55q646638251874651549058.jpg;https://cdn.tgdd.vn/Products/Images/1942/303515/Slider/google-tivi-qled-tcl-4k-55-inch-55q646638439399470630228.jpg;https://cdn.tgdd.vn/Products/Images/1942/303515/google-tivi-qled-tcl-4k-55-inch-55q646-01-700x467.jpg;https://cdn.tgdd.vn/Products/Images/1942/303515/google-tivi-qled-tcl-4k-55-inch-55q646-02-700x467.jpg;https://cdn.tgdd.vn/Products/Images/1942/303515/google-tivi-qled-tcl-4k-55-inch-55q646-3-700x467.jpg;https://cdn.tgdd.vn/Products/Images/1942/303515/google-tivi-qled-tcl-4k-55-inch-55q646-03-700x467.jpg;https://cdn.tgdd.vn/Products/Images/1942/303515/google-tivi-qled-tcl-4k-55-inch-55q646-4-700x467.jpg;https://cdn.tgdd.vn/Products/Images/1942/303515/google-tivi-qled-tcl-4k-55-inch-55q646-5-700x467.jpg;https://cdn.tgdd.vn/Products/Images/1942/303515/google-tivi-qled-tcl-4k-55-inch-55q646-6-700x467.jpg;https://cdn.tgdd.vn/Products/Images/1942/303515/google-tivi-qled-tcl-4k-55-inch-55q646-7-700x467.jpg','https://cdn.mediamart.vn/images/product/qled-tivi-4k-samsung-55q60d-55-inch-smart-tv_febf4457.webp',1,'QLED Tivi 4K Samsung 55Q60D 55 inch Smart TV','14100000.0','qled-tivi-4k-samsung-55q60d-55-inch-smart-tv',11);
INSERT INTO Products VALUES(64,1,1,'65q60da','2025-11-04 09:01:26','','',19,12870000.0,'','https://cdnv2.tgdd.vn/mwg-static/dmx/Products/Images/1942/322673/tivi-qled-samsung-4k-65-inch-qa65q65d-1-638687436771499863-700x467.jpg',1,'Smart Tivi QLED Samsung 4K 65 inch QA65Q65D','16060000.0','smart-tivi-qled-samsung-4k-65-inch-qa65q65d',11);
INSERT INTO Products VALUES(65,1,1,'75qn90ba','2025-11-04 09:01:26','','',22,29800000.0,'','https://cdn.tgdd.vn/Products/Images/1942/273396/smart-tivi-neo-qled-4k-75-inch-samsung-qa75qn90b-1-700x467.jpg',1,'Smart Tivi Neo QLED 4K 75 inch Samsung QA75QN90B','38310000.0','smart-tivi-neo-qled-4k-75-inch-samsung-qa75qn90b',11);
INSERT INTO Products VALUES(66,1,1,'50U8000F','2025-11-04 09:01:26','','',15,8420000.0,'https://cdn.tgdd.vn/Products/Images/1942/84864/tivi-sony-kd-50s8000d-700x467-2.jpg;https://cdn.tgdd.vn/Products/Images/1942/84864/tivi-sony-kd-50s8000d-700x467-3.jpg;https://cdn.tgdd.vn/Products/Images/1942/84864/tivi-sony-kd-50s8000d-700x467-4.jpg;https://cdn.tgdd.vn/Products/Images/1942/84864/tivi-sony-kd-50s8000d-700x467-5.jpg;https://cdn.tgdd.vn/Products/Images/1942/84864/tivi-sony-kd-50s8000d-700x467-6.jpg;https://cdn.tgdd.vn/Products/Images/1942/84864/tivi-sony-kd-50s8000d-700x467-7.jpg;https://cdn.tgdd.vn/Products/Images/1942/84864/tivi-sony-kd-50s8000d-700x467-8.jpg;https://cdn.tgdd.vn/Products/Images/1942/84864/tivi-sony-kd-50s8000d-700x467-9.jpg;https://cdn.tgdd.vn/Products/Images/1942/84864/tivi-sony-kd-50s8000d-700x467-10.jpg;https://cdn.tgdd.vn/Products/Images/1942/84864/tivi-sony-kd-50s8000d-700x467-11.jpg;https://cdn.tgdd.vn/Products/Images/1942/84864/tivi-sony-kd-50s8000d-700x467-12.jpg;https://cdn.tgdd.vn/Products/Images/1942/84864/tivi-sony-kd-50s8000d-700x467-13.jpg','https://images.samsung.com/is/image/samsung/p6pim/vn/ua50u8000fkxxv/gallery/vn-uhd-4k-tv-ua50u8000fkxxv-m-t-tr--c-m-u--en-546021446?$Q90_1164_776_PNG$',1,'Smart Tivi Samsung UHD 4K 50 inch 2025 (50U8000F)','10020000.0','smart-tivi-samsung-uhd-4k-50-inch-2025-(50u8000f)',11);
INSERT INTO Products VALUES(67,1,1,'55U8000F','2025-11-04 09:01:26','','',16,9430000.0,'https://cdn.tgdd.vn/Products/Images/1942/73283/tivi-sony-kd-55x8000c-700x467-2.jpg;https://cdn.tgdd.vn/Products/Images/1942/73283/tivi-sony-kd-55x8000c-700x467-3.jpg;https://cdn.tgdd.vn/Products/Images/1942/73283/tivi-sony-kd-55x8000c-700x467-4.jpg;https://cdn.tgdd.vn/Products/Images/1942/73283/tivi-sony-kd-55x8000c-700x467-5.jpg;https://cdn.tgdd.vn/Products/Images/1942/73283/tivi-sony-kd-55x8000c-700x467-6.jpg;https://cdn.tgdd.vn/Products/Images/1942/73283/tivi-sony-kd-55x8000c-700x467-7.jpg;https://cdn.tgdd.vn/Products/Images/1942/73283/tivi-sony-kd-55x8000c-700x467-8.jpg;https://cdn.tgdd.vn/Products/Images/1942/73283/tivi-sony-kd-55x8000c-700x467-9.jpg;https://cdn.tgdd.vn/Products/Images/1942/73283/tivi-sony-kd-55x8000c-700x467-10.jpg;https://cdn.tgdd.vn/Products/Images/1942/73283/tivi-sony-kd-55x8000c-700x467-11.jpg;https://cdn.tgdd.vn/Products/Images/1942/73283/tivi-sony-kd-55x8000c-700x467-12.jpg;https://cdn.tgdd.vn/Products/Images/1942/73283/tivi-sony-kd-55x8000c-700x467-13.jpg;https://cdn.tgdd.vn/Products/Images/1942/73283/tivi-sony-kd-55x8000c-700x467-14.jpg;https://cdn.tgdd.vn/Products/Images/1942/73283/tivi-sony-kd-55x8000c-700x467-15.jpg;https://cdn.tgdd.vn/Products/Images/1942/73283/tivi-sony-kd-55x8000c-700x467-16.jpg','https://images.samsung.com/is/image/samsung/p6pim/vn/ua55u8000fkxxv/gallery/vn-uhd-4k-tv-ua55u8000fkxxv-m-t-tr--c-m-u--en-546021480?$Q90_1164_776_PNG$',1,'Smart Tivi Samsung UHD 4K 55 inch 2025 (55U8000F)','11310000.0','smart-tivi-samsung-uhd-4k-55-inch-2025-(55u8000f)',11);
INSERT INTO Products VALUES(68,1,1,'65U8000F','2025-11-04 09:01:26','','',13,11620000.0,'https://cdn.tgdd.vn/Products/Images/1942/171768/Slider/vi-vn-1.jpg;https://cdn.tgdd.vn/Products/Images/1942/171768/Slider/vi-vn-2.jpg;https://cdn.tgdd.vn/Products/Images/1942/171768/Slider/vi-vn-3.jpg;https://cdn.tgdd.vn/Products/Images/1942/171768/Slider/vi-vn-4.jpg;https://cdn.tgdd.vn/Products/Images/1942/171768/Slider/vi-vn-5.jpg;https://cdn.tgdd.vn/Products/Images/1942/171768/Slider/vi-vn-7.jpg;https://cdn.tgdd.vn/Products/Images/1942/171768/Slider/vi-vn-8.jpg;https://cdn.tgdd.vn/Products/Images/1942/171768/Slider/-4b-tivi-sony-kdl-32w610f-10.jpg;https://cdn.tgdd.vn/Products/Images/1942/171768/Slider/vi-vn-10.jpg;https://cdn.tgdd.vn/Products/Images/1942/171768/Slider/-sony-kd-65x7000f-(2).jpg;https://cdn.tgdd.vn/Products/Images/1942/171768/tivi-sony-kd-65x7000f-1-3-700x467.jpg;https://cdn.tgdd.vn/Products/Images/1942/171768/tivi-sony-kd-65x7000f-2-2-700x467.jpg;https://cdn.tgdd.vn/Products/Images/1942/171768/tivi-sony-kd-65x7000f-3-2-700x467.jpg;https://cdn.tgdd.vn/Products/Images/1942/171768/tivi-sony-kd-65x7000f-4-2-700x467.jpg;https://cdn.tgdd.vn/Products/Images/1942/171768/tivi-sony-kd-65x7000f-5-2-700x467.jpg;https://cdn.tgdd.vn/Products/Images/1942/171768/tivi-sony-kd-65x7000f-6-2-700x467.jpg;https://cdn.tgdd.vn/Products/Images/1942/171768/tivi-sony-kd-65x7000f-7-2-700x467.jpg;https://cdn.tgdd.vn/Products/Images/1942/171768/tivi-sony-kd-65x7000f-8-1-700x467.jpg;https://cdn.tgdd.vn/Products/Images/1942/171768/tivi-sony-kd-65x7000f-9-1-700x467.jpg;https://cdn.tgdd.vn/Products/Images/1942/171768/tivi-sony-kd-65x7000f-10-1-700x467.jpg;https://cdn.tgdd.vn/Products/Images/1942/171768/tivi-sony-kd-65x7000f-11-1-700x467.jpg','https://images.samsung.com/is/image/samsung/p6pim/vn/ua55u8000fkxxv/gallery/vn-uhd-4k-tv-ua55u8000fkxxv-m-t-tr--c-m-u--en-546021480?$Q90_1164_776_PNG$',1,'Smart Tivi Samsung UHD 4K 65 inch 2025 (65U8000F)','13450000.0','smart-tivi-samsung-uhd-4k-65-inch-2025-(65u8000f)',11);
INSERT INTO Products VALUES(69,1,1,'65U8500F','2025-11-04 09:01:26','','',17,13100000.0,'https://cdn.tgdd.vn/Products/Images/1942/337077/Slider/smart-tivi-crystal-uhd-samsung-4k-65-inch-ua65u8500f-2-1020x570.jpg;https://cdn.tgdd.vn/Products/Images/1942/337077/Slider/smart-tivi-crystal-uhd-samsung-4k-65-inch-ua65u8500f-3-1020x570.jpg;https://cdn.tgdd.vn/Products/Images/1942/337077/Slider/smart-tivi-crystal-uhd-samsung-4k-65-inch-ua65u8500f-4-1020x570.jpg;https://cdn.tgdd.vn/Products/Images/1942/337077/Slider/smart-tivi-crystal-uhd-samsung-4k-65-inch-ua65u8500f-5-1020x570.jpg;https://cdn.tgdd.vn/Products/Images/1942/337077/Slider/smart-tivi-crystal-uhd-samsung-4k-65-inch-ua65u8500f-6-1020x570.jpg;https://cdn.tgdd.vn/Products/Images/1942/337077/Slider/smart-tivi-crystal-uhd-samsung-4k-65-inch-ua65u8500f-7-1020x570.jpg;https://cdn.tgdd.vn/Products/Images/1942/337077/Slider/smart-tivi-crystal-uhd-samsung-4k-65-inch-ua65u8500f-8-1020x570.jpg;https://cdn.tgdd.vn/Products/Images/1942/337077/Slider/smart-tivi-crystal-uhd-samsung-4k-65-inch-ua65u8500f-9-1020x570.jpg;https://cdn.tgdd.vn/Products/Images/1942/337077/Slider/smart-tivi-crystal-uhd-samsung-4k-65-inch-ua65u8500f-10-1020x570.jpg;https://cdn.tgdd.vn/Products/Images/1942/337077/Slider/smart-tivi-crystal-uhd-samsung-4k-65-inch-ua65u8500f-11-1020x570.jpg;https://cdnv2.tgdd.vn/mwg-static/dmx/Products/Images/1942/337077/smart-tivi-crystal-uhd-samsung-4k-65-inch-ua65u8500f-1-638805014971346980-700x467.jpg;https://cdnv2.tgdd.vn/mwg-static/dmx/Products/Images/1942/337077/smart-tivi-crystal-uhd-samsung-4k-65-inch-ua65u8500f-2-638805014979049347-700x467.jpg;https://cdnv2.tgdd.vn/mwg-static/dmx/Products/Images/1942/337077/smart-tivi-crystal-uhd-samsung-4k-65-inch-ua65u8500f-3-638805014986871358-700x467.jpg;https://cdnv2.tgdd.vn/mwg-static/dmx/Products/Images/1942/337077/smart-tivi-crystal-uhd-samsung-4k-65-inch-ua65u8500f-4-638805014995474627-700x467.jpg;https://cdnv2.tgdd.vn/mwg-static/dmx/Products/Images/1942/337077/smart-tivi-crystal-uhd-samsung-4k-65-inch-ua65u8500f-5-638805015001543090-700x467.jpg;https://cdnv2.tgdd.vn/mwg-static/dmx/Products/Images/1942/337077/smart-tivi-crystal-uhd-samsung-4k-65-inch-ua65u8500f-6-638805015008957476-700x467.jpg','https://images.samsung.com/is/image/samsung/p6pim/vn/ua65u8500fkxxv/gallery/vn-uhd-4k-tv-ua65u8500fkxxv-m-t-tr--c-m-u--en-547462087?$Q90_1164_776_PNG$',1,'Smart Tivi Crystal UHD Samsung 4K 65 inch UA65U8500F','15790000.0','smart-tivi-crystal-uhd-samsung-4k-65-inch-ua65u8500f',11);
INSERT INTO Products VALUES(70,1,1,'65S90F','2025-11-04 09:01:26','','',17,37200000.0,'https://cdn.tgdd.vn/Products/Images/1942/337211/Slider/smart-tivi-oled-samsung-ai-4k-65-inch-qa65s90f638938965318203440.jpg;https://cdn.tgdd.vn/Products/Images/1942/337211/Slider/smart-tivi-oled-samsung-ai-4k-65-inch-qa65s90f638938965319373467.jpg;https://cdn.tgdd.vn/Products/Images/1942/337211/Slider/smart-tivi-oled-samsung-ai-4k-65-inch-qa65s90f638938965320703573.jpg;https://cdn.tgdd.vn/Products/Images/1942/337211/Slider/smart-tivi-oled-samsung-ai-4k-65-inch-qa65s90f638938965321873582.jpg;https://cdn.tgdd.vn/Products/Images/1942/337211/Slider/smart-tivi-oled-samsung-ai-4k-65-inch-qa65s90f638938965323163480.jpg;https://cdn.tgdd.vn/Products/Images/1942/337211/Slider/smart-tivi-oled-samsung-ai-4k-65-inch-qa65s90f638938965324453476.jpg;https://cdn.tgdd.vn/Products/Images/1942/337211/Slider/smart-tivi-oled-samsung-ai-4k-65-inch-qa65s90f638938965325534174.jpg;https://cdn.tgdd.vn/Products/Images/1942/337211/Slider/smart-tivi-oled-samsung-ai-4k-65-inch-qa65s90f638938965326533554.jpg;https://cdn.tgdd.vn/Products/Images/1942/337211/Slider/smart-tivi-oled-samsung-ai-4k-65-inch-qa65s90f638938965327553489.jpg;https://cdn.tgdd.vn/Products/Images/1942/337211/Slider/smart-tivi-oled-samsung-ai-4k-65-inch-qa65s90f638938965330573522.jpg;https://cdn.tgdd.vn/Products/Images/1942/337211/Slider/smart-tivi-oled-samsung-ai-4k-65-inch-qa65s90f638938965331643522.jpeg;https://cdn.tgdd.vn/Products/Images/1942/337211/Slider/smart-tivi-oled-samsung-ai-4k-65-inch-qa65s90f638938965332553506.jpg;https://cdnv2.tgdd.vn/mwg-static/dmx/Products/Images/1942/337211/smart-tivi-oled-samsung-ai-4k-65-inch-qa65s90f-1-638811082150034865-700x467.jpg;https://cdnv2.tgdd.vn/mwg-static/dmx/Products/Images/1942/337211/smart-tivi-oled-samsung-ai-4k-65-inch-qa65s90f-2-638811082156367438-700x467.jpg;https://cdnv2.tgdd.vn/mwg-static/dmx/Products/Images/1942/337211/smart-tivi-oled-samsung-ai-4k-65-inch-qa65s90f-3-638811082163167248-700x467.jpg;https://cdnv2.tgdd.vn/mwg-static/dmx/Products/Images/1942/337211/smart-tivi-oled-samsung-ai-4k-65-inch-qa65s90f-4-638811082169723923-700x467.jpg;https://cdnv2.tgdd.vn/mwg-static/dmx/Products/Images/1942/337211/smart-tivi-oled-samsung-ai-4k-65-inch-qa65s90f-5-638811082177132808-700x467.jpg;https://cdnv2.tgdd.vn/mwg-static/dmx/Products/Images/1942/337211/smart-tivi-oled-samsung-ai-4k-65-inch-qa65s90f-6-638811082184768064-700x467.jpg;https://cdn.tgdd.vn/Products/Images/1992/328169/quat-lung-midea-5-canh-mfs070m0apbh-30w-290724-104014-600x600.jpg','https://cdn.tgdd.vn/Products/Images/1942/337211/Slider/smart-tivi-oled-samsung-ai-4k-65-inch-qa65s90f638938965316813437.jpg',1,'Smart Tivi OLED Samsung AI 4K 65 inch QA65S90F','45180000.0','smart-tivi-oled-samsung-ai-4k-65-inch-qa65s90f',11);
INSERT INTO Products VALUES(71,1,1,'65S95F','2025-11-04 09:01:26','','',13,44790000.0,'https://cdnv2.tgdd.vn/mwg-static/dmx/Products/Images/1942/337213/smart-tivi-oled-samsung-ai-4k-65-inch-qa65s95f-2-638811121216351948-700x467.jpg;https://cdnv2.tgdd.vn/mwg-static/dmx/Products/Images/1942/337213/smart-tivi-oled-samsung-ai-4k-65-inch-qa65s95f-3-638811121224587317-700x467.jpg;https://cdnv2.tgdd.vn/mwg-static/dmx/Products/Images/1942/337213/smart-tivi-oled-samsung-ai-4k-65-inch-qa65s95f-4-638811121234308735-700x467.jpg;https://cdnv2.tgdd.vn/mwg-static/dmx/Products/Images/1942/337213/smart-tivi-oled-samsung-ai-4k-65-inch-qa65s95f-5-638811121247546082-700x467.jpg;https://cdnv2.tgdd.vn/mwg-static/dmx/Products/Images/1942/337213/smart-tivi-oled-samsung-ai-4k-65-inch-qa65s95f-6-638811121254205598-700x467.jpg;https://cdn.tgdd.vn/Products/Images/1992/328169/quat-lung-midea-5-canh-mfs070m0apbh-30w-290724-104014-600x600.jpg','https://cdnv2.tgdd.vn/mwg-static/dmx/Products/Images/1942/337213/smart-tivi-oled-samsung-ai-4k-65-inch-qa65s95f-1-638811121208707451-700x467.jpg',1,'Smart Tivi OLED Samsung AI 4K 65 inch QA65S95F','51650000.0','smart-tivi-oled-samsung-ai-4k-65-inch-qa65s95f',11);
INSERT INTO Products VALUES(72,1,1,'100QN80F','2025-11-04 09:01:26','','',18,99000000.0,'https://cdn.tgdd.vn/Products/Images/1942/341321/Slider/smart-tivi-neo-qled-samsung-ai-4k-100-inch-qa100qn80f638955149962069928.jpg;https://cdn.tgdd.vn/Products/Images/1942/341321/Slider/smart-tivi-neo-qled-samsung-ai-4k-100-inch-qa100qn80f638955149963449854.jpg;https://cdn.tgdd.vn/Products/Images/1942/341321/Slider/smart-tivi-neo-qled-samsung-ai-4k-100-inch-qa100qn80f638955149964889908.jpg;https://cdn.tgdd.vn/Products/Images/1942/341321/Slider/smart-tivi-neo-qled-samsung-ai-4k-100-inch-qa100qn80f638955149966139989.jpg;https://cdn.tgdd.vn/Products/Images/1942/341321/Slider/smart-tivi-neo-qled-samsung-ai-4k-100-inch-qa100qn80f638955149967409980.jpg;https://cdn.tgdd.vn/Products/Images/1942/341321/Slider/smart-tivi-neo-qled-samsung-ai-4k-100-inch-qa100qn80f638955149969729881.jpg;https://cdn.tgdd.vn/Products/Images/1942/341321/Slider/smart-tivi-neo-qled-samsung-ai-4k-100-inch-qa100qn80f638955149970848255.jpg;https://cdn.tgdd.vn/Products/Images/1942/341321/Slider/smart-tivi-neo-qled-samsung-ai-4k-100-inch-qa100qn80f638955149972068472.jpg;https://cdn.tgdd.vn/Products/Images/1942/341321/Slider/smart-tivi-neo-qled-samsung-ai-4k-100-inch-qa100qn80f638955149973398097.jpg;https://cdn.tgdd.vn/Products/Images/1942/341321/Slider/smart-tivi-neo-qled-samsung-ai-4k-100-inch-qa100qn80f638955149974525852.jpg;https://cdn.tgdd.vn/Products/Images/1942/341321/Slider/smart-tivi-neo-qled-samsung-ai-4k-100-inch-qa100qn80f638955149975736226.jpg;https://cdn.tgdd.vn/Products/Images/1942/341321/Slider/smart-tivi-neo-qled-samsung-ai-4k-100-inch-qa100qn80f638955149978891699.jpg;https://cdn.tgdd.vn/Products/Images/1942/341321/Slider/smart-tivi-neo-qled-samsung-ai-4k-100-inch-qa100qn80f638955149980201626.jpg;https://cdnv2.tgdd.vn/mwg-static/dmx/Products/Images/1942/341321/smart-tivi-neo-qled-samsung-ai-4k-100-inch-qa100qn80f-1-638889096570894874-700x467.jpg;https://cdnv2.tgdd.vn/mwg-static/dmx/Products/Images/1942/341321/smart-tivi-neo-qled-samsung-ai-4k-100-inch-qa100qn80f-2-638889096564201166-700x467.jpg;https://cdnv2.tgdd.vn/mwg-static/dmx/Products/Images/1942/341321/smart-tivi-neo-qled-samsung-ai-4k-100-inch-qa100qn80f-3-638889096555516019-700x467.jpg;https://cdnv2.tgdd.vn/mwg-static/dmx/Products/Images/1942/341321/smart-tivi-neo-qled-samsung-ai-4k-100-inch-qa100qn80f-4-638889096549056240-700x467.jpg;https://cdnv2.tgdd.vn/mwg-static/dmx/Products/Images/1942/341321/smart-tivi-neo-qled-samsung-ai-4k-100-inch-qa100qn80f-5-638889096541571382-700x467.jpg;https://cdn.tgdd.vn/Products/Images/1992/328169/quat-lung-midea-5-canh-mfs070m0apbh-30w-290724-104014-600x600.jpg','https://cdn.tgdd.vn/Products/Images/1942/341321/Slider/smart-tivi-neo-qled-samsung-ai-4k-100-inch-qa100qn80f638955149959948183.jpg',1,'Smart Tivi Neo QLED Samsung AI 4K 100 inch QA100QN80F','121300000.0','smart-tivi-neo-qled-samsung-ai-4k-100-inch-qa100qn80f',11);
INSERT INTO Products VALUES(73,9,1,'50x81dk','2025-11-05 00:28:50','','',22,11300000.0,'https://cdn.tgdd.vn/Products/Images/1942/277426/Slider/vi-vn-google-sony-4k-50-inch-kd-50x81dk-2.gif;https://cdn.tgdd.vn/Products/Images/1942/277426/Slider/vi-vn-google-sony-4k-50-inch-kd-50x81dk-3.gif;https://cdn.tgdd.vn/Products/Images/1942/277426/Slider/vi-vn-google-sony-4k-50-inch-kd-50x81dk-4.gif;https://cdn.tgdd.vn/Products/Images/1942/277426/Slider/vi-vn-google-sony-4k-50-inch-kd-50x81dk-5.jpg;https://cdn.tgdd.vn/Products/Images/1942/277426/Slider/vi-vn-google-sony-4k-50-inch-kd-50x81dk-6.jpg;https://cdn.tgdd.vn/Products/Images/1942/277426/Slider/vi-vn-google-sony-4k-50-inch-kd-50x81dk-7.jpg;https://cdn.tgdd.vn/Products/Images/1942/277426/sony-4k-50inch-kd-50x81dk-1-700x467.jpg;https://cdn.tgdd.vn/Products/Images/1942/277426/sony-4k-50inch-kd-50x81dk-2-700x467.jpg;https://cdn.tgdd.vn/Products/Images/1942/277426/sony-4k-50inch-kd-50x81dk-3-700x467.jpg;https://cdn.tgdd.vn/Products/Images/1942/277426/sony-4k-50inch-kd-50x81dk-4-700x467.jpg;https://cdn.tgdd.vn/Products/Images/1942/277426/sony-4k-50inch-kd-50x81dk-5-700x467.jpg;https://cdn.tgdd.vn/Products/Images/1942/277426/sony-4k-50inch-kd-50x81dk-6-700x467.jpg;https://cdn.tgdd.vn/Products/Images/1942/277426/sony-4k-50inch-kd-50x81dk-7-700x467.jpg;https://cdn.tgdd.vn/Products/Images/1942/277426/sony-4k-50inch-kd-50x81dk-8-700x467.jpg','https://cdn.tgdd.vn/Products/Images/1942/277426/sony-4k-50inch-kd-50x81dk-1-700x467.jpg',1,'Google Tivi Sony 4K 50 inch KD-50X81DK','14600000.0','google-tivi-sony-4k-50-inch-kd-50x81dk',11);
INSERT INTO Products VALUES(74,9,1,'43s25','2025-11-05 00:28:50','','',15,10800000.0,'https://cdn.tgdd.vn/Products/Images/1942/339083/Slider/google-tivi-sony-4k-43-inch-k-43s25vm2638851898200261134.jpg;https://cdn.tgdd.vn/Products/Images/1942/339083/Slider/google-tivi-sony-4k-43-inch-k-43s25vm2638851898201551172.jpg;https://cdn.tgdd.vn/Products/Images/1942/339083/Slider/google-tivi-sony-4k-43-inch-k-43s25vm2638851898202591148.jpg;https://cdn.tgdd.vn/Products/Images/1942/339083/Slider/google-tivi-sony-4k-43-inch-k-43s25vm2638851898203651144.jpg;https://cdn.tgdd.vn/Products/Images/1942/339083/Slider/google-tivi-sony-4k-43-inch-k-43s25vm2638851898204791147.jpg;https://cdn.tgdd.vn/Products/Images/1942/339083/Slider/google-tivi-sony-4k-43-inch-k-43s25vm2638851898205801284.jpg;https://cdn.tgdd.vn/Products/Images/1942/339083/Slider/google-tivi-sony-4k-43-inch-k-43s25vm2638851898206841289.jpg;https://cdn.tgdd.vn/Products/Images/1942/339083/Slider/google-tivi-sony-4k-43-inch-k-43s25vm2638851898207841187.jpg;https://cdn.tgdd.vn/Products/Images/1942/339083/Slider/google-tivi-sony-4k-43-inch-k-43s25vm2638851898208891213.jpg;https://cdn.tgdd.vn/Products/Images/1942/339083/Slider/google-tivi-sony-4k-43-inch-k-43s25vm2638851898209921184.jpg;https://cdnv2.tgdd.vn/mwg-static/dmx/Products/Images/1942/339083/google-tivi-sony-4k-43-inch-k-43s25vm2-1-638844796993399464-700x467.jpg;https://cdnv2.tgdd.vn/mwg-static/dmx/Products/Images/1942/339083/google-tivi-sony-4k-43-inch-k-43s25vm2-2-638844797000223938-700x467.jpg;https://cdnv2.tgdd.vn/mwg-static/dmx/Products/Images/1942/339083/google-tivi-sony-4k-43-inch-k-43s25vm2-3-638844797006883606-700x467.jpg;https://cdnv2.tgdd.vn/mwg-static/dmx/Products/Images/1942/339083/google-tivi-sony-4k-43-inch-k-43s25vm2-4-638844797016789404-700x467.jpg;https://cdnv2.tgdd.vn/mwg-static/dmx/Products/Images/1942/339083/google-tivi-sony-4k-43-inch-k-43s25vm2-5-638844797023804286-700x467.jpg;https://cdnv2.tgdd.vn/mwg-static/dmx/Products/Images/1942/339083/google-tivi-sony-4k-43-inch-k-43s25vm2-6-638844797029856839-700x467.jpg;https://cdnv2.tgdd.vn/mwg-static/dmx/Products/Images/1942/339083/google-tivi-sony-4k-43-inch-k-43s25vm2-7-638844797036660474-700x467.jpg;https://cdnv2.tgdd.vn/mwg-static/dmx/Products/Images/1942/339083/google-tivi-sony-4k-43-inch-k-43s25vm2-8-638844797042664625-700x467.jpg','https://cdnv2.tgdd.vn/mwg-static/dmx/Products/Images/1942/339083/google-tivi-sony-4k-43-inch-k-43s25vm2-1-638844796993399464-700x467.jpg',1,'Google Tivi Sony 4K 43 inch K-43S25VM2','12810000.0','google-tivi-sony-4k-43-inch-k-43s25vm2',11);
INSERT INTO Products VALUES(75,9,1,'55s25','2025-11-05 00:28:50','','',16,13650000.0,'https://cdn.tgdd.vn/Products/Images/1942/339081/Slider/google-tivi-sony-4k-55-inch-k-55s25vm2638851894565483494.jpg;https://cdn.tgdd.vn/Products/Images/1942/339081/Slider/google-tivi-sony-4k-55-inch-k-55s25vm2638851894566673502.jpg;https://cdn.tgdd.vn/Products/Images/1942/339081/Slider/google-tivi-sony-4k-55-inch-k-55s25vm2638851894567753488.jpg;https://cdn.tgdd.vn/Products/Images/1942/339081/Slider/google-tivi-sony-4k-55-inch-k-55s25vm2638851894568803651.jpg;https://cdn.tgdd.vn/Products/Images/1942/339081/Slider/google-tivi-sony-4k-55-inch-k-55s25vm2638851894571033550.jpg;https://cdn.tgdd.vn/Products/Images/1942/339081/Slider/google-tivi-sony-4k-55-inch-k-55s25vm2638851894572083527.jpg;https://cdn.tgdd.vn/Products/Images/1942/339081/Slider/google-tivi-sony-4k-55-inch-k-55s25vm2638851894573093574.jpg;https://cdn.tgdd.vn/Products/Images/1942/339081/Slider/google-tivi-sony-4k-55-inch-k-55s25vm2638851894574163633.jpg;https://cdn.tgdd.vn/Products/Images/1942/339081/Slider/google-tivi-sony-4k-55-inch-k-55s25vm2638851894575293568.jpg;https://cdn.tgdd.vn/Products/Images/1942/339081/Slider/google-tivi-sony-4k-55-inch-k-55s25vm2638851894576323590.jpg;https://cdnv2.tgdd.vn/mwg-static/dmx/Products/Images/1942/339081/google-tivi-sony-4k-55-inch-k-55s25vm2-1-638844792894979207-700x467.jpg;https://cdnv2.tgdd.vn/mwg-static/dmx/Products/Images/1942/339081/google-tivi-sony-4k-55-inch-k-55s25vm2-2-638844792902572071-700x467.jpg;https://cdnv2.tgdd.vn/mwg-static/dmx/Products/Images/1942/339081/google-tivi-sony-4k-55-inch-k-55s25vm2-3-638844792909561171-700x467.jpg;https://cdnv2.tgdd.vn/mwg-static/dmx/Products/Images/1942/339081/google-tivi-sony-4k-55-inch-k-55s25vm2-4-638844792916251528-700x467.jpg;https://cdnv2.tgdd.vn/mwg-static/dmx/Products/Images/1942/339081/google-tivi-sony-4k-55-inch-k-55s25vm2-5-638844792923460136-700x467.jpg;https://cdnv2.tgdd.vn/mwg-static/dmx/Products/Images/1942/339081/google-tivi-sony-4k-55-inch-k-55s25vm2-6-638844792929720295-700x467.jpg;https://cdnv2.tgdd.vn/mwg-static/dmx/Products/Images/1942/339081/google-tivi-sony-4k-55-inch-k-55s25vm2-7-638844792947321883-700x467.jpg;https://cdnv2.tgdd.vn/mwg-static/dmx/Products/Images/1942/339081/google-tivi-sony-4k-55-inch-k-55s25vm2-8-638844792953424581-700x467.jpg','https://cdnv2.tgdd.vn/mwg-static/dmx/Products/Images/1942/339081/google-tivi-sony-4k-55-inch-k-55s25vm2-1-638844792894979207-700x467.jpg',1,'Google Tivi Sony 4K 55 inch K-55S25VM2','16350000.0','google-tivi-sony-4k-55-inch-k-55s25vm2',11);
INSERT INTO Products VALUES(76,9,1,'65s25','2025-11-05 00:28:50','','',22,16370000.0,'https://cdn.tgdd.vn/Products/Images/1942/339080/Slider/google-tivi-sony-4k-65-inch-k-65s25vm2638851892939766827.jpg;https://cdn.tgdd.vn/Products/Images/1942/339080/Slider/google-tivi-sony-4k-65-inch-k-65s25vm2638851892941086726.jpg;https://cdn.tgdd.vn/Products/Images/1942/339080/Slider/google-tivi-sony-4k-65-inch-k-65s25vm2638851892942896751.jpg;https://cdn.tgdd.vn/Products/Images/1942/339080/Slider/google-tivi-sony-4k-65-inch-k-65s25vm2638851892943986743.jpg;https://cdn.tgdd.vn/Products/Images/1942/339080/Slider/google-tivi-sony-4k-65-inch-k-65s25vm2638851892945156709.jpg;https://cdn.tgdd.vn/Products/Images/1942/339080/Slider/google-tivi-sony-4k-65-inch-k-65s25vm2638851892946157206.jpg;https://cdn.tgdd.vn/Products/Images/1942/339080/Slider/google-tivi-sony-4k-65-inch-k-65s25vm2638851892947236748.jpg;https://cdn.tgdd.vn/Products/Images/1942/339080/Slider/google-tivi-sony-4k-65-inch-k-65s25vm2638851892948346774.jpg;https://cdn.tgdd.vn/Products/Images/1942/339080/Slider/google-tivi-sony-4k-65-inch-k-65s25vm2638851892949537228.jpg;https://cdn.tgdd.vn/Products/Images/1942/339080/Slider/google-tivi-sony-4k-65-inch-k-65s25vm2638851892950586773.jpg;https://cdnv2.tgdd.vn/mwg-static/dmx/Products/Images/1942/339080/google-tivi-sony-4k-65-inch-k-65s25vm2-1-638844790388720900-700x467.jpg;https://cdnv2.tgdd.vn/mwg-static/dmx/Products/Images/1942/339080/google-tivi-sony-4k-65-inch-k-65s25vm2-2-638844790396324054-700x467.jpg;https://cdnv2.tgdd.vn/mwg-static/dmx/Products/Images/1942/339080/google-tivi-sony-4k-65-inch-k-65s25vm2-3-638844790404442233-700x467.jpg;https://cdnv2.tgdd.vn/mwg-static/dmx/Products/Images/1942/339080/google-tivi-sony-4k-65-inch-k-65s25vm2-4-638844790412654136-700x467.jpg;https://cdnv2.tgdd.vn/mwg-static/dmx/Products/Images/1942/339080/google-tivi-sony-4k-65-inch-k-65s25vm2-5-638844790420070655-700x467.jpg;https://cdnv2.tgdd.vn/mwg-static/dmx/Products/Images/1942/339080/google-tivi-sony-4k-65-inch-k-65s25vm2-6-638844790427367178-700x467.jpg;https://cdnv2.tgdd.vn/mwg-static/dmx/Products/Images/1942/339080/google-tivi-sony-4k-65-inch-k-65s25vm2-7-638844790433209089-700x467.jpg;https://cdnv2.tgdd.vn/mwg-static/dmx/Products/Images/1942/339080/google-tivi-sony-4k-65-inch-k-65s25vm2-8-638844790440086510-700x467.jpg','https://cdnv2.tgdd.vn/mwg-static/dmx/Products/Images/1942/339080/google-tivi-sony-4k-65-inch-k-65s25vm2-2-638844790396324054-700x467.jpg',1,'Google Tivi Sony 4K 65 inch K-65S25VM2','21070000.0','google-tivi-sony-4k-65-inch-k-65s25vm2',11);
INSERT INTO Products VALUES(77,9,1,'55s30','2025-11-05 00:28:50','','',19,14450000.0,'https://cdn.tgdd.vn/Products/Images/1942/325313/Slider/1-1020x570.jpg;https://cdn.tgdd.vn/Products/Images/1942/325313/Slider/2-1020x570.jpg;https://cdn.tgdd.vn/Products/Images/1942/325313/Slider/3-1020x570.jpg;https://cdn.tgdd.vn/Products/Images/1942/325313/Slider/4-1020x570.jpg;https://cdn.tgdd.vn/Products/Images/1942/325313/Slider/5-1020x570.jpg;https://cdn.tgdd.vn/Products/Images/1942/325313/Slider/6-1020x570.jpg;https://cdn.tgdd.vn/Products/Images/1942/325313/Slider/7-1020x570.jpg;https://cdn.tgdd.vn/Products/Images/1942/325313/Slider/8-1020x570.jpg;https://cdn.tgdd.vn/Products/Images/1942/325313/Slider/9-1020x570.jpg;https://cdn.tgdd.vn/Products/Images/1942/325313/Slider/10-1020x570.jpg;https://cdn.tgdd.vn/Products/Images/1942/325313/Slider/11-1020x570.jpg;https://cdn.tgdd.vn/Products/Images/1942/325313/Slider/12-1020x570.jpg;https://cdn.tgdd.vn/Products/Images/1942/325313/Slider/13-1020x570.jpg;https://cdnv2.tgdd.vn/mwg-static/dmx/Products/Images/1942/325313/google-tivi-sony-4k-55-inch-k-55s30-1-638703403753106159-700x467.jpg;https://cdnv2.tgdd.vn/mwg-static/dmx/Products/Images/1942/325313/google-tivi-sony-4k-55-inch-k-55s30-2-638703403769119373-700x467.jpg;https://cdnv2.tgdd.vn/mwg-static/dmx/Products/Images/1942/325313/google-tivi-sony-4k-55-inch-k-55s30-3-638703403775094644-700x467.jpg;https://cdnv2.tgdd.vn/mwg-static/dmx/Products/Images/1942/325313/google-tivi-sony-4k-55-inch-k-55s30-4-638703403782087209-700x467.jpg;https://cdnv2.tgdd.vn/mwg-static/dmx/Products/Images/1942/325313/google-tivi-sony-4k-55-inch-k-55s30-5-638703403791338096-700x467.jpg;https://cdnv2.tgdd.vn/mwg-static/dmx/Products/Images/1942/325313/google-tivi-sony-4k-55-inch-k-55s30-6-638703403801055631-700x467.jpg;https://cdnv2.tgdd.vn/mwg-static/dmx/Products/Images/1942/325313/google-tivi-sony-4k-55-inch-k-55s30-7-638703403810278608-700x467.jpg;https://cdnv2.tgdd.vn/mwg-static/dmx/Products/Images/1942/325313/google-tivi-sony-4k-55-inch-k-55s30-8-638703403820926897-700x467.jpg;https://cdnv2.tgdd.vn/mwg-static/dmx/Products/Images/1942/325313/google-tivi-sony-4k-55-inch-k-55s30-9-638703403827333201-700x467.jpg;https://cdnv2.tgdd.vn/mwg-static/dmx/Products/Images/1942/325313/google-tivi-sony-4k-55-inch-k-55s30-10-638703403833951316-700x467.jpg;https://cdnv2.tgdd.vn/mwg-static/dmx/Products/Images/1942/325313/google-tivi-sony-4k-55-inch-k-55s30-11-638809995418208663-700x467.jpg;https://cdnv2.tgdd.vn/mwg-static/dmx/Products/Images/1942/325313/google-tivi-sony-4k-55-inch-k-55s30-12-638809995424806697-700x467.jpg;https://cdnv2.tgdd.vn/mwg-static/dmx/Products/Images/1942/325313/google-tivi-sony-4k-55-inch-k-55s30-12-638703403847616523-700x467.jpg','https://cdnv2.tgdd.vn/mwg-static/dmx/Products/Images/1942/325313/google-tivi-sony-4k-55-inch-k-55s30-1-638703403753106159-700x467.jpg',1,'Smart Google Tivi Sony 4K 55 inch K-55S30Tivi Samsung UHD 4K 65 INCH 2024','17870000.0','smart-google-tivi-sony-4k-55-inch-k-55s30tivi-samsung-uhd-4k-65-inch-2024',11);
INSERT INTO Products VALUES(78,9,1,'65s30','2025-11-05 00:28:50','','',20,17540000.0,'https://cdn.tgdd.vn/Products/Images/1942/325310/Slider/1-1020x570.jpg;https://cdn.tgdd.vn/Products/Images/1942/325310/Slider/2-1020x570.jpg;https://cdn.tgdd.vn/Products/Images/1942/325310/Slider/3-1020x570.jpg;https://cdn.tgdd.vn/Products/Images/1942/325310/Slider/4-1020x570.jpg;https://cdn.tgdd.vn/Products/Images/1942/325310/Slider/5-1020x570.jpg;https://cdn.tgdd.vn/Products/Images/1942/325310/Slider/6-1020x570.jpg;https://cdn.tgdd.vn/Products/Images/1942/325310/Slider/7-1020x570.jpg;https://cdn.tgdd.vn/Products/Images/1942/325310/Slider/8-1020x570.jpg;https://cdn.tgdd.vn/Products/Images/1942/325310/Slider/9-1020x570.jpg;https://cdn.tgdd.vn/Products/Images/1942/325310/Slider/10-1020x570.jpg;https://cdn.tgdd.vn/Products/Images/1942/325310/Slider/11-1020x570.jpg;https://cdn.tgdd.vn/Products/Images/1942/325310/Slider/12-1020x570.jpg;https://cdn.tgdd.vn/Products/Images/1942/325310/Slider/13-1020x570.jpg;https://cdnv2.tgdd.vn/mwg-static/dmx/Products/Images/1942/325310/google-tivi-sony-4k-65-inch-k-65s30-1-638689098054628599-700x467.jpg;https://cdnv2.tgdd.vn/mwg-static/dmx/Products/Images/1942/325310/google-tivi-sony-4k-65-inch-k-65s30-2-638689098064562149-700x467.jpg;https://cdnv2.tgdd.vn/mwg-static/dmx/Products/Images/1942/325310/google-tivi-sony-4k-65-inch-k-65s30-3-638689098071966576-700x467.jpg;https://cdnv2.tgdd.vn/mwg-static/dmx/Products/Images/1942/325310/google-tivi-sony-4k-65-inch-k-65s30-4-638689098079613428-700x467.jpg;https://cdnv2.tgdd.vn/mwg-static/dmx/Products/Images/1942/325310/google-tivi-sony-4k-65-inch-k-65s30-5-638689098089608623-700x467.jpg;https://cdnv2.tgdd.vn/mwg-static/dmx/Products/Images/1942/325310/google-tivi-sony-4k-65-inch-k-65s30-6-638689098095891137-700x467.jpg;https://cdnv2.tgdd.vn/mwg-static/dmx/Products/Images/1942/325310/google-tivi-sony-4k-65-inch-k-65s30-7-638689098104812358-700x467.jpg;https://cdnv2.tgdd.vn/mwg-static/dmx/Products/Images/1942/325310/google-tivi-sony-4k-65-inch-k-65s30-8-638689098111130467-700x467.jpg;https://cdnv2.tgdd.vn/mwg-static/dmx/Products/Images/1942/325310/google-tivi-sony-4k-65-inch-k-65s30-9-638689098119227069-700x467.jpg;https://cdnv2.tgdd.vn/mwg-static/dmx/Products/Images/1942/325310/google-tivi-sony-4k-65-inch-k-65s30-10-638689098127249237-700x467.jpg;https://cdnv2.tgdd.vn/mwg-static/dmx/Products/Images/1942/325310/google-tivi-sony-4k-65-inch-k-65s30-11-638809997973560704-700x467.jpg;https://cdnv2.tgdd.vn/mwg-static/dmx/Products/Images/1942/325310/google-tivi-sony-4k-65-inch-k-65s30-12-638809997980551249-700x467.jpg;https://cdnv2.tgdd.vn/mwg-static/dmx/Products/Images/1942/325310/google-tivi-sony-4k-65-inch-k-65s30-12-638689098141546253-700x467.jpg','https://cdnv2.tgdd.vn/mwg-static/dmx/Products/Images/1942/325310/google-tivi-sony-4k-65-inch-k-65s30-2-638689098064562149-700x467.jpg',1,'Google Tivi Sony 4K 65 inch K-65S30','21930000.0','google-tivi-sony-4k-65-inch-k-65s30',11);
INSERT INTO Products VALUES(79,9,1,'75s30','2025-11-05 00:28:50','','',15,26200000.0,'https://cdn.tgdd.vn/Products/Images/1942/325314/Slider/1-1020x570.jpg;https://cdn.tgdd.vn/Products/Images/1942/325314/Slider/2-1020x570.jpg;https://cdn.tgdd.vn/Products/Images/1942/325314/Slider/3-1020x570.jpg;https://cdn.tgdd.vn/Products/Images/1942/325314/Slider/4-1020x570.jpg;https://cdn.tgdd.vn/Products/Images/1942/325314/Slider/5-1020x570.jpg;https://cdn.tgdd.vn/Products/Images/1942/325314/Slider/6-1020x570.jpg;https://cdn.tgdd.vn/Products/Images/1942/325314/Slider/7-1020x570.jpg;https://cdn.tgdd.vn/Products/Images/1942/325314/Slider/8-1020x570.jpg;https://cdn.tgdd.vn/Products/Images/1942/325314/Slider/9-1020x570.jpg;https://cdn.tgdd.vn/Products/Images/1942/325314/Slider/10-1020x570.jpg;https://cdn.tgdd.vn/Products/Images/1942/325314/Slider/11-1020x570.jpg;https://cdn.tgdd.vn/Products/Images/1942/325314/Slider/12-1020x570.jpg;https://cdn.tgdd.vn/Products/Images/1942/325314/Slider/13-1020x570.jpg;https://cdnv2.tgdd.vn/mwg-static/dmx/Products/Images/1942/325314/google-tivi-sony-4k-75-inch-k-75s30-1-638705978127459913-700x467.jpg;https://cdnv2.tgdd.vn/mwg-static/dmx/Products/Images/1942/325314/google-tivi-sony-4k-75-inch-k-75s30-2-638705978135104837-700x467.jpg;https://cdnv2.tgdd.vn/mwg-static/dmx/Products/Images/1942/325314/google-tivi-sony-4k-75-inch-k-75s30-3-638705978143619677-700x467.jpg;https://cdnv2.tgdd.vn/mwg-static/dmx/Products/Images/1942/325314/google-tivi-sony-4k-75-inch-k-75s30-4-638705978150652835-700x467.jpg;https://cdnv2.tgdd.vn/mwg-static/dmx/Products/Images/1942/325314/google-tivi-sony-4k-75-inch-k-75s30-5-638705978157138711-700x467.jpg;https://cdnv2.tgdd.vn/mwg-static/dmx/Products/Images/1942/325314/google-tivi-sony-4k-75-inch-k-75s30-6-638705978164713584-700x467.jpg;https://cdnv2.tgdd.vn/mwg-static/dmx/Products/Images/1942/325314/google-tivi-sony-4k-75-inch-k-75s30-7-638705978170771278-700x467.jpg;https://cdnv2.tgdd.vn/mwg-static/dmx/Products/Images/1942/325314/google-tivi-sony-4k-75-inch-k-75s30-8-638705978176999067-700x467.jpg;https://cdnv2.tgdd.vn/mwg-static/dmx/Products/Images/1942/325314/google-tivi-sony-4k-75-inch-k-75s30-9-638705978193322792-700x467.jpg;https://cdnv2.tgdd.vn/mwg-static/dmx/Products/Images/1942/325314/google-tivi-sony-4k-75-inch-k-75s30-10-638705978199967325-700x467.jpg;https://cdnv2.tgdd.vn/mwg-static/dmx/Products/Images/1942/325314/google-tivi-sony-4k-75-inch-k-75s30-11-638809999884935725-700x467.jpg;https://cdnv2.tgdd.vn/mwg-static/dmx/Products/Images/1942/325314/google-tivi-sony-4k-75-inch-k-75s30-12-638809999891333752-700x467.jpg;https://cdnv2.tgdd.vn/mwg-static/dmx/Products/Images/1942/325314/google-tivi-sony-4k-75-inch-k-75s30-12-638705978212865806-700x467.jpg','https://cdnv2.tgdd.vn/mwg-static/dmx/Products/Images/1942/325314/google-tivi-sony-4k-75-inch-k-75s30-1-638705978127459913-700x467.jpg',1,'Google Tivi Sony 4K 75 inch K-75S30','31050000.0','google-tivi-sony-4k-75-inch-k-75s30',11);
INSERT INTO Products VALUES(80,9,1,'75s20','2025-11-05 00:28:50','','',20,22890000.0,'https://cdn.tgdd.vn/Products/Images/1942/325314/Slider/1-1020x570.jpg;https://cdn.tgdd.vn/Products/Images/1942/325314/Slider/2-1020x570.jpg;https://cdn.tgdd.vn/Products/Images/1942/325314/Slider/3-1020x570.jpg;https://cdn.tgdd.vn/Products/Images/1942/325314/Slider/4-1020x570.jpg;https://cdn.tgdd.vn/Products/Images/1942/325314/Slider/5-1020x570.jpg;https://cdn.tgdd.vn/Products/Images/1942/325314/Slider/6-1020x570.jpg;https://cdn.tgdd.vn/Products/Images/1942/325314/Slider/7-1020x570.jpg;https://cdn.tgdd.vn/Products/Images/1942/325314/Slider/8-1020x570.jpg;https://cdn.tgdd.vn/Products/Images/1942/325314/Slider/9-1020x570.jpg;https://cdn.tgdd.vn/Products/Images/1942/325314/Slider/10-1020x570.jpg;https://cdn.tgdd.vn/Products/Images/1942/325314/Slider/11-1020x570.jpg;https://cdn.tgdd.vn/Products/Images/1942/325314/Slider/12-1020x570.jpg;https://cdn.tgdd.vn/Products/Images/1942/325314/Slider/13-1020x570.jpg;https://cdnv2.tgdd.vn/mwg-static/dmx/Products/Images/1942/325314/google-tivi-sony-4k-75-inch-k-75s30-1-638705978127459913-700x467.jpg;https://cdnv2.tgdd.vn/mwg-static/dmx/Products/Images/1942/325314/google-tivi-sony-4k-75-inch-k-75s30-2-638705978135104837-700x467.jpg;https://cdnv2.tgdd.vn/mwg-static/dmx/Products/Images/1942/325314/google-tivi-sony-4k-75-inch-k-75s30-3-638705978143619677-700x467.jpg;https://cdnv2.tgdd.vn/mwg-static/dmx/Products/Images/1942/325314/google-tivi-sony-4k-75-inch-k-75s30-4-638705978150652835-700x467.jpg;https://cdnv2.tgdd.vn/mwg-static/dmx/Products/Images/1942/325314/google-tivi-sony-4k-75-inch-k-75s30-5-638705978157138711-700x467.jpg;https://cdnv2.tgdd.vn/mwg-static/dmx/Products/Images/1942/325314/google-tivi-sony-4k-75-inch-k-75s30-6-638705978164713584-700x467.jpg;https://cdnv2.tgdd.vn/mwg-static/dmx/Products/Images/1942/325314/google-tivi-sony-4k-75-inch-k-75s30-7-638705978170771278-700x467.jpg;https://cdnv2.tgdd.vn/mwg-static/dmx/Products/Images/1942/325314/google-tivi-sony-4k-75-inch-k-75s30-8-638705978176999067-700x467.jpg;https://cdnv2.tgdd.vn/mwg-static/dmx/Products/Images/1942/325314/google-tivi-sony-4k-75-inch-k-75s30-9-638705978193322792-700x467.jpg;https://cdnv2.tgdd.vn/mwg-static/dmx/Products/Images/1942/325314/google-tivi-sony-4k-75-inch-k-75s30-10-638705978199967325-700x467.jpg;https://cdnv2.tgdd.vn/mwg-static/dmx/Products/Images/1942/325314/google-tivi-sony-4k-75-inch-k-75s30-11-638809999884935725-700x467.jpg;https://cdnv2.tgdd.vn/mwg-static/dmx/Products/Images/1942/325314/google-tivi-sony-4k-75-inch-k-75s30-12-638809999891333752-700x467.jpg;https://cdnv2.tgdd.vn/mwg-static/dmx/Products/Images/1942/325314/google-tivi-sony-4k-75-inch-k-75s30-12-638705978212865806-700x467.jpg','https://dienmayanphu.vn/media/product/2812_tivi_sony_4k_75_inch_k_75s20_m2_11_org.jpg',1,'Google Tivi Sony 4K 75 inch K-75S20M2 Mới 2025','28800000.0','google-tivi-sony-4k-75-inch-k-75s20m2-mới-2025',11);
INSERT INTO Products VALUES(81,9,1,'65s20','2025-11-05 00:28:50','','',19,15830000.0,'https://cdn.tgdd.vn/Products/Images/1942/325310/Slider/1-1020x570.jpg;https://cdn.tgdd.vn/Products/Images/1942/325310/Slider/2-1020x570.jpg;https://cdn.tgdd.vn/Products/Images/1942/325310/Slider/3-1020x570.jpg;https://cdn.tgdd.vn/Products/Images/1942/325310/Slider/4-1020x570.jpg;https://cdn.tgdd.vn/Products/Images/1942/325310/Slider/5-1020x570.jpg;https://cdn.tgdd.vn/Products/Images/1942/325310/Slider/6-1020x570.jpg;https://cdn.tgdd.vn/Products/Images/1942/325310/Slider/7-1020x570.jpg;https://cdn.tgdd.vn/Products/Images/1942/325310/Slider/8-1020x570.jpg;https://cdn.tgdd.vn/Products/Images/1942/325310/Slider/9-1020x570.jpg;https://cdn.tgdd.vn/Products/Images/1942/325310/Slider/10-1020x570.jpg;https://cdn.tgdd.vn/Products/Images/1942/325310/Slider/11-1020x570.jpg;https://cdn.tgdd.vn/Products/Images/1942/325310/Slider/12-1020x570.jpg;https://cdn.tgdd.vn/Products/Images/1942/325310/Slider/13-1020x570.jpg;https://cdnv2.tgdd.vn/mwg-static/dmx/Products/Images/1942/325310/google-tivi-sony-4k-65-inch-k-65s30-1-638689098054628599-700x467.jpg;https://cdnv2.tgdd.vn/mwg-static/dmx/Products/Images/1942/325310/google-tivi-sony-4k-65-inch-k-65s30-2-638689098064562149-700x467.jpg;https://cdnv2.tgdd.vn/mwg-static/dmx/Products/Images/1942/325310/google-tivi-sony-4k-65-inch-k-65s30-3-638689098071966576-700x467.jpg;https://cdnv2.tgdd.vn/mwg-static/dmx/Products/Images/1942/325310/google-tivi-sony-4k-65-inch-k-65s30-4-638689098079613428-700x467.jpg;https://cdnv2.tgdd.vn/mwg-static/dmx/Products/Images/1942/325310/google-tivi-sony-4k-65-inch-k-65s30-5-638689098089608623-700x467.jpg;https://cdnv2.tgdd.vn/mwg-static/dmx/Products/Images/1942/325310/google-tivi-sony-4k-65-inch-k-65s30-6-638689098095891137-700x467.jpg;https://cdnv2.tgdd.vn/mwg-static/dmx/Products/Images/1942/325310/google-tivi-sony-4k-65-inch-k-65s30-7-638689098104812358-700x467.jpg;https://cdnv2.tgdd.vn/mwg-static/dmx/Products/Images/1942/325310/google-tivi-sony-4k-65-inch-k-65s30-8-638689098111130467-700x467.jpg;https://cdnv2.tgdd.vn/mwg-static/dmx/Products/Images/1942/325310/google-tivi-sony-4k-65-inch-k-65s30-9-638689098119227069-700x467.jpg;https://cdnv2.tgdd.vn/mwg-static/dmx/Products/Images/1942/325310/google-tivi-sony-4k-65-inch-k-65s30-10-638689098127249237-700x467.jpg;https://cdnv2.tgdd.vn/mwg-static/dmx/Products/Images/1942/325310/google-tivi-sony-4k-65-inch-k-65s30-11-638809997973560704-700x467.jpg;https://cdnv2.tgdd.vn/mwg-static/dmx/Products/Images/1942/325310/google-tivi-sony-4k-65-inch-k-65s30-12-638809997980551249-700x467.jpg;https://cdnv2.tgdd.vn/mwg-static/dmx/Products/Images/1942/325310/google-tivi-sony-4k-65-inch-k-65s30-12-638689098141546253-700x467.jpg','https://bizweb.dktcdn.net/thumb/grande/100/475/305/products/2025-05-27-143842-87d29e97-5171-4eff-8e34-af6d214c5ab4-3d0b4d13-ade6-4696-a480-1e221b1ea544.png?v=1748335594800',1,'Smart TiVi Sony BRAVIA 2 II 65 inch 4K HDR K-65S20','19580000.0','smart-tivi-sony-bravia-2-ii-65-inch-4k-hdr-k-65s20',11);
INSERT INTO Products VALUES(82,9,1,'55s20','2025-11-05 00:28:50','','',14,12680000.0,'https://cdn.tgdd.vn/Products/Images/1942/325313/Slider/1-1020x570.jpg;https://cdn.tgdd.vn/Products/Images/1942/325313/Slider/2-1020x570.jpg;https://cdn.tgdd.vn/Products/Images/1942/325313/Slider/3-1020x570.jpg;https://cdn.tgdd.vn/Products/Images/1942/325313/Slider/4-1020x570.jpg;https://cdn.tgdd.vn/Products/Images/1942/325313/Slider/5-1020x570.jpg;https://cdn.tgdd.vn/Products/Images/1942/325313/Slider/6-1020x570.jpg;https://cdn.tgdd.vn/Products/Images/1942/325313/Slider/7-1020x570.jpg;https://cdn.tgdd.vn/Products/Images/1942/325313/Slider/8-1020x570.jpg;https://cdn.tgdd.vn/Products/Images/1942/325313/Slider/9-1020x570.jpg;https://cdn.tgdd.vn/Products/Images/1942/325313/Slider/10-1020x570.jpg;https://cdn.tgdd.vn/Products/Images/1942/325313/Slider/11-1020x570.jpg;https://cdn.tgdd.vn/Products/Images/1942/325313/Slider/12-1020x570.jpg;https://cdn.tgdd.vn/Products/Images/1942/325313/Slider/13-1020x570.jpg;https://cdnv2.tgdd.vn/mwg-static/dmx/Products/Images/1942/325313/google-tivi-sony-4k-55-inch-k-55s30-1-638703403753106159-700x467.jpg;https://cdnv2.tgdd.vn/mwg-static/dmx/Products/Images/1942/325313/google-tivi-sony-4k-55-inch-k-55s30-2-638703403769119373-700x467.jpg;https://cdnv2.tgdd.vn/mwg-static/dmx/Products/Images/1942/325313/google-tivi-sony-4k-55-inch-k-55s30-3-638703403775094644-700x467.jpg;https://cdnv2.tgdd.vn/mwg-static/dmx/Products/Images/1942/325313/google-tivi-sony-4k-55-inch-k-55s30-4-638703403782087209-700x467.jpg;https://cdnv2.tgdd.vn/mwg-static/dmx/Products/Images/1942/325313/google-tivi-sony-4k-55-inch-k-55s30-5-638703403791338096-700x467.jpg;https://cdnv2.tgdd.vn/mwg-static/dmx/Products/Images/1942/325313/google-tivi-sony-4k-55-inch-k-55s30-6-638703403801055631-700x467.jpg;https://cdnv2.tgdd.vn/mwg-static/dmx/Products/Images/1942/325313/google-tivi-sony-4k-55-inch-k-55s30-7-638703403810278608-700x467.jpg;https://cdnv2.tgdd.vn/mwg-static/dmx/Products/Images/1942/325313/google-tivi-sony-4k-55-inch-k-55s30-8-638703403820926897-700x467.jpg;https://cdnv2.tgdd.vn/mwg-static/dmx/Products/Images/1942/325313/google-tivi-sony-4k-55-inch-k-55s30-9-638703403827333201-700x467.jpg;https://cdnv2.tgdd.vn/mwg-static/dmx/Products/Images/1942/325313/google-tivi-sony-4k-55-inch-k-55s30-10-638703403833951316-700x467.jpg;https://cdnv2.tgdd.vn/mwg-static/dmx/Products/Images/1942/325313/google-tivi-sony-4k-55-inch-k-55s30-11-638809995418208663-700x467.jpg;https://cdnv2.tgdd.vn/mwg-static/dmx/Products/Images/1942/325313/google-tivi-sony-4k-55-inch-k-55s30-12-638809995424806697-700x467.jpg;https://cdnv2.tgdd.vn/mwg-static/dmx/Products/Images/1942/325313/google-tivi-sony-4k-55-inch-k-55s30-12-638703403847616523-700x467.jpg','https://bizweb.dktcdn.net/thumb/grande/100/475/305/products/640621363e6fa2ce137b95e136553b07-ca03ae96-b10a-4198-a732-34eeef2fe76f-b9e6cf42-b97e-47bd-88d2-8deee0f3c535-d5d646bf-2efa-44b4-b81a-5cf846df39da-193f0ae5-c910-494f-8fa5-982e1e7b5c53.png?v=1748335080687',1,'Smart TiVi Sony BRAVIA 2 II 55 inch 4K HDR K-55S20 mẫu 2025','14830000.0','smart-tivi-sony-bravia-2-ii-55-inch-4k-hdr-k-55s20-mẫu-2025',11);
INSERT INTO Products VALUES(83,9,1,'55x90k','2025-11-05 00:28:50','','',18,14870000.0,'https://cdn.tgdd.vn/Products/Images/1942/277436/Slider/vi-vn-google-sony-4k-55-inch-xr-55x90k-02.gif;https://cdn.tgdd.vn/Products/Images/1942/277436/Slider/vi-vn-google-sony-4k-55-inch-xr-55x90k-03.gif;https://cdn.tgdd.vn/Products/Images/1942/277436/Slider/vi-vn-google-sony-4k-55-inch-xr-55x90k-04.gif;https://cdn.tgdd.vn/Products/Images/1942/277436/Slider/vi-vn-google-sony-4k-55-inch-xr-55x90k-05.jpg;https://cdn.tgdd.vn/Products/Images/1942/277436/Slider/vi-vn-google-sony-4k-55-inch-xr-55x90k-06.jpg;https://cdn.tgdd.vn/Products/Images/1942/277436/Slider/vi-vn-google-sony-4k-55-inch-xr-55x90k-07-1020x570.jpg;https://cdn.tgdd.vn/Products/Images/1942/277436/google-sony-4k-55-inch-xr-55x90k-01-700x467.jpg;https://cdn.tgdd.vn/Products/Images/1942/277436/google-sony-4k-55-inch-xr-55x90k-02-700x467.jpg;https://cdn.tgdd.vn/Products/Images/1942/277436/google-sony-4k-55-inch-xr-55x90k-03-700x467.jpg;https://cdn.tgdd.vn/Products/Images/1942/277436/google-sony-4k-55-inch-xr-55x90k--04-700x467.jpg;https://cdn.tgdd.vn/Products/Images/1942/277436/google-sony-4k-55-inch-xr-55x90k--05-700x467.jpg;https://cdn.tgdd.vn/Products/Images/1942/277436/google-sony-4k-55-inch-xr-55x90k--07-700x467.jpg;https://cdn.tgdd.vn/Products/Images/1942/277436/google-sony-4k-55-inch-xr-55x90k--08-700x467.jpg;https://cdn.tgdd.vn/Products/Images/1942/277436/google-sony-4k-55-inch-xr-55x90k--09-700x467.jpg;https://cdn.tgdd.vn/Products/Images/1942/277436/google-sony-4k-55-inch-xr-55x90k--10-700x467.jpg;https://cdn.tgdd.vn/Products/Images/1942/277436/google-sony-4k-55-inch-xr-55x90k--11-700x467.jpg;https://cdn.tgdd.vn/Products/Images/1942/277436/google-sony-4k-55-inch-xr-55x90k--12-700x467.jpg;https://cdn.tgdd.vn/Products/Images/1942/277436/google-sony-4k-55-inch-xr-55x90k-13-700x467.jpg;https://cdn.tgdd.vn/Products/Images/1942/277436/google-sony-4k-55-inch-xr-55x90k--14-700x467.jpg','https://cdn.tgdd.vn/Products/Images/1942/277436/google-sony-4k-55-inch-xr-55x90k-02-700x467.jpg',1,'Google Tivi Sony 4K 55 inch XR-55X90K','18320000.0','google-tivi-sony-4k-55-inch-xr-55x90k',11);
INSERT INTO Products VALUES(84,1,1,'75x77L','2025-11-05 00:28:50','','',14,18690000.0,'https://cdn.tgdd.vn/Products/Images/1942/308366/Slider/google-tivi-sony-4k-75-inch-kd-75x77l638239966697180351.jpg;https://cdn.tgdd.vn/Products/Images/1942/308366/Slider/google-tivi-sony-4k-75-inch-kd-75x77l638239966696300345.jpg;https://cdn.tgdd.vn/Products/Images/1942/308366/Slider/google-tivi-sony-4k-75-inch-kd-75x77l638239966695510353.jpg;https://cdn.tgdd.vn/Products/Images/1942/308366/Slider/google-tivi-sony-4k-75-inch-kd-75x77l638239966694700321.jpg;https://cdn.tgdd.vn/Products/Images/1942/308366/Slider/google-tivi-sony-4k-75-inch-kd-75x77l638239966693900364.jpg;https://cdn.tgdd.vn/Products/Images/1942/308366/Slider/google-tivi-sony-4k-75-inch-kd-75x77l638239966692840376.jpg;https://cdn.tgdd.vn/Products/Images/1942/308366/Slider/google-tivi-sony-4k-75-inch-kd-75x77l638239972529574004.jpg;https://cdn.tgdd.vn/Products/Images/1942/308366/Slider/google-tivi-sony-4k-75-inch-kd-75x77l638239966691220362.jpg;https://cdnv2.tgdd.vn/mwg-static/dmx/Products/Images/1942/308366/google-tivi-sony-4k-75-inch-kd-75x77l-1-638711534900366456-700x467.jpg;https://cdnv2.tgdd.vn/mwg-static/dmx/Products/Images/1942/308366/google-tivi-sony-4k-75-inch-kd-75x77l-2-638711534912989786-700x467.jpg;https://cdnv2.tgdd.vn/mwg-static/dmx/Products/Images/1942/308366/google-tivi-sony-4k-75-inch-kd-75x77l-3-638711534919587065-700x467.jpg;https://cdnv2.tgdd.vn/mwg-static/dmx/Products/Images/1942/308366/google-tivi-sony-4k-75-inch-kd-75x77l-4-638711534927379091-700x467.jpg;https://cdnv2.tgdd.vn/mwg-static/dmx/Products/Images/1942/308366/google-tivi-sony-4k-75-inch-kd-75x77l-5-638711534939094525-700x467.jpg;https://cdnv2.tgdd.vn/mwg-static/dmx/Products/Images/1942/308366/google-tivi-sony-4k-75-inch-kd-75x77l-6-638711534948253587-700x467.jpg;https://cdnv2.tgdd.vn/mwg-static/dmx/Products/Images/1942/308366/google-tivi-sony-4k-75-inch-kd-75x77l-7-638711534955884885-700x467.jpg;https://cdnv2.tgdd.vn/mwg-static/dmx/Products/Images/1942/308366/google-tivi-sony-4k-75-inch-kd-75x77l-8-638711534964969399-700x467.jpg;https://cdnv2.tgdd.vn/mwg-static/dmx/Products/Images/1942/308366/google-tivi-sony-4k-75-inch-kd-75x77l-9-638711534972067382-700x467.jpg;https://cdnv2.tgdd.vn/mwg-static/dmx/Products/Images/1942/308366/google-tivi-sony-4k-75-inch-kd-75x77l-10-638711534978557532-700x467.jpg;https://cdnv2.tgdd.vn/mwg-static/dmx/Products/Images/1942/308366/google-tivi-sony-4k-75-inch-kd-75x77l-11-638809986789085898-700x467.jpg;https://cdnv2.tgdd.vn/mwg-static/dmx/Products/Images/1942/308366/google-tivi-sony-4k-75-inch-kd-75x77l-12-638809986797485462-700x467.jpg;https://cdnv2.tgdd.vn/mwg-static/dmx/Products/Images/1942/308366/google-tivi-sony-4k-75-inch-kd-75x77l-12-638711534993181458-700x467.jpg','https://cdnv2.tgdd.vn/mwg-static/dmx/Products/Images/1942/308366/google-tivi-sony-4k-75-inch-kd-75x77l-1-638711534900366456-700x467.jpg',1,'Google Tivi Sony 4K 75 inch KD-75X77L','21840000.0','google-tivi-sony-4k-75-inch-kd-75x77l',11);
INSERT INTO Products VALUES(85,3,1,'43lm5750','2025-11-05 00:40:46','','',16,6350000.0,'https://cdn.tgdd.vn/Products/Images/1942/82001/tivi-toshiba-43l5650-700x467-1.jpg;https://cdn.tgdd.vn/Products/Images/1942/82001/tivi-toshiba-43l5650-700x467-2.jpg','https://cdn.tgdd.vn/Products/Images/1942/203143/lg-43lm5700ptc-1-2-700x467.jpg',1,'Smart Tivi LG 43 inch 43LM5700PTC','7613000.0','smart-tivi-lg-43-inch-43lm5700ptc',11);
INSERT INTO Products VALUES(86,3,1,'43au7350','2025-11-05 00:40:46','','',17,7230000.0,'https://cdn.tgdd.vn/Products/Images/1942/97333/tivi-toshiba-43u7650-org-2-700x467.jpg;https://cdn.tgdd.vn/Products/Images/1942/97333/tivi-toshiba-43u7650-org-3-700x467.jpg;https://cdn.tgdd.vn/Products/Images/1942/97333/tivi-toshiba-43u7650-org-4-1-700x467.jpg;https://cdn.tgdd.vn/Products/Images/1942/97333/tivi-toshiba-43u7650-org-5-1-700x467.jpg;https://cdn.tgdd.vn/Products/Images/1942/97333/tivi-toshiba-43u7650-org-6-1-700x467.jpg;https://cdn.tgdd.vn/Products/Images/1942/97333/tivi-toshiba-43u7650-org-7-700x467.jpg;https://cdn.tgdd.vn/Products/Images/1942/97333/tivi-toshiba-43u7650-org-8-700x467.jpg;https://cdn.tgdd.vn/Products/Images/1942/97333/tivi-toshiba-43u7650-org-9-700x467.jpg;https://cdn.tgdd.vn/Products/Images/1942/97333/tivi-toshiba-43u7650-org-10-700x467.jpg;https://cdn.tgdd.vn/Products/Images/1942/97333/tivi-toshiba-43u7650-org-11-700x467.jpg;https://cdn.tgdd.vn/Products/Images/1942/97333/tivi-toshiba-43u7650-org-12-700x467.jpg','https://cdn2.cellphones.com.vn/insecure/rs:fill:0:358/q:90/plain/https://cellphones.com.vn/media/catalog/product/s/m/smart-tivi-lg-uhd-43ua7350-4k-43-inch-2025_1_.png',1,'Smart Tivi LG UHD 4K 43 inch 2025 (43UA7350)','8776000.0','smart-tivi-lg-uhd-4k-43-inch-2025-(43ua7350)',11);
INSERT INTO Products VALUES(87,3,1,'43uq7050','2025-11-05 00:40:46','','',16,7130000.0,'https://cdn.tgdd.vn/Products/Images/1942/110269/tivi-toshiba-43u6750-2-700x467.jpg;https://cdn.tgdd.vn/Products/Images/1942/110269/tivi-toshiba-43u6750-3-700x467.jpg;https://cdn.tgdd.vn/Products/Images/1942/110269/tivi-toshiba-43u6750-4-700x467.jpg;https://cdn.tgdd.vn/Products/Images/1942/110269/tivi-toshiba-43u6750-5-700x467.jpg;https://cdn.tgdd.vn/Products/Images/1942/110269/tivi-toshiba-43u6750-6-700x467.jpg;https://cdn.tgdd.vn/Products/Images/1942/110269/tivi-toshiba-43u6750-7-700x467.jpg;https://cdn.tgdd.vn/Products/Images/1942/110269/tivi-toshiba-43u6750-8-700x467.jpg;https://cdn.tgdd.vn/Products/Images/1942/110269/tivi-toshiba-43u6750-9-700x467.jpg','https://www.lg.com/content/dam/channel/wcms/vn/images/tivi/43uq7050psa_atvq_eavh_vn_c/gallery/large01.jpg?w=800',1,'Tivi LG UHD UQ7050 43 inch 4K Smart TV','8589000.0','tivi-lg-uhd-uq7050-43-inch-4k-smart-tv',11);
INSERT INTO Products VALUES(88,3,1,'50ua7350','2025-11-05 00:40:46','','',19,8540000.0,'','https://www.lg.com/content/dam/channel/wcms/vn/2025_ms_lg-com/tv/uhd/ua73/gp1/gallery/50-ua73-a/gallery/uhd-ua73-2025-50-gallery-01.jpg/jcr:content/renditions/thum-1600x1062.jpeg?w=800',1,'TV LG AI 2025 UHD AI UA73 50 inch','10650000.0','tv-lg-ai-2025-uhd-ai-ua73-50-inch',11);
INSERT INTO Products VALUES(89,3,1,'55ua7350','2025-11-05 00:40:46','','',19,9260000.0,'','https://www.lg.com/content/dam/channel/wcms/vn/2025_ms_lg-com/tv/uhd/ua73/gp1/gallery/55-ua73-a/gallery/uhd-ua73-2025-55-gallery-01.jpg/jcr:content/renditions/thum-1600x1062.jpeg?w=800',1,'TV LG AI 2025 UHD AI UA73 55 inch','11470000.0','tv-lg-ai-2025-uhd-ai-ua73-55-inch',11);
INSERT INTO Products VALUES(90,3,1,'65ut7350','2025-11-05 00:40:46','','',17,10960000.0,'https://cdn.tgdd.vn/Products/Images/1942/328078/smart-tivi-lg-4k-65-inch-65ut7350psb-2-700x467.jpg;https://cdn.tgdd.vn/Products/Images/1942/328078/smart-tivi-lg-4k-65-inch-65ut7350psb-3-700x467.jpg;https://cdn.tgdd.vn/Products/Images/1942/328078/smart-tivi-lg-4k-65-inch-65ut7350psb-4-700x467.jpg;https://cdn.tgdd.vn/Products/Images/1942/328078/smart-tivi-lg-4k-65-inch-65ut7350psb-5-700x467.jpg;https://cdn.tgdd.vn/Products/Images/1942/328078/smart-tivi-lg-4k-65-inch-65ut7350psb-6-700x467.jpg','https://www.lg.com/content/dam/channel/wcms/vn/images/tivi/65ut7350psb_atvq_eavh_vn_c/gallery/uhd-ut73-65-55-50-a-gallery-01-v2.jpg/jcr:content/renditions/thum-1600x1062.jpeg?w=800',1,'65 Inch LG UHD AI UT73 4K Smart TV 2024','13270000.0','65-inch-lg-uhd-ai-ut73-4k-smart-tv-2024',11);
INSERT INTO Products VALUES(91,3,1,'55ut8050','2025-11-05 00:40:46','','',22,9850000.0,'https://cdn.tgdd.vn/Products/Images/1942/324905/Slider/3-1020x570.jpg;https://cdn.tgdd.vn/Products/Images/1942/324905/Slider/4-1020x570.jpg;https://cdn.tgdd.vn/Products/Images/1942/324905/Slider/6-1020x570.jpg;https://cdn.tgdd.vn/Products/Images/1942/324905/Slider/7-1020x570.jpg;https://cdn.tgdd.vn/Products/Images/1942/324905/Slider/8-1020x570.jpg;https://cdn.tgdd.vn/Products/Images/1942/324905/Slider/9-1020x570.jpg;https://cdn.tgdd.vn/Products/Images/1942/324905/Slider/10-1020x570.jpg;https://cdn.tgdd.vn/Products/Images/1942/324905/Slider/11-1020x570.jpg;https://cdn.tgdd.vn/Products/Images/1942/324905/Slider/12-1020x570.jpg;https://cdnv2.tgdd.vn/mwg-static/dmx/Products/Images/1942/324905/tivi-led-lg-4k-55-inch-55ut8050psb-1-638685845099408421-700x467.jpg;https://cdnv2.tgdd.vn/mwg-static/dmx/Products/Images/1942/324905/tivi-led-lg-4k-55-inch-55ut8050psb-2-638685845109001002-700x467.jpg;https://cdnv2.tgdd.vn/mwg-static/dmx/Products/Images/1942/324905/tivi-led-lg-4k-55-inch-55ut8050psb-3-638685845121078317-700x467.jpg;https://cdnv2.tgdd.vn/mwg-static/dmx/Products/Images/1942/324905/tivi-led-lg-4k-55-inch-55ut8050psb-4-638685845129142655-700x467.jpg;https://cdnv2.tgdd.vn/mwg-static/dmx/Products/Images/1942/324905/tivi-led-lg-4k-55-inch-55ut8050psb-5-638685845136229014-700x467.jpg;https://cdnv2.tgdd.vn/mwg-static/dmx/Products/Images/1942/324905/tivi-led-lg-4k-55-inch-55ut8050psb-6-638685845144110260-700x467.jpg;https://cdnv2.tgdd.vn/mwg-static/dmx/Products/Images/1942/324905/tivi-led-lg-4k-55-inch-55ut8050psb-7-638685845150853199-700x467.jpg;https://cdnv2.tgdd.vn/mwg-static/dmx/Products/Images/1942/324905/tivi-led-lg-4k-55-inch-55ut8050psb-8-638685845157915811-700x467.jpg;https://cdnv2.tgdd.vn/mwg-static/dmx/Products/Images/1942/324905/tivi-led-lg-4k-55-inch-55ut8050psb-9-638685845164004442-700x467.jpg;https://cdnv2.tgdd.vn/mwg-static/dmx/Products/Images/1942/324905/tivi-led-lg-4k-55-inch-55ut8050psb-10-638685845173306669-700x467.jpg;https://cdnv2.tgdd.vn/mwg-static/dmx/Products/Images/1942/324905/tivi-led-lg-4k-55-inch-55ut8050psb-11-638685845182016757-700x467.jpg;https://cdnv2.tgdd.vn/mwg-static/dmx/Products/Images/1942/324905/tivi-led-lg-4k-55-inch-55ut8050psb-12-638685845188911381-700x467.jpg;https://cdnv2.tgdd.vn/mwg-static/dmx/Products/Images/1942/324905/tivi-led-lg-4k-55-inch-55ut8050psb-13-638685845195602704-700x467.jpg','https://www.lg.com/content/dam/channel/wcms/vn/images/tivi/55ut8050psb_atv_eavh_vn_c/gallery/uhd-ut80-65-55-50-b-gallery-01-v3.jpg/jcr:content/renditions/thum-1600x1062.jpeg?w=800',1,'TV LG UHD AI 55 Inch 55UT8050PSB','12790000.0','tv-lg-uhd-ai-55-inch-55ut8050psb',11);
INSERT INTO Products VALUES(92,2,1,'43E31RP','2025-11-05 00:45:58','','',14,5420000.0,'https://cdn.tgdd.vn/Products/Images/1942/341420/Slider/2-1020x570.jpg;https://cdn.tgdd.vn/Products/Images/1942/341420/Slider/3-1020x570.jpg;https://cdn.tgdd.vn/Products/Images/1942/341420/Slider/4-1020x570.jpg;https://cdn.tgdd.vn/Products/Images/1942/341420/Slider/5-1020x570.jpg;https://cdn.tgdd.vn/Products/Images/1942/341420/Slider/6-1020x570.jpg;https://cdn.tgdd.vn/Products/Images/1942/341420/Slider/7-1020x570.jpg;https://cdn.tgdd.vn/Products/Images/1942/341420/Slider/8-1020x570.jpg;https://cdnv2.tgdd.vn/mwg-static/dmx/Products/Images/1942/341420/smart-tivi-toshiba-fhd-43-inch-43v35rp-1-638889795821026422-700x467.jpg;https://cdnv2.tgdd.vn/mwg-static/dmx/Products/Images/1942/341420/smart-tivi-toshiba-fhd-43-inch-43v35rp-2-638889795812285285-700x467.jpg;https://cdnv2.tgdd.vn/mwg-static/dmx/Products/Images/1942/341420/smart-tivi-toshiba-fhd-43-inch-43v35rp-3-638889795800888142-700x467.jpg;https://cdnv2.tgdd.vn/mwg-static/dmx/Products/Images/1942/341420/smart-tivi-toshiba-fhd-43-inch-43v35rp-4-638890022808218559-700x467.jpg','https://cdn11.dienmaycholon.vn/filewebdmclnew/DMCL21/Picture//Apro/Apro_product_36831/smart-tivi-tosh_main_709_1020.png.webp',1,'Smart Tivi Toshiba Full HD 43 Inch 43E31RP','6366000.0','smart-tivi-toshiba-full-hd-43-inch-43e31rp',11);
INSERT INTO Products VALUES(93,2,1,'55E330NP','2025-11-05 00:45:58','','',19,8020000.0,'https://cdn.tgdd.vn/Products/Images/1942/311368/Slider/smart-tivi-toshiba-4k-55-inch-55e330mp638300376657268935.jpg;https://cdn.tgdd.vn/Products/Images/1942/311368/Slider/smart-tivi-toshiba-4k-55-inch-55e330mp638300376658118954.jpg;https://cdn.tgdd.vn/Products/Images/1942/311368/Slider/smart-tivi-toshiba-4k-55-inch-55e330mp638300376659048948.jpg;https://cdn.tgdd.vn/Products/Images/1942/311368/Slider/smart-tivi-toshiba-4k-55-inch-55e330mp638300376660029053.jpg;https://cdn.tgdd.vn/Products/Images/1942/311368/Slider/smart-tivi-toshiba-4k-55-inch-55e330mp638300376660898978.jpg;https://cdn.tgdd.vn/Products/Images/1942/311368/Slider/smart-tivi-toshiba-4k-55-inch-55e330mp638300376661938959.jpg;https://cdn.tgdd.vn/Products/Images/1942/311368/Slider/smart-tivi-toshiba-4k-55-inch-55e330mp638300376662788975.jpg;https://cdn.tgdd.vn/Products/Images/1942/311368/Slider/smart-tivi-toshiba-4k-55-inch-55e330mp638300376663649048-1020x570.jpg;https://cdnv2.tgdd.vn/mwg-static/dmx/Products/Images/1942/311368/smart-tivi-toshiba-4k-55-inch-55e330mp-1-638684711647801691-700x467.jpg;https://cdnv2.tgdd.vn/mwg-static/dmx/Products/Images/1942/311368/smart-tivi-toshiba-4k-55-inch-55e330mp-2-638684711655190875-700x467.jpg;https://cdnv2.tgdd.vn/mwg-static/dmx/Products/Images/1942/311368/smart-tivi-toshiba-4k-55-inch-55e330mp-3-638684711664441038-700x467.jpg;https://cdnv2.tgdd.vn/mwg-static/dmx/Products/Images/1942/311368/smart-tivi-toshiba-4k-55-inch-55e330mp-4-638684711672258362-700x467.jpg;https://cdnv2.tgdd.vn/mwg-static/dmx/Products/Images/1942/311368/smart-tivi-toshiba-4k-55-inch-55e330mp-5-638684711680111615-700x467.jpg;https://cdnv2.tgdd.vn/mwg-static/dmx/Products/Images/1942/311368/smart-tivi-toshiba-4k-55-inch-55e330mp-6-638684711690576374-700x467.jpg;https://cdnv2.tgdd.vn/mwg-static/dmx/Products/Images/1942/311368/smart-tivi-toshiba-4k-55-inch-55e330mp-7-638684711703001519-700x467.jpg;https://cdnv2.tgdd.vn/mwg-static/dmx/Products/Images/1942/311368/smart-tivi-toshiba-4k-55-inch-55e330mp-8-638684711722567615-700x467.jpg;https://cdnv2.tgdd.vn/mwg-static/dmx/Products/Images/1942/311368/smart-tivi-toshiba-4k-55-inch-55e330mp-9-638684711734107150-700x467.jpg;https://cdnv2.tgdd.vn/mwg-static/dmx/Products/Images/1942/311368/smart-tivi-toshiba-4k-55-inch-55e330mp-10-638684711744179945-700x467.jpg;https://cdnv2.tgdd.vn/mwg-static/dmx/Products/Images/1942/311368/smart-tivi-toshiba-4k-55-inch-55e330mp-11-638684711752751477-700x467.jpg;https://cdnv2.tgdd.vn/mwg-static/dmx/Products/Images/1942/311368/smart-tivi-toshiba-4k-55-inch-55e330mp-12-638684711764525621-700x467.jpg;https://cdnv2.tgdd.vn/mwg-static/dmx/Products/Images/1942/311368/smart-tivi-toshiba-4k-55-inch-55e330mp-13-638684711771933216-700x467.jpg','https://cdn11.dienmaycholon.vn/filewebdmclnew/DMCL21/Picture//Apro/Apro_product_35082/smart-tivi-toshiba-4k-55-inch-55e330np-main--340.png',1,'Smart Tivi Toshiba 4K 55 Inch 55E330NP','10010000.0','smart-tivi-toshiba-4k-55-inch-55e330np',11);
INSERT INTO Products VALUES(94,2,1,'65E330NP','2025-11-05 00:45:58','','',20,10160000.0,'https://cdnv2.tgdd.vn/mwg-static/dmx/Products/Images/1942/332974/smart-tivi-toshiba-4k-65-inch-65e330np-2-638695217973720262-700x467.jpg;https://cdnv2.tgdd.vn/mwg-static/dmx/Products/Images/1942/332974/smart-tivi-toshiba-4k-65-inch-65e330np-3-638695217981955700-700x467.jpg;https://cdnv2.tgdd.vn/mwg-static/dmx/Products/Images/1942/332974/smart-tivi-toshiba-4k-65-inch-65e330np-4-638695217989485964-700x467.jpg;https://cdnv2.tgdd.vn/mwg-static/dmx/Products/Images/1942/332974/smart-tivi-toshiba-4k-65-inch-65e330np-5-638695217996632645-700x467.jpg;https://cdnv2.tgdd.vn/mwg-static/dmx/Products/Images/1942/332974/smart-tivi-toshiba-4k-65-inch-65e330np-6-638695218003721433-700x467.jpg','https://cdn11.dienmaycholon.vn/filewebdmclnew/DMCL21/Picture//Apro/Apro_product_35083/smart-tivi-tosh_main_656_1020.png.webp',1,'Smart Tivi Toshiba 4K 65 Inch 65E330NP','12770000.0','smart-tivi-toshiba-4k-65-inch-65e330np',11);
INSERT INTO Products VALUES(95,2,1,'75C350NP','2025-11-05 00:45:58','','',18,14230000.0,'https://cdn.tgdd.vn/Products/Images/1942/341428/Slider/smart-tivi-toshiba-ai-4k-55-inch-55c350rp638978439524656561.jpg;https://cdn.tgdd.vn/Products/Images/1942/341428/Slider/smart-tivi-toshiba-ai-4k-55-inch-55c350rp638978439525996574.jpg;https://cdn.tgdd.vn/Products/Images/1942/341428/Slider/smart-tivi-toshiba-ai-4k-55-inch-55c350rp638978439527226497.jpg;https://cdn.tgdd.vn/Products/Images/1942/341428/Slider/smart-tivi-toshiba-ai-4k-55-inch-55c350rp638978439528416515.jpg;https://cdn.tgdd.vn/Products/Images/1942/341428/Slider/smart-tivi-toshiba-ai-4k-55-inch-55c350rp638978439529496695.jpg;https://cdn.tgdd.vn/Products/Images/1942/341428/Slider/smart-tivi-toshiba-ai-4k-55-inch-55c350rp638978439530716520.jpg;https://cdn.tgdd.vn/Products/Images/1942/341428/Slider/smart-tivi-toshiba-ai-4k-55-inch-55c350rp638978439531836600.jpg;https://cdn.tgdd.vn/Products/Images/1942/341428/Slider/smart-tivi-toshiba-ai-4k-55-inch-55c350rp638978439533086537.jpg;https://cdnv2.tgdd.vn/mwg-static/dmx/Products/Images/1942/341428/smart-tivi-toshiba-ai-4k-55-inch-55c350rp-11-638893189514031294-700x467.jpg;https://cdnv2.tgdd.vn/mwg-static/dmx/Products/Images/1942/341428/smart-tivi-toshiba-ai-4k-55-inch-55c350rp-12-638893189524765854-700x467.jpg;https://cdnv2.tgdd.vn/mwg-static/dmx/Products/Images/1942/341428/smart-tivi-toshiba-ai-4k-55-inch-55c350rp-13-638893189534715830-700x467.jpg;https://cdnv2.tgdd.vn/mwg-static/dmx/Products/Images/1942/341428/smart-tivi-toshiba-ai-4k-55-inch-55c350rp-14-638893189540899686-700x467.jpg;https://cdnv2.tgdd.vn/mwg-static/dmx/Products/Images/1942/341428/smart-tivi-toshiba-ai-4k-55-inch-55c350rp-05-638889772609498492-700x467.jpg','https://cdn11.dienmaycholon.vn/filewebdmclnew/DMCL21/Picture//Apro/Apro_product_35084/smart-tivi-toshiba-4k-75-inch-75c350np-main--761.png',1,'Smart Tivi Toshiba 4K 75 Inch 75C350NP','17360000.0','smart-tivi-toshiba-4k-75-inch-75c350np',11);
INSERT INTO Products VALUES(96,3,2,'LTB21BLMD','2025-11-05 01:38:15','','',16,5420000.0,'https://dienmay88.vn/wp-content/uploads/2025/02/tu-lanh-lg-217-lit-ltb21blmd-1.jpg;https://dienmay88.vn/wp-content/uploads/2025/02/tu-lanh-lg-217-lit-ltb21blmd-2.jpg;https://dienmay88.vn/wp-content/uploads/2025/02/tu-lanh-lg-217-lit-ltb21blmd-3.jpg;https://dienmay88.vn/wp-content/uploads/2025/02/tu-lanh-lg-217-lit-ltb21blmd-4.jpg;https://dienmay88.vn/wp-content/uploads/2025/02/tu-lanh-lg-217-lit-ltb21blmd-5.jpg;https://dienmay88.vn/wp-content/uploads/2025/02/tu-lanh-lg-217-lit-ltb21blmd-6.jpg;https://dienmay88.vn/wp-content/uploads/2025/02/tu-lanh-lg-217-lit-ltb21blmd-7.jpg;https://dienmay88.vn/wp-content/uploads/2025/02/tu-lanh-lg-217-lit-ltb21blmd-8.jpg','https://dienmay88.vn/wp-content/uploads/2025/02/tu-lanh-lg-217-lit-ltb21blmd-1.jpg',1,'Tủ lạnh ngăn đá trên Essence 217L đen mờ LTB21BLMD','6512000.0','tủ-lạnh-ngăn-đá-trên-essence-217l-đen-mờ-ltb21blmd',11);
INSERT INTO Products VALUES(97,3,2,'LTB31BLM','2025-11-05 01:38:15','','',18,7170000.0,'https://dienmay88.vn/wp-content/uploads/2025/03/tu-lanh-lg-inverter-315-lit-ltb31blma-1.jpg;https://dienmay88.vn/wp-content/uploads/2025/03/tu-lanh-lg-inverter-315-lit-ltb31blma-2.jpg;https://dienmay88.vn/wp-content/uploads/2025/03/tu-lanh-lg-inverter-315-lit-ltb31blma-3.jpg;https://dienmay88.vn/wp-content/uploads/2025/03/tu-lanh-lg-inverter-315-lit-ltb31blma-4.jpg;https://dienmay88.vn/wp-content/uploads/2025/03/tu-lanh-lg-inverter-315-lit-ltb31blma-5.jpg;https://dienmay88.vn/wp-content/uploads/2025/03/tu-lanh-lg-inverter-315-lit-ltb31blma-6.jpg;https://dienmay88.vn/wp-content/uploads/2025/03/tu-lanh-lg-inverter-315-lit-ltb31blma-7.jpg;https://dienmay88.vn/wp-content/uploads/2025/03/tu-lanh-lg-inverter-315-lit-ltb31blma-8.jpg;https://dienmay88.vn/wp-content/uploads/2025/03/tu-lanh-lg-inverter-315-lit-ltb31blma-9.jpg;https://dienmay88.vn/wp-content/uploads/2025/03/tu-lanh-lg-inverter-315-lit-ltb31blma-10.jpg;https://dienmay88.vn/wp-content/uploads/2025/03/tu-lanh-lg-inverter-315-lit-ltb31blma-11.jpg;https://dienmay88.vn/wp-content/uploads/2025/03/tu-lanh-lg-inverter-315-lit-ltb31blma-12.jpg;https://dienmay88.vn/wp-content/uploads/2025/03/tu-lanh-lg-inverter-315-lit-ltb31blma-13.jpg','https://dienmay88.vn/wp-content/uploads/2025/03/tu-lanh-lg-inverter-315-lit-ltb31blma-1.jpg',1,'Tủ lạnh LG ngăn đá trên Smart Inverter™ 315L màu đen LTB31BLM','8831000.0','tủ-lạnh-lg-ngăn-đá-trên-smart-inverter™-315l-màu-đen-ltb31blm',11);
INSERT INTO Products VALUES(98,3,2,'LTB31BLMA','2025-11-05 01:38:15','','',22,7820000.0,'https://dienmay88.vn/wp-content/uploads/2025/03/tu-lanh-lg-inverter-315-lit-ltb31blma-1.jpg;https://dienmay88.vn/wp-content/uploads/2025/03/tu-lanh-lg-inverter-315-lit-ltb31blma-2.jpg;https://dienmay88.vn/wp-content/uploads/2025/03/tu-lanh-lg-inverter-315-lit-ltb31blma-3.jpg;https://dienmay88.vn/wp-content/uploads/2025/03/tu-lanh-lg-inverter-315-lit-ltb31blma-4.jpg;https://dienmay88.vn/wp-content/uploads/2025/03/tu-lanh-lg-inverter-315-lit-ltb31blma-5.jpg;https://dienmay88.vn/wp-content/uploads/2025/03/tu-lanh-lg-inverter-315-lit-ltb31blma-6.jpg;https://dienmay88.vn/wp-content/uploads/2025/03/tu-lanh-lg-inverter-315-lit-ltb31blma-7.jpg;https://dienmay88.vn/wp-content/uploads/2025/03/tu-lanh-lg-inverter-315-lit-ltb31blma-8.jpg;https://dienmay88.vn/wp-content/uploads/2025/03/tu-lanh-lg-inverter-315-lit-ltb31blma-9.jpg;https://dienmay88.vn/wp-content/uploads/2025/03/tu-lanh-lg-inverter-315-lit-ltb31blma-10.jpg;https://dienmay88.vn/wp-content/uploads/2025/03/tu-lanh-lg-inverter-315-lit-ltb31blma-11.jpg;https://dienmay88.vn/wp-content/uploads/2025/03/tu-lanh-lg-inverter-315-lit-ltb31blma-12.jpg;https://dienmay88.vn/wp-content/uploads/2025/03/tu-lanh-lg-inverter-315-lit-ltb31blma-13.jpg','https://dienmay88.vn/wp-content/uploads/2025/03/tu-lanh-lg-inverter-315-lit-ltb31blma-1.jpg',1,'Tủ lạnh LG ngăn đá trên 315L','10100000.0','tủ-lạnh-lg-ngăn-đá-trên-315l',11);
INSERT INTO Products VALUES(99,3,2,'LTD33BLM','2025-11-05 01:38:15','','',14,8940000.0,'https://dienmay88.vn/wp-content/uploads/2024/09/tu-lanh-lg-inverter-334-lit-ltd33blm-1.png;https://dienmay88.vn/wp-content/uploads/2024/09/tu-lanh-lg-inverter-334-lit-ltd33blm-2.png;https://dienmay88.vn/wp-content/uploads/2024/09/tu-lanh-lg-inverter-334-lit-ltd33blm-3.png;https://dienmay88.vn/wp-content/uploads/2024/09/tu-lanh-lg-inverter-334-lit-ltd33blm-4.png;https://dienmay88.vn/wp-content/uploads/2024/09/tu-lanh-lg-inverter-334-lit-ltd33blm-5.png;https://dienmay88.vn/wp-content/uploads/2024/09/tu-lanh-lg-inverter-334-lit-ltd33blm-6.png;https://dienmay88.vn/wp-content/uploads/2024/09/tu-lanh-lg-inverter-334-lit-ltd33blm-7.png;https://dienmay88.vn/wp-content/uploads/2024/09/tu-lanh-lg-inverter-334-lit-ltd33blm-8.png;https://dienmay88.vn/wp-content/uploads/2024/09/tu-lanh-lg-inverter-334-lit-ltd33blm-9.png;https://dienmay88.vn/wp-content/uploads/2024/09/tu-lanh-lg-inverter-334-lit-ltd33blm-10.png','https://dienmay88.vn/wp-content/uploads/2024/09/tu-lanh-lg-inverter-334-lit-ltd33blm-1.png',1,'Tủ lạnh LG ngăn đá trên Smart Inverter™ 332L màu đen LTD33BLM','10400000.0','tủ-lạnh-lg-ngăn-đá-trên-smart-inverter™-332l-màu-đen-ltd33blm',11);
INSERT INTO Products VALUES(100,3,2,'LTD37BLM','2025-11-05 01:38:15','','',15,8460000.0,'https://dienmay88.vn/wp-content/uploads/2024/09/tu-lanh-lg-inverter-374-lit-ltd37blm-1.png;https://dienmay88.vn/wp-content/uploads/2024/09/tu-lanh-lg-inverter-374-lit-ltd37blm-2.png;https://dienmay88.vn/wp-content/uploads/2024/09/tu-lanh-lg-inverter-374-lit-ltd37blm-3.png;https://dienmay88.vn/wp-content/uploads/2024/09/tu-lanh-lg-inverter-374-lit-ltd37blm-4.png;https://dienmay88.vn/wp-content/uploads/2024/09/tu-lanh-lg-inverter-374-lit-ltd37blm-5.png;https://dienmay88.vn/wp-content/uploads/2024/09/tu-lanh-lg-inverter-374-lit-ltd37blm-9.png;https://dienmay88.vn/wp-content/uploads/2024/09/tu-lanh-lg-inverter-374-lit-ltd37blm-10.png;https://dienmay88.vn/wp-content/uploads/2024/09/tu-lanh-lg-inverter-374-lit-ltd37blm-11.jpg;https://dienmay88.vn/wp-content/uploads/2024/09/tu-lanh-lg-inverter-374-lit-ltd37blm-14.png','https://dienmay88.vn/wp-content/uploads/2024/09/tu-lanh-lg-inverter-374-lit-ltd37blm-1.png',1,'Tủ lạnh LG ngăn đá trên Smart Inverter™ với công nghệ DoorCooling+™ 374L màu đen LTD37BLM','9975000.0','tủ-lạnh-lg-ngăn-đá-trên-smart-inverter™-với-công-nghệ-doorcooling+™-374l-màu-đen-ltd37blm',11);
INSERT INTO Products VALUES(101,3,2,'LFB47SVM','2025-11-05 01:38:15','','',20,12880000.0,'https://dienmay88.vn/wp-content/uploads/2025/05/tu-lanh-lg-inverter-474-lit-multi-door-lfb47svm-1.jpg;https://dienmay88.vn/wp-content/uploads/2025/05/tu-lanh-lg-inverter-474-lit-multi-door-lfb47svm-2.jpg;https://dienmay88.vn/wp-content/uploads/2025/05/tu-lanh-lg-inverter-474-lit-multi-door-lfb47svm-3.jpg;https://dienmay88.vn/wp-content/uploads/2025/05/tu-lanh-lg-inverter-474-lit-multi-door-lfb47svm-4.jpg;https://dienmay88.vn/wp-content/uploads/2025/05/tu-lanh-lg-inverter-474-lit-multi-door-lfb47svm-7.jpg;https://dienmay88.vn/wp-content/uploads/2025/05/tu-lanh-lg-inverter-474-lit-multi-door-lfb47svm-13.jpg','https://dienmay88.vn/wp-content/uploads/2025/05/tu-lanh-lg-inverter-474-lit-multi-door-lfb47svm-1.jpg',1,'Tủ lạnh LG Inverter 474 lít Multi Door LFB47SVM','16130000.0','tủ-lạnh-lg-inverter-474-lít-multi-door-lfb47svm',11);
INSERT INTO Products VALUES(102,3,2,'LFB47BLG','2025-11-05 01:38:15','','',15,14240000.0,'https://dienmay88.vn/wp-content/uploads/2024/12/tu-lanh-lg-inverter-474-lit-multi-door-lfb47blg-1.jpg;https://dienmay88.vn/wp-content/uploads/2024/12/tu-lanh-lg-inverter-474-lit-multi-door-lfb47blg-2.jpg;https://dienmay88.vn/wp-content/uploads/2024/12/tu-lanh-lg-inverter-474-lit-multi-door-lfb47blg-3.jpg;https://dienmay88.vn/wp-content/uploads/2024/12/tu-lanh-lg-inverter-474-lit-multi-door-lfb47blg-4.jpg;https://dienmay88.vn/wp-content/uploads/2024/12/tu-lanh-lg-inverter-474-lit-multi-door-lfb47blg-5.jpg;https://dienmay88.vn/wp-content/uploads/2024/12/tu-lanh-lg-inverter-474-lit-multi-door-lfb47blg-6.jpg;https://dienmay88.vn/wp-content/uploads/2024/12/tu-lanh-lg-inverter-474-lit-multi-door-lfb47blg-7.jpg;https://dienmay88.vn/wp-content/uploads/2024/12/tu-lanh-lg-inverter-474-lit-multi-door-lfb47blg-8.jpg','https://dienmay88.vn/wp-content/uploads/2024/12/tu-lanh-lg-inverter-474-lit-multi-door-lfb47blg-1.jpg',1,'Tủ lạnh LG French door mặt gương màu đen 474L LFB47BLG','16790000.0','tủ-lạnh-lg-french-door-mặt-gương-màu-đen-474l-lfb47blg',11);
INSERT INTO Products VALUES(103,3,2,'G257BL','2025-11-05 01:38:15','','',22,24870000.0,'https://dienmay88.vn/wp-content/uploads/2024/03/tu-lanh-lg-inverter-635-lit-side-by-side-instaview-gr-g257bl.png;https://dienmay88.vn/wp-content/uploads/2024/03/tu-lanh-lg-inverter-635-lit-side-by-side-instaview-gr-g257bl-1.png;https://dienmay88.vn/wp-content/uploads/2024/03/tu-lanh-lg-inverter-635-lit-side-by-side-instaview-gr-g257bl-2.png','https://dienmay88.vn/wp-content/uploads/2024/03/tu-lanh-lg-inverter-635-lit-side-by-side-instaview-gr-g257bl.png',1,'Tủ lạnh LG Instaview lấy nước ngoài UVnano 635L màu đen GR-G257BL','32280000.0','tủ-lạnh-lg-instaview-lấy-nước-ngoài-uvnano-635l-màu-đen-gr-g257bl',11);
INSERT INTO Products VALUES(104,3,2,'LSI63BLMA','2025-11-05 01:38:15','','',19,20300000.0,'https://dienmay88.vn/wp-content/uploads/2024/10/tu-lanh-lg-inverter-641-lit-side-by-side-lsi63blma-1.jpg;https://dienmay88.vn/wp-content/uploads/2024/10/tu-lanh-lg-inverter-641-lit-side-by-side-lsi63blma-2.jpg;https://dienmay88.vn/wp-content/uploads/2024/10/tu-lanh-lg-inverter-641-lit-side-by-side-lsi63blma-3.jpg;https://dienmay88.vn/wp-content/uploads/2024/10/tu-lanh-lg-inverter-641-lit-side-by-side-lsi63blma-4.jpg;https://dienmay88.vn/wp-content/uploads/2024/10/tu-lanh-lg-inverter-641-lit-side-by-side-lsi63blma-5.jpg;https://dienmay88.vn/wp-content/uploads/2024/10/tu-lanh-lg-inverter-641-lit-side-by-side-lsi63blma-6.jpg;https://dienmay88.vn/wp-content/uploads/2024/10/tu-lanh-lg-inverter-641-lit-side-by-side-lsi63blma-7.jpg;https://dienmay88.vn/wp-content/uploads/2024/10/tu-lanh-lg-inverter-641-lit-side-by-side-lsi63blma-8.jpg;https://dienmay88.vn/wp-content/uploads/2024/10/tu-lanh-lg-inverter-641-lit-side-by-side-lsi63blma-9.jpg;https://dienmay88.vn/wp-content/uploads/2024/10/tu-lanh-lg-inverter-641-lit-side-by-side-lsi63blma-10.jpg','https://dienmay88.vn/wp-content/uploads/2024/10/tu-lanh-lg-inverter-641-lit-side-by-side-lsi63blma-1.jpg',1,'Tủ lạnh LG Side by Side lấy nước ngoài 641L màu đen LSI63BLMA','25260000.0','tủ-lạnh-lg-side-by-side-lấy-nước-ngoài-641l-màu-đen-lsi63blma',11);
INSERT INTO Products VALUES(105,3,2,'LFB58BLMA','2025-11-05 01:38:15','','',23,20400000.0,'https://dienmay88.vn/wp-content/uploads/2025/05/tu-lanh-lg-inverter-575-lit-lfb58blma.jpg;https://dienmay88.vn/wp-content/uploads/2025/05/tu-lanh-lg-inverter-575-lit-lfb58blma-1.jpg;https://dienmay88.vn/wp-content/uploads/2025/05/tu-lanh-lg-inverter-575-lit-lfb58blma-2.jpg;https://dienmay88.vn/wp-content/uploads/2025/05/tu-lanh-lg-inverter-575-lit-lfb58blma-3.jpg;https://dienmay88.vn/wp-content/uploads/2025/05/tu-lanh-lg-inverter-575-lit-lfb58blma-4.jpg;https://dienmay88.vn/wp-content/uploads/2025/05/tu-lanh-lg-inverter-575-lit-lfb58blma-5.jpg;https://dienmay88.vn/wp-content/uploads/2025/05/tu-lanh-lg-inverter-575-lit-lfb58blma-6.jpg;https://dienmay88.vn/wp-content/uploads/2025/05/tu-lanh-lg-inverter-575-lit-lfb58blma-7.jpg;https://dienmay88.vn/wp-content/uploads/2025/05/tu-lanh-lg-inverter-575-lit-lfb58blma-8.jpg;https://dienmay88.vn/wp-content/uploads/2025/05/tu-lanh-lg-inverter-575-lit-lfb58blma-9.jpg','https://dienmay88.vn/wp-content/uploads/2025/05/tu-lanh-lg-inverter-575-lit-lfb58blma.jpg',1,'Tủ lạnh LG French Door màu đen lì 574L LFB58BLMA','26510000.0','tủ-lạnh-lg-french-door-màu-đen-lì-574l-lfb58blma',11);
INSERT INTO Products VALUES(106,3,2,'B256BL','2025-11-05 01:38:15','','',19,11530000.0,'https://dienmay88.vn/wp-content/uploads/2023/07/tu-lanh-lg-inverter-519-lit-gr-b256bl.png;https://dienmay88.vn/wp-content/uploads/2023/07/tu-lanh-lg-inverter-519-lit-gr-b256bl-1.png;https://dienmay88.vn/wp-content/uploads/2023/07/tu-lanh-lg-inverter-519-lit-gr-b256bl-2.png;https://dienmay88.vn/wp-content/uploads/2023/07/tu-lanh-lg-inverter-519-lit-gr-b256bl-3.png;https://dienmay88.vn/wp-content/uploads/2023/07/tu-lanh-lg-inverter-519-lit-gr-b256bl-4.png;https://dienmay88.vn/wp-content/uploads/2023/07/tu-lanh-lg-inverter-519-lit-gr-b256bl-5.png;https://dienmay88.vn/wp-content/uploads/2023/07/tu-lanh-lg-inverter-519-lit-gr-b256bl-6.png;https://dienmay88.vn/wp-content/uploads/2023/07/tu-lanh-lg-inverter-519-lit-gr-b256bl-7.png;https://dienmay88.vn/wp-content/uploads/2023/07/tu-lanh-lg-inverter-519-lit-gr-b256bl-8.png','https://dienmay88.vn/wp-content/uploads/2023/07/tu-lanh-lg-inverter-519-lit-gr-b256bl.png',1,'Tủ lạnh LG Side by side 519L màu đen GR-B256BL','14320000.0','tủ-lạnh-lg-side-by-side-519l-màu-đen-gr-b256bl',11);
INSERT INTO Products VALUES(107,3,2,'X257BG','2025-11-05 01:38:15','','',19,32300000.0,'https://dienmay88.vn/wp-content/uploads/2023/12/tu-lanh-lg-inverter-635-lit-side-by-side-instaview-door-in-door-gr-x257bg.png;https://dienmay88.vn/wp-content/uploads/2023/12/tu-lanh-lg-inverter-635-lit-side-by-side-instaview-door-in-door-gr-x257bg-1.png;https://dienmay88.vn/wp-content/uploads/2023/12/tu-lanh-lg-inverter-635-lit-side-by-side-instaview-door-in-door-gr-x257bg-2.png;https://dienmay88.vn/wp-content/uploads/2023/12/tu-lanh-lg-inverter-635-lit-side-by-side-instaview-door-in-door-gr-x257bg-3.png;https://dienmay88.vn/wp-content/uploads/2023/12/tu-lanh-lg-inverter-635-lit-side-by-side-instaview-door-in-door-gr-x257bg-4.png;https://dienmay88.vn/wp-content/uploads/2023/12/tu-lanh-lg-inverter-635-lit-side-by-side-instaview-door-in-door-gr-x257bg-5.png;https://dienmay88.vn/wp-content/uploads/2023/12/tu-lanh-lg-inverter-635-lit-side-by-side-instaview-door-in-door-gr-x257bg-6.png;https://dienmay88.vn/wp-content/uploads/2023/12/tu-lanh-lg-inverter-635-lit-side-by-side-instaview-door-in-door-gr-x257bg-12.png;https://dienmay88.vn/wp-content/uploads/2023/12/tu-lanh-lg-inverter-635-lit-side-by-side-instaview-door-in-door-gr-x257bg-13.png;https://dienmay88.vn/wp-content/uploads/2023/12/tu-lanh-lg-inverter-635-lit-side-by-side-instaview-door-in-door-gr-x257bg-14.png','https://dienmay88.vn/wp-content/uploads/2023/12/tu-lanh-lg-inverter-635-lit-side-by-side-instaview-door-in-door-gr-x257bg.png',1,'Tủ lạnh LG Instaview Door-in-door và ngăn lấy nước ngoài UV nano 635L màu be GR-X257BG','40320000.0','tủ-lạnh-lg-instaview-door-in-door-và-ngăn-lấy-nước-ngoài-uv-nano-635l-màu-be-gr-x257bg',11);
INSERT INTO Products VALUES(108,4,2,'NR-TV261APSV','2025-11-05 03:32:03','','',19,7460000.0,'https://cdn.tgdd.vn/Products/Images/1943/237337/Slider/tu-lanh-panasonic-inverter-234-lit-R-TV261APSV-2-1020x570.png;https://cdn.tgdd.vn/Products/Images/1943/237337/Slider/4-min-1--1020x570-1020x570.jpg;https://cdn.tgdd.vn/Products/Images/1943/237337/Slider/tu-lanh-panasonic-inverter-234-lit-R-TV261APSV-6-1020x570.png;https://cdn.tgdd.vn/Products/Images/1943/237337/Slider/tu-lanh-panasonic-inverter-234-lit-R-TV261APSV-4-1020x570.png;https://cdn.tgdd.vn/Products/Images/1943/237337/panasonic-nr-tv261apsv-2-2-700x467.jpg;https://cdn.tgdd.vn/Products/Images/1943/237337/panasonic-nr-tv261apsv-3-1-700x467.jpg;https://cdn.tgdd.vn/Products/Images/1943/237337/panasonic-nr-tv261apsv-4-1-700x467.jpg;https://cdn.tgdd.vn/Products/Images/1943/237337/panasonic-nr-tv261apsv-5-1-700x467.jpg;https://cdn.tgdd.vn/Products/Images/1943/237337/panasonic-nr-tv261apsv-6-1-700x467.jpg;https://cdn.tgdd.vn/Products/Images/1943/237337/panasonic-nr-tv261apsv-7-1-700x467.jpg;https://cdn.tgdd.vn/Products/Images/1943/237337/panasonic-nr-tv261apsv-8-1-700x467.jpg;https://cdn.tgdd.vn/Products/Images/1943/237337/panasonic-nr-tv261apsv-9-1-700x467.jpg;https://cdn.tgdd.vn/Products/Images/1943/237337/panasonic-nr-tv261apsv-10-1-700x467.jpg;https://cdn.tgdd.vn/Products/Images/1943/237337/panasonic-nr-tv261apsv-11-1-700x467.jpg;https://cdn.tgdd.vn/Products/Images/1943/237337/panasonic-nr-tv261apsv-12-1-700x467.jpg','https://cdn.tgdd.vn/Products/Images/1943/237337/panasonic-nr-tv261apsv-3-1-700x467.jpg',1,'Tủ lạnh Panasonic Inverter 234 lít NR-TV261APSV','9227000.0','tủ-lạnh-panasonic-inverter-234-lít-nr-tv261apsv',11);
INSERT INTO Products VALUES(109,4,2,'NR-SP275CPAV','2025-11-05 03:32:03','','',22,7940000.0,'https://dienmay88.vn/wp-content/uploads/2025/05/tu-lanh-panasonic-inverter-251-lit-nr-sp275cpav.jpg;https://dienmay88.vn/wp-content/uploads/2025/05/tu-lanh-panasonic-inverter-251-lit-nr-sp275cpav-1.jpg;https://dienmay88.vn/wp-content/uploads/2025/05/tu-lanh-panasonic-inverter-251-lit-nr-sp275cpav-2.jpg;https://dienmay88.vn/wp-content/uploads/2025/05/tu-lanh-panasonic-inverter-251-lit-nr-sp275cpav-3.jpg','https://dienmay88.vn/wp-content/uploads/2025/05/tu-lanh-panasonic-inverter-251-lit-nr-sp275cpav.jpg',1,'Tủ lạnh Panasonic Inverter 251 lít NR-SP275CPAV','10300000.0','tủ-lạnh-panasonic-inverter-251-lít-nr-sp275cpav',11);
INSERT INTO Products VALUES(110,4,2,'NR-BV331CPKV','2025-11-05 03:32:03','','',21,13070000.0,'https://dienmay88.vn/wp-content/uploads/2023/01/tu-lanh-panasonic-inverter-300-lit-nr-bv331cpkv.jpg;https://dienmay88.vn/wp-content/uploads/2023/01/tu-lanh-panasonic-inverter-300-lit-nr-bv331cpkv-1.jpg;https://dienmay88.vn/wp-content/uploads/2023/01/tu-lanh-panasonic-inverter-300-lit-nr-bv331cpkv-2.jpg','https://dienmay88.vn/wp-content/uploads/2023/01/tu-lanh-panasonic-inverter-300-lit-nr-bv331cpkv.jpg',1,'Tủ lạnh 2 cửa NR-BV331CPKV','16650000.0','tủ-lạnh-2-cửa-nr-bv331cpkv',11);
INSERT INTO Products VALUES(111,4,2,'NR-BX421GPKV','2025-11-05 03:32:03','','',21,13780000.0,'https://dienmay88.vn/wp-content/uploads/2021/04/tu-lanh-panasonic-inverter-377-lit-nr-bx421gpkv.jpg;https://dienmay88.vn/wp-content/uploads/2021/04/tu-lanh-panasonic-inverter-377-lit-nr-bx421gpkv-1.jpg;https://dienmay88.vn/wp-content/uploads/2021/04/tu-lanh-panasonic-inverter-377-lit-nr-bx421gpkv-2.jpg;https://dienmay88.vn/wp-content/uploads/2021/04/tu-lanh-panasonic-inverter-377-lit-nr-bx421gpkv-3.jpg;https://dienmay88.vn/wp-content/uploads/2021/04/tu-lanh-panasonic-inverter-377-lit-nr-bx421gpkv-4.jpg;https://dienmay88.vn/wp-content/uploads/2021/04/tu-lanh-panasonic-inverter-377-lit-nr-bx421gpkv-5.jpg;https://dienmay88.vn/wp-content/uploads/2021/04/tu-lanh-panasonic-inverter-377-lit-nr-bx421gpkv-6.jpg;https://dienmay88.vn/wp-content/uploads/2021/04/tu-lanh-panasonic-inverter-377-lit-nr-bx421gpkv-7.jpg;https://dienmay88.vn/wp-content/uploads/2021/04/tu-lanh-panasonic-inverter-377-lit-nr-bx421gpkv-8.jpg;https://dienmay88.vn/wp-content/uploads/2021/04/tu-lanh-panasonic-inverter-377-lit-nr-bx421gpkv-9.jpg;https://dienmay88.vn/wp-content/uploads/2021/04/tu-lanh-panasonic-inverter-377-lit-nr-bx421gpkv-10.jpg;https://dienmay88.vn/wp-content/uploads/2021/04/tu-lanh-panasonic-inverter-377-lit-nr-bx421gpkv-11.jpg','https://dienmay88.vn/wp-content/uploads/2021/04/tu-lanh-panasonic-inverter-377-lit-nr-bx421gpkv.jpg',1,'Tủ lạnh Panasonic Inverter 377 lít NR-BX421GPKV','17530000.0','tủ-lạnh-panasonic-inverter-377-lít-nr-bx421gpkv',11);
INSERT INTO Products VALUES(112,4,2,'NR-BX421XGKV','2025-11-05 03:32:03','','',18,14880000.0,'https://dienmay88.vn/wp-content/uploads/2022/09/tu-lanh-panasonic-inverter-380-lit-nr-bx421xgkv.jpg;https://dienmay88.vn/wp-content/uploads/2022/09/tu-lanh-panasonic-inverter-380-lit-nr-bx421xgkv-1.jpg;https://dienmay88.vn/wp-content/uploads/2022/09/tu-lanh-panasonic-inverter-380-lit-nr-bx421xgkv-2.jpg;https://dienmay88.vn/wp-content/uploads/2022/09/tu-lanh-panasonic-inverter-380-lit-nr-bx421xgkv-3.jpg','https://dienmay88.vn/wp-content/uploads/2022/09/tu-lanh-panasonic-inverter-380-lit-nr-bx421xgkv.jpg',1,'Tủ Lạnh Panasonic Inverter 380 Lít NR-BX421XGKV','18220000.0','tủ-lạnh-panasonic-inverter-380-lít-nr-bx421xgkv',11);
INSERT INTO Products VALUES(113,4,2,'NR-BX421WGKV','2025-11-05 03:32:03','','',18,14080000.0,'https://dienmay88.vn/wp-content/uploads/2021/04/tu-lanh-panasonic-inverter-377-lit-nr-bx421wgkv.jpg;https://dienmay88.vn/wp-content/uploads/2021/04/tu-lanh-panasonic-inverter-377-lit-nr-bx421wgkv-1.jpg;https://dienmay88.vn/wp-content/uploads/2021/04/tu-lanh-panasonic-inverter-377-lit-nr-bx421wgkv-2.jpg','https://dienmay88.vn/wp-content/uploads/2021/04/tu-lanh-panasonic-inverter-377-lit-nr-bx421wgkv.jpg',1,'Tủ lạnh Panasonic Inverter 377 lít NR-BX421GPKV','17350000.0','tủ-lạnh-panasonic-inverter-377-lít-nr-bx421gpkv',11);
INSERT INTO Products VALUES(114,4,2,'NR-BX471GPKV','2025-11-05 03:32:03','','',22,14470000.0,'https://dienmay88.vn/wp-content/uploads/2021/04/tu-lanh-panasonic-inverter-417-lit-nr-bx471gpkv.jpg;https://dienmay88.vn/wp-content/uploads/2021/04/tu-lanh-panasonic-inverter-417-lit-nr-bx471gpkv-1.jpg;https://dienmay88.vn/wp-content/uploads/2021/04/tu-lanh-panasonic-inverter-417-lit-nr-bx471gpkv-2.jpg;https://dienmay88.vn/wp-content/uploads/2021/04/tu-lanh-panasonic-inverter-417-lit-nr-bx471gpkv-3.jpg;https://dienmay88.vn/wp-content/uploads/2021/04/tu-lanh-panasonic-inverter-417-lit-nr-bx471gpkv-6.jpg;https://dienmay88.vn/wp-content/uploads/2021/04/tu-lanh-panasonic-inverter-417-lit-nr-bx471gpkv-7.jpg;https://dienmay88.vn/wp-content/uploads/2021/04/tu-lanh-panasonic-inverter-417-lit-nr-bx471gpkv-8.jpg;https://dienmay88.vn/wp-content/uploads/2021/04/tu-lanh-panasonic-inverter-417-lit-nr-bx471gpkv-9.jpg;https://dienmay88.vn/wp-content/uploads/2021/04/tu-lanh-panasonic-inverter-417-lit-nr-bx471gpkv-10.jpg;https://dienmay88.vn/wp-content/uploads/2021/04/tu-lanh-panasonic-inverter-417-lit-nr-bx471gpkv-13.jpg','https://dienmay88.vn/wp-content/uploads/2021/04/tu-lanh-panasonic-inverter-417-lit-nr-bx471gpkv.jpg',1,'Tủ lạnh Panasonic Inverter 417 lít NR-BX471GPKV','18650000.0','tủ-lạnh-panasonic-inverter-417-lít-nr-bx471gpkv',11);
INSERT INTO Products VALUES(115,4,2,'NR-BX471XGKV','2025-11-05 03:32:03','','',19,15980000.0,'https://dienmay88.vn/wp-content/uploads/2022/09/tu-lanh-panasonic-inverter-420-lit-nr-bx471xgkv.jpg;https://dienmay88.vn/wp-content/uploads/2022/09/tu-lanh-panasonic-inverter-420-lit-nr-bx471xgkv-1.jpg;https://dienmay88.vn/wp-content/uploads/2022/09/tu-lanh-panasonic-inverter-420-lit-nr-bx471xgkv-2.jpg;https://dienmay88.vn/wp-content/uploads/2022/09/tu-lanh-panasonic-inverter-420-lit-nr-bx471xgkv-3.jpg','https://dienmay88.vn/wp-content/uploads/2022/09/tu-lanh-panasonic-inverter-420-lit-nr-bx471xgkv.jpg',1,'Tủ Lạnh Panasonic Inverter 420 Lít NR-BX471XGKV','19840000.0','tủ-lạnh-panasonic-inverter-420-lít-nr-bx471xgkv',11);
INSERT INTO Products VALUES(116,4,2,'NR-BX471WGKV','2025-11-05 03:32:03','','',15,15280000.0,'https://dienmay88.vn/wp-content/uploads/2021/04/tu-lanh-panasonic-inverter-420-lit-nr-bx471wgkv.jpg;https://dienmay88.vn/wp-content/uploads/2021/04/tu-lanh-panasonic-inverter-420-lit-nr-bx471wgkv-1.jpg;https://dienmay88.vn/wp-content/uploads/2021/04/tu-lanh-panasonic-inverter-420-lit-nr-bx471wgkv-2.jpg','https://dienmay88.vn/wp-content/uploads/2021/04/tu-lanh-panasonic-inverter-420-lit-nr-bx471wgkv.jpg',1,'Tủ Lạnh Panasonic Inverter 420 Lít NR-BX471WGKV','18180000.0','tủ-lạnh-panasonic-inverter-420-lít-nr-bx471wgkv',11);
INSERT INTO Products VALUES(117,4,2,'NR-BV361GPKV','2025-11-05 03:32:03','','',17,14160000.0,'https://dienmay88.vn/wp-content/uploads/2023/02/tu-lanh-panasonic-inverter-325-lit-nr-bv361gpkv.jpg;https://dienmay88.vn/wp-content/uploads/2023/02/tu-lanh-panasonic-inverter-325-lit-nr-bv361gpkv-1.jpg;https://dienmay88.vn/wp-content/uploads/2023/02/tu-lanh-panasonic-inverter-325-lit-nr-bv361gpkv-2.jpg;https://dienmay88.vn/wp-content/uploads/2023/02/tu-lanh-panasonic-inverter-325-lit-nr-bv361gpkv-3.jpg','https://dienmay88.vn/wp-content/uploads/2023/02/tu-lanh-panasonic-inverter-325-lit-nr-bv361gpkv.jpg',1,'Tủ lạnh Panasonic Inverter 325 lít NR-BV361GPKV','17080000.0','tủ-lạnh-panasonic-inverter-325-lít-nr-bv361gpkv',11);
INSERT INTO Products VALUES(118,4,2,'NR-BC361VGMV','2025-11-05 03:32:03','','',16,12930000.0,'https://dienmay88.vn/wp-content/uploads/2023/02/tu-lanh-panasonic-inverter-325-lit-nr-bc361vgmv.jpg;https://dienmay88.vn/wp-content/uploads/2023/02/tu-lanh-panasonic-inverter-325-lit-nr-bc361vgmv-1.jpg;https://dienmay88.vn/wp-content/uploads/2023/02/tu-lanh-panasonic-inverter-325-lit-nr-bc361vgmv-2.jpg','https://dienmay88.vn/wp-content/uploads/2023/02/tu-lanh-panasonic-inverter-325-lit-nr-bc361vgmv.jpg',1,'Tủ lạnh Panasonic Inverter 325 lít NR-BC361VGMV','15540000.0','tủ-lạnh-panasonic-inverter-325-lít-nr-bc361vgmv',11);
INSERT INTO Products VALUES(119,4,2,'NR-BV361WGKV','2025-11-05 03:32:03','','',16,14480000.0,'https://dienmay88.vn/wp-content/uploads/2023/02/tu-lanh-panasonic-inverter-325-lit-nr-bv361wgkv.jpg;https://dienmay88.vn/wp-content/uploads/2023/02/tu-lanh-panasonic-inverter-325-lit-nr-bv361wgkv-1.jpg;https://dienmay88.vn/wp-content/uploads/2023/02/tu-lanh-panasonic-inverter-325-lit-nr-bv361wgkv-2.jpg;https://dienmay88.vn/wp-content/uploads/2023/02/tu-lanh-panasonic-inverter-325-lit-nr-bv361wgkv-3.jpg;https://dienmay88.vn/wp-content/uploads/2023/02/tu-lanh-panasonic-inverter-325-lit-nr-bv361wgkv-6.jpg;https://dienmay88.vn/wp-content/uploads/2023/02/tu-lanh-panasonic-inverter-325-lit-nr-bv361wgkv-7.jpg;https://dienmay88.vn/wp-content/uploads/2023/02/tu-lanh-panasonic-inverter-325-lit-nr-bv361wgkv-8.jpg;https://dienmay88.vn/wp-content/uploads/2023/02/tu-lanh-panasonic-inverter-325-lit-nr-bv361wgkv-9.jpg;https://dienmay88.vn/wp-content/uploads/2023/02/tu-lanh-panasonic-inverter-325-lit-nr-bv361wgkv-11.jpg;https://dienmay88.vn/wp-content/uploads/2023/02/tu-lanh-panasonic-inverter-325-lit-nr-bv361wgkv-12.jpg;https://dienmay88.vn/wp-content/uploads/2023/02/tu-lanh-panasonic-inverter-325-lit-nr-bv361wgkv-14.jpg','https://dienmay88.vn/wp-content/uploads/2023/02/tu-lanh-panasonic-inverter-325-lit-nr-bv361wgkv.jpg',1,'Tủ lạnh Panasonic Inverter 325 lít NR-BV361WGKV','17290000.0','tủ-lạnh-panasonic-inverter-325-lít-nr-bv361wgkv',11);
INSERT INTO Products VALUES(120,4,2,'NR-CW530XMMV','2025-11-05 03:32:03','','',19,27150000.0,'https://dienmay88.vn/wp-content/uploads/2022/09/tu-lanh-panasonic-inverter-495-lit-nr-cw530xmmv.jpg;https://dienmay88.vn/wp-content/uploads/2022/09/tu-lanh-panasonic-inverter-495-lit-nr-cw530xmmv-1.jpg;https://dienmay88.vn/wp-content/uploads/2022/09/tu-lanh-panasonic-inverter-495-lit-nr-cw530xmmv-2.jpg;https://dienmay88.vn/wp-content/uploads/2022/09/tu-lanh-panasonic-inverter-495-lit-nr-cw530xmmv-7.jpg;https://dienmay88.vn/wp-content/uploads/2022/09/tu-lanh-panasonic-inverter-495-lit-nr-cw530xmmv-8.jpg;https://dienmay88.vn/wp-content/uploads/2022/09/tu-lanh-panasonic-inverter-495-lit-nr-cw530xmmv-12.jpg;https://dienmay88.vn/wp-content/uploads/2022/09/tu-lanh-panasonic-inverter-495-lit-nr-cw530xmmv-13.jpg;https://dienmay88.vn/wp-content/uploads/2022/09/tu-lanh-panasonic-inverter-495-lit-nr-cw530xmmv-14.jpg;https://dienmay88.vn/wp-content/uploads/2022/09/tu-lanh-panasonic-inverter-495-lit-nr-cw530xmmv-15.jpg','https://dienmay88.vn/wp-content/uploads/2022/09/tu-lanh-panasonic-inverter-495-lit-nr-cw530xmmv.jpg',1,'Tủ lạnh Panasonic Inverter 495 lít Multi Door PRIME+ Edition NR-CW530XMMV','33630000.0','tủ-lạnh-panasonic-inverter-495-lít-multi-door-prime+-edition-nr-cw530xmmv',11);
INSERT INTO Products VALUES(121,4,2,'NR-X561BK-VN','2025-11-05 03:32:03','','',21,20250000.0,'https://dienmay88.vn/wp-content/uploads/2024/12/tu-lanh-panasonic-inverter-510-lit-multi-door-nr-x561bk-vn-1.jpg;https://dienmay88.vn/wp-content/uploads/2024/12/tu-lanh-panasonic-inverter-510-lit-multi-door-nr-x561bk-vn-2.jpg;https://dienmay88.vn/wp-content/uploads/2024/12/tu-lanh-panasonic-inverter-510-lit-multi-door-nr-x561bk-vn-3.jpg;https://dienmay88.vn/wp-content/uploads/2024/12/tu-lanh-panasonic-inverter-510-lit-multi-door-nr-x561bk-vn-4.jpg;https://dienmay88.vn/wp-content/uploads/2024/12/tu-lanh-panasonic-inverter-510-lit-multi-door-nr-x561bk-vn-5.jpg;https://dienmay88.vn/wp-content/uploads/2024/12/tu-lanh-panasonic-inverter-510-lit-multi-door-nr-x561bk-vn-6.jpg','https://dienmay88.vn/wp-content/uploads/2024/12/tu-lanh-panasonic-inverter-510-lit-multi-door-nr-x561bk-vn-1.jpg',1,'Tủ lạnh Panasonic Inverter 510 lít Multi Door NR-X561BK-VN​','25930000.0','tủ-lạnh-panasonic-inverter-510-lít-multi-door-nr-x561bk-vn​',11);
INSERT INTO Products VALUES(122,4,2,'NR-X561GB-VN','2025-11-05 03:32:03','','',15,24560000.0,'https://dienmay88.vn/wp-content/uploads/2025/04/tu-lanh-panasonic-inverter-510-lit-nr-x561gb-vn-1.jpg;https://dienmay88.vn/wp-content/uploads/2025/04/tu-lanh-panasonic-inverter-510-lit-nr-x561gb-vn-2.jpg;https://dienmay88.vn/wp-content/uploads/2025/04/tu-lanh-panasonic-inverter-510-lit-nr-x561gb-vn-3.jpg;https://dienmay88.vn/wp-content/uploads/2025/04/tu-lanh-panasonic-inverter-510-lit-nr-x561gb-vn-4.jpg;https://dienmay88.vn/wp-content/uploads/2025/04/tu-lanh-panasonic-inverter-510-lit-nr-x561gb-vn-5.jpg;https://dienmay88.vn/wp-content/uploads/2025/04/tu-lanh-panasonic-inverter-510-lit-nr-x561gb-vn-6.jpg;https://dienmay88.vn/wp-content/uploads/2025/04/tu-lanh-panasonic-inverter-510-lit-nr-x561gb-vn-7.jpg;https://dienmay88.vn/wp-content/uploads/2025/04/tu-lanh-panasonic-inverter-510-lit-nr-x561gb-vn-8.jpg','https://dienmay88.vn/wp-content/uploads/2025/04/tu-lanh-panasonic-inverter-510-lit-nr-x561gb-vn-1.jpg',1,'Tủ lạnh Panasonic Inverter 510 lít Multi Door NR-X561GB-VN','29070000.0','tủ-lạnh-panasonic-inverter-510-lít-multi-door-nr-x561gb-vn',11);
INSERT INTO Products VALUES(123,4,2,'NR-DZ601Y GKV','2025-11-05 03:32:03','','',17,24250000.0,'','https://cdn.tgdd.vn/Products/Images/1943/265476/panasonic-550-lit-nr-dz601ygkv-3-700x467.jpg',1,'Tủ lạnh Panasonic Inverter 550 lít Multi Door NR-DZ601YGKV','29260000.0','tủ-lạnh-panasonic-inverter-550-lít-multi-door-nr-dz601ygkv',11);
INSERT INTO Products VALUES(124,4,2,'NR-DZ601VGKV','2025-11-05 03:32:03','','',18,20220000.0,'https://dienmay88.vn/wp-content/uploads/2021/10/tu-lanh-panasonic-inverter-550-lit-nr-dz601vgkv.jpg;https://dienmay88.vn/wp-content/uploads/2021/10/tu-lanh-panasonic-inverter-550-lit-nr-dz601vgkv-1.jpg;https://dienmay88.vn/wp-content/uploads/2021/10/tu-lanh-panasonic-inverter-550-lit-nr-dz601vgkv-5.jpg;https://dienmay88.vn/wp-content/uploads/2021/10/tu-lanh-panasonic-inverter-550-lit-nr-dz601vgkv-6.jpg;https://dienmay88.vn/wp-content/uploads/2021/10/tu-lanh-panasonic-inverter-550-lit-nr-dz601vgkv-7.jpg;https://dienmay88.vn/wp-content/uploads/2021/10/tu-lanh-panasonic-inverter-550-lit-nr-dz601vgkv-8.jpg;https://dienmay88.vn/wp-content/uploads/2021/10/tu-lanh-panasonic-inverter-550-lit-nr-dz601vgkv-9.jpg;https://dienmay88.vn/wp-content/uploads/2021/10/tu-lanh-panasonic-inverter-550-lit-nr-dz601vgkv-10.jpg;https://dienmay88.vn/wp-content/uploads/2021/10/tu-lanh-panasonic-inverter-550-lit-nr-dz601vgkv-13.jpg','https://dienmay88.vn/wp-content/uploads/2021/10/tu-lanh-panasonic-inverter-550-lit-nr-dz601vgkv.jpg',1,'Tủ lạnh Panasonic Inverter 550 lít Multi Door NR-DZ601VGKV','24800000.0','tủ-lạnh-panasonic-inverter-550-lít-multi-door-nr-dz601vgkv',11);
INSERT INTO Products VALUES(125,12,3,'AWM72-316K(B)','2025-11-12 07:03:11','','',21,3830000.0,'','https://cdn.tgdd.vn/Products/Images/1944/328730/may-giat-aqua-7-2-kg-awm72-316k-b-6-700x467.jpg',1,'Máy giặt Aqua 7.2 kg AWM72-316K(S)','4896000.0','máy-giặt-aqua-7.2-kg-awm72-316k(s)',11);
INSERT INTO Products VALUES(126,12,3,'AWM8-316K(B)','2025-11-12 07:03:11','','',14,4120000.0,'https://dienmay88.vn/wp-content/uploads/2024/10/may-giat-aqua-8-kg-awm8-316kb-1.png;https://dienmay88.vn/wp-content/uploads/2024/10/may-giat-aqua-8-kg-awm8-316kb-2.png;https://dienmay88.vn/wp-content/uploads/2024/10/may-giat-aqua-8-kg-awm8-316kb-3.png;https://dienmay88.vn/wp-content/uploads/2024/10/may-giat-aqua-8-kg-awm8-316kb-4.png;https://dienmay88.vn/wp-content/uploads/2024/10/may-giat-aqua-8-kg-awm8-316kb-5.png','https://dienmay88.vn/wp-content/uploads/2024/10/may-giat-aqua-8-kg-awm8-316kb-1.png',1,'Máy giặt Aqua 8 kg AWM8-316K(B)','4798000.0','máy-giặt-aqua-8-kg-awm8-316k(b)',11);
INSERT INTO Products VALUES(127,12,3,'AWM9-316K(B)','2025-11-12 07:03:11','','',16,4950000.0,'https://dienmay88.vn/wp-content/uploads/2024/10/may-giat-aqua-9-kg-awm9-316kb-1.png;https://dienmay88.vn/wp-content/uploads/2024/10/may-giat-aqua-9-kg-awm9-316kb-2.png;https://dienmay88.vn/wp-content/uploads/2024/10/may-giat-aqua-9-kg-awm9-316kb-3.png;https://dienmay88.vn/wp-content/uploads/2024/10/may-giat-aqua-9-kg-awm9-316kb-4.png;https://dienmay88.vn/wp-content/uploads/2024/10/may-giat-aqua-9-kg-awm9-316kb-5.png','https://dienmay88.vn/wp-content/uploads/2024/10/may-giat-aqua-9-kg-awm9-316kb-1.png',1,'Máy giặt Aqua 9 kg AWM9-316K(B)','5918000.0','máy-giặt-aqua-9-kg-awm9-316k(b)',11);
INSERT INTO Products VALUES(128,12,3,'AQW-U100FT.BK','2025-11-12 07:03:11','','',21,5330000.0,'https://dienmay88.vn/wp-content/uploads/2023/03/may-giat-aqua-10-kg-aqw-u100ft-bk.jpg;https://dienmay88.vn/wp-content/uploads/2023/03/may-giat-aqua-10-kg-aqw-u100ft-bk-1.jpg;https://dienmay88.vn/wp-content/uploads/2023/03/may-giat-aqua-10-kg-aqw-u100ft-bk-2.jpg','https://dienmay88.vn/wp-content/uploads/2023/03/may-giat-aqua-10-kg-aqw-u100ft-bk.jpg',1,'Máy giặt Aqua 10 KG AQW-F100GT.BK','6784000.0','máy-giặt-aqua-10-kg-aqw-f100gt.bk',11);
INSERT INTO Products VALUES(129,12,3,'AQW-FR120HT.BK','2025-11-12 07:03:11','','',15,6600000.0,'https://cdn.tgdd.vn/Products/Images/1944/306638/Slider/may-giat-aqua-aqw-fr120ht-bk638221617062348671.jpg;https://cdn.tgdd.vn/Products/Images/1944/306638/Slider/may-giat-aqua-aqw-fr120ht-bk638221617067348694.jpg;https://cdn.tgdd.vn/Products/Images/1944/306638/Slider/may-giat-aqua-aqw-fr120ht-bk638221617068218708.jpg;https://cdn.tgdd.vn/Products/Images/1944/306638/Slider/may-giat-aqua-aqw-fr120ht-bk638221617069138705.jpg;https://cdn.tgdd.vn/Products/Images/1944/306638/Slider/may-giat-aqua-aqw-fr120ht-bk638221617070208715.jpg;https://cdn.tgdd.vn/Products/Images/1944/306638/Slider/may-giat-aqua-aqw-fr120ht-bk638221617073298715.jpg;https://cdn.tgdd.vn/Products/Images/1944/306638/Slider/may-giat-aqua-aqw-fr120ht-bk638221617074188726.jpg;https://cdn.tgdd.vn/Products/Images/1944/306638/may-giat-aqua-aqw-fr120ht-bk-01-700x467.jpg;https://cdn.tgdd.vn/Products/Images/1944/306638/may-giat-aqua-aqw-fr120ht-bk-02-700x467.jpg;https://cdn.tgdd.vn/Products/Images/1944/306638/may-giat-aqua-aqw-fr120ht-bk-03-700x467.jpg;https://cdn.tgdd.vn/Products/Images/1944/306638/may-giat-aqua-aqw-fr120ht-bk-04-700x467.jpg;https://cdn.tgdd.vn/Products/Images/1944/306638/may-giat-aqua-aqw-fr120ht-bk-05-700x467.jpg;https://cdn.tgdd.vn/Products/Images/1944/306638/may-giat-aqua-aqw-fr120ht-bk-06-700x467.jpg;https://cdn.tgdd.vn/Products/Images/1944/306638/may-giat-aqua-aqw-fr120ht-bk-07-700x467.jpg;https://cdn.tgdd.vn/Products/Images/1944/306638/may-giat-aqua-aqw-fr120ht-bk-08-700x467.jpg;https://cdn.tgdd.vn/Products/Images/1944/306638/may-giat-aqua-aqw-fr120ht-bk-09-700x467.jpg;https://cdn.tgdd.vn/Products/Images/1944/306638/may-giat-aqua-aqw-fr120ht-bk-10-1-700x467.jpg','https://cdn.tgdd.vn/Products/Images/1944/306638/may-giat-aqua-aqw-fr120ht-bk-01-700x467.jpg',1,'Máy giặt Aqua 12 kg AQW-FR120HT BK','7827000.0','máy-giặt-aqua-12-kg-aqw-fr120ht-bk',11);
INSERT INTO Products VALUES(130,3,3,'T2109NT1G','2025-11-12 07:03:11','','',22,4700000.0,'','https://cdn11.dienmaycholon.vn/filewebdmclnew/DMCL21/Picture//Apro/Apro_product_34015/may-giat-lg-9-k_main_331_1020.png.webp',1,'Máy Giặt LG 9 Kg T2109NT1G','6066000.0','máy-giặt-lg-9-kg-t2109nt1g',11);
INSERT INTO Products VALUES(131,3,3,'TV2517SV7J(INVERTER)','2025-11-12 07:03:11','','',15,9940000.0,'https://cdn.tgdd.vn/Products/Images/1944/327646/Slider/vi-vn-may-giat-lg-ai-dd-inverter-17-kg-tv2517sv7j-1.jpg;https://cdn.tgdd.vn/Products/Images/1944/327646/Slider/vi-vn-may-giat-lg-ai-dd-inverter-17-kg-tv2517sv7j-2.jpg;https://cdn.tgdd.vn/Products/Images/1944/327646/Slider/vi-vn-may-giat-lg-ai-dd-inverter-17-kg-tv2517sv7j-3.jpg;https://cdn.tgdd.vn/Products/Images/1944/327646/Slider/vi-vn-may-giat-lg-ai-dd-inverter-17-kg-tv2517sv7j-4.jpg;https://cdn.tgdd.vn/Products/Images/1944/327646/Slider/vi-vn-may-giat-lg-ai-dd-inverter-17-kg-tv2517sv7j-5.jpg;https://cdnv2.tgdd.vn/mwg-static/dmx/Products/Images/1944/327646/may-giat-lg-ai-dd-inverter-17-kg-tv2517sv7j-1-638727319441069745-700x467.jpg;https://cdnv2.tgdd.vn/mwg-static/dmx/Products/Images/1944/327646/may-giat-lg-ai-dd-inverter-17-kg-tv2517sv7j-2-638727319454707036-700x467.jpg;https://cdnv2.tgdd.vn/mwg-static/dmx/Products/Images/1944/327646/may-giat-lg-ai-dd-inverter-17-kg-tv2517sv7j-3-638727319467212641-700x467.jpg;https://cdnv2.tgdd.vn/mwg-static/dmx/Products/Images/1944/327646/may-giat-lg-ai-dd-inverter-17-kg-tv2517sv7j-4-638727319476636909-700x467.jpg;https://cdnv2.tgdd.vn/mwg-static/dmx/Products/Images/1944/327646/may-giat-lg-ai-dd-inverter-17-kg-tv2517sv7j-5-638727319487822692-700x467.jpg;https://cdnv2.tgdd.vn/mwg-static/dmx/Products/Images/1944/327646/may-giat-lg-ai-dd-inverter-17-kg-tv2517sv7j-6-638727319499473148-700x467.jpg;https://cdnv2.tgdd.vn/mwg-static/dmx/Products/Images/1944/327646/may-giat-lg-ai-dd-inverter-17-kg-tv2517sv7j-7-638727319510955852-700x467.jpg;https://cdnv2.tgdd.vn/mwg-static/dmx/Products/Images/1944/327646/may-giat-lg-ai-dd-inverter-17-kg-tv2517sv7j-8-638727319520640365-700x467.jpg;https://cdnv2.tgdd.vn/mwg-static/dmx/Products/Images/1944/327646/may-giat-lg-ai-dd-inverter-17-kg-tv2517sv7j-9-638727319531222136-700x467.jpg;https://cdnv2.tgdd.vn/mwg-static/dmx/Products/Images/1944/327646/may-giat-lg-ai-dd-inverter-17-kg-tv2517sv7j-10-638727319539201520-700x467.jpg','https://cdnv2.tgdd.vn/mwg-static/dmx/Products/Images/1944/327646/may-giat-lg-ai-dd-inverter-17-kg-tv2517sv7j-1-638727319441069745-700x467.jpg',1,'Máy giặt LG AI DD Inverter 17 kg TV2517SV7J','11800000.0','máy-giặt-lg-ai-dd-inverter-17-kg-tv2517sv7j',11);
INSERT INTO Products VALUES(132,3,3,'TV2519SV7J(INVERTER)','2025-11-12 07:03:11','','',17,11660000.0,'https://cdn.tgdd.vn/Products/Images/1944/327647/Slider/vi-vn-may-giat-lg-ai-dd-inverter-19-kg-tv2519sv7j-2.jpg;https://cdn.tgdd.vn/Products/Images/1944/327647/Slider/vi-vn-may-giat-lg-ai-dd-inverter-19-kg-tv2519sv7j-3.jpg;https://cdn.tgdd.vn/Products/Images/1944/327647/Slider/vi-vn-may-giat-lg-ai-dd-inverter-19-kg-tv2519sv7j-4.jpg;https://cdn.tgdd.vn/Products/Images/1944/327647/Slider/vi-vn-may-giat-lg-ai-dd-inverter-19-kg-tv2519sv7j-5.jpg;https://cdn.tgdd.vn/Products/Images/1944/327647/may-giat-lg-ai-dd-inverter-19-kg-tv2519sv7j-700x467.jpg;https://cdn.tgdd.vn/Products/Images/1944/327647/may-giat-lg-ai-dd-inverter-19-kg-tv2519sv7j-1-700x467.jpg;https://cdn.tgdd.vn/Products/Images/1944/327647/may-giat-lg-ai-dd-inverter-19-kg-tv2519sv7j-2-700x467.jpg;https://cdn.tgdd.vn/Products/Images/1944/327647/may-giat-lg-ai-dd-inverter-19-kg-tv2519sv7j-3-700x467.jpg;https://cdn.tgdd.vn/Products/Images/1944/327647/may-giat-lg-ai-dd-inverter-19-kg-tv2519sv7j-4-700x467.jpg;https://cdn.tgdd.vn/Products/Images/1944/327647/may-giat-lg-ai-dd-inverter-19-kg-tv2519sv7j-5-700x467.jpg;https://cdn.tgdd.vn/Products/Images/1944/327647/may-giat-lg-ai-dd-inverter-19-kg-tv2519sv7j-6-700x467.jpg;https://cdn.tgdd.vn/Products/Images/1944/327647/may-giat-lg-ai-dd-inverter-19-kg-tv2519sv7j-7-700x467.jpg;https://cdn.tgdd.vn/Products/Images/1944/327647/may-giat-lg-ai-dd-inverter-19-kg-tv2519sv7j-8-700x467.jpg','https://cdn.tgdd.vn/Products/Images/1944/327647/may-giat-lg-ai-dd-inverter-19-kg-tv2519sv7j-700x467.jpg',1,'Máy giặt LG AI DD Inverter 19 kg TV2519SV7J','14050000.0','máy-giặt-lg-ai-dd-inverter-19-kg-tv2519sv7j',11);
INSERT INTO Products VALUES(133,3,3,'T2519SX5G','2025-11-12 07:03:11','','',14,11180000.0,'https://dienmay88.vn/wp-content/uploads/2025/09/may-giat-lg-ai-dd-inverter-19-kg-t2519sx5g-1.jpg;https://dienmay88.vn/wp-content/uploads/2025/09/may-giat-lg-ai-dd-inverter-19-kg-t2519sx5g-2.jpg;https://dienmay88.vn/wp-content/uploads/2025/09/may-giat-lg-ai-dd-inverter-19-kg-t2519sx5g-3.jpg;https://dienmay88.vn/wp-content/uploads/2025/09/may-giat-lg-ai-dd-inverter-19-kg-t2519sx5g-4.jpg','https://dienmay88.vn/wp-content/uploads/2025/09/may-giat-lg-ai-dd-inverter-19-kg-t2519sx5g-1.jpg',1,'Máy giặt LG AI DD Inverter 19 kg T2519SX5G','13130000.0','máy-giặt-lg-ai-dd-inverter-19-kg-t2519sx5g',11);
INSERT INTO Products VALUES(134,3,3,'T2522AX7G','2025-11-12 07:03:11','','',16,13690000.0,'https://dienmay88.vn/wp-content/uploads/2025/09/may-giat-lg-inverter-22-kg-t2522ax7g-1.jpg;https://dienmay88.vn/wp-content/uploads/2025/09/may-giat-lg-inverter-22-kg-t2522ax7g-2.jpg;https://dienmay88.vn/wp-content/uploads/2025/09/may-giat-lg-inverter-22-kg-t2522ax7g-3.jpg;https://dienmay88.vn/wp-content/uploads/2025/09/may-giat-lg-inverter-22-kg-t2522ax7g-4.jpg','https://dienmay88.vn/wp-content/uploads/2025/09/may-giat-lg-inverter-22-kg-t2522ax7g-1.jpg',1,'Máy giặt LG AI DD Inverter 22 kg T2522AX7G','16310000.0','máy-giặt-lg-ai-dd-inverter-22-kg-t2522ax7g',11);
INSERT INTO Products VALUES(135,3,3,'TX2725AT9G','2025-11-12 07:03:11','','',21,15920000.0,'https://dienmay88.vn/wp-content/uploads/2025/05/may-giat-lg-inverter-25-kg-tx2725at9g-1.jpg;https://dienmay88.vn/wp-content/uploads/2025/05/may-giat-lg-inverter-25-kg-tx2725at9g-2.jpg;https://dienmay88.vn/wp-content/uploads/2025/05/may-giat-lg-inverter-25-kg-tx2725at9g-3.jpg;https://dienmay88.vn/wp-content/uploads/2025/05/may-giat-lg-inverter-25-kg-tx2725at9g-4.jpg;https://dienmay88.vn/wp-content/uploads/2025/05/may-giat-lg-inverter-25-kg-tx2725at9g-5.jpg;https://dienmay88.vn/wp-content/uploads/2025/05/may-giat-lg-inverter-25-kg-tx2725at9g-6.jpg;https://dienmay88.vn/wp-content/uploads/2025/05/may-giat-lg-inverter-25-kg-tx2725at9g-7.jpg','https://dienmay88.vn/wp-content/uploads/2025/05/may-giat-lg-inverter-25-kg-tx2725at9g-1.jpg',1,'Máy giặt LG Inverter 25 kg TX2725AT9G','20370000.0','máy-giặt-lg-inverter-25-kg-tx2725at9g',11);
INSERT INTO Products VALUES(136,4,3,'NA-F90S10 BRV','2025-11-12 07:03:11','','',16,5870000.0,'https://dienmay88.vn/wp-content/uploads/2024/10/may-giat-panasonic-9kg-na-f90s10brv-1.png;https://dienmay88.vn/wp-content/uploads/2024/10/may-giat-panasonic-9kg-na-f90s10brv-2.png','https://dienmay88.vn/wp-content/uploads/2024/10/may-giat-panasonic-9kg-na-f90s10brv-1.png',1,'Máy giặt Panasonic 9kg NA-F90S10BRV lồng đứng','6995000.0','máy-giặt-panasonic-9kg-na-f90s10brv-lồng-đứng',11);
INSERT INTO Products VALUES(137,4,3,'NA-F10S10 BRV','2025-11-12 07:03:11','','',20,6480000.0,'https://dienmay88.vn/wp-content/uploads/2024/10/may-giat-panasonic-10kg-na-f10s10brv-1.png;https://dienmay88.vn/wp-content/uploads/2024/10/may-giat-panasonic-10kg-na-f10s10brv-2.png','https://dienmay88.vn/wp-content/uploads/2024/10/may-giat-panasonic-10kg-na-f10s10brv-1.png',1,'Máy Giặt Panasonic 10 Kg NA-F10S10BRV','8120000.0','máy-giặt-panasonic-10-kg-na-f10s10brv',11);
INSERT INTO Products VALUES(138,4,3,'NA-F90A9DRV','2025-11-12 07:03:11','','',21,6480000.0,'https://dienmay88.vn/wp-content/uploads/2023/09/may-giat-panasonic-9-kg-na-f90a9drv-1.jpg;https://dienmay88.vn/wp-content/uploads/2023/09/may-giat-panasonic-9-kg-na-f90a9drv.jpg','https://dienmay88.vn/wp-content/uploads/2023/09/may-giat-panasonic-9-kg-na-f90a9drv-1.jpg',1,'Máy giặt Panasonic 9 kg NA-F90A9BRV','8233000.0','máy-giặt-panasonic-9-kg-na-f90a9brv',11);
INSERT INTO Products VALUES(139,4,3,'NA-F100A9DRV','2025-11-12 07:03:11','','',15,7260000.0,'https://dienmay88.vn/wp-content/uploads/2023/03/may-giat-panasonic-10-kg-na-f100a9drv.jpg;https://dienmay88.vn/wp-content/uploads/2023/03/may-giat-panasonic-10-kg-na-f100a9drv-1.jpg','https://dienmay88.vn/wp-content/uploads/2023/03/may-giat-panasonic-10-kg-na-f100a9drv.jpg',1,'Máy giặt Panasonic 10 Kg NA-F100A9BRV','8611000.0','máy-giặt-panasonic-10-kg-na-f100a9brv',11);
INSERT INTO Products VALUES(140,4,3,'NA-F110A9DRV (Tốt)','2025-11-12 07:03:11','','',22,7890000.0,'','https://cdnv2.tgdd.vn/mwg-static/dmx/Products/Images/1944/329129/may-giat-panasonic-11-kg-na-f110a9brv-pop-638653794489333947-700x467.jpg',1,'Máy giặt Panasonic 11 kg NA-F110A9BRV','10180000.0','máy-giặt-panasonic-11-kg-na-f110a9brv',11);
INSERT INTO Products VALUES(141,4,3,'NA-FD115X3BV','2025-11-12 07:20:21','','',18,10350000.0,'https://dienmay88.vn/wp-content/uploads/2025/06/may-giat-panasonic-inverter-11-5-kg-na-fd115x3bv-1.jpg;https://dienmay88.vn/wp-content/uploads/2025/06/may-giat-panasonic-inverter-11-5-kg-na-fd115x3bv-2.jpg;https://dienmay88.vn/wp-content/uploads/2025/06/may-giat-panasonic-inverter-11-5-kg-na-fd115x3bv-3.jpg;https://dienmay88.vn/wp-content/uploads/2025/06/may-giat-panasonic-inverter-11-5-kg-na-fd115x3bv-4.jpg;https://dienmay88.vn/wp-content/uploads/2025/06/may-giat-panasonic-inverter-11-5-kg-na-fd115x3bv-5.jpg;https://dienmay88.vn/wp-content/uploads/2025/06/may-giat-panasonic-inverter-11-5-kg-na-fd115x3bv-6.jpg;https://dienmay88.vn/wp-content/uploads/2025/06/may-giat-panasonic-inverter-11-5-kg-na-fd115x3bv-7.jpg','https://dienmay88.vn/wp-content/uploads/2025/06/may-giat-panasonic-inverter-11-5-kg-na-fd115x3bv-1.jpg',1,'Máy giặt Panasonic Inverter 11.5 Kg NA-FD115X3BV','12650000.0','máy-giặt-panasonic-inverter-11.5-kg-na-fd115x3bv',11);
INSERT INTO Products VALUES(142,2,3,'AW-M905BV(MK)','2025-11-12 07:20:21','','',17,4590000.0,'https://dienmay88.vn/wp-content/uploads/2022/10/may-giat-toshiba-8-kg-aw-m905bvmk-1.jpg;https://dienmay88.vn/wp-content/uploads/2022/10/may-giat-toshiba-8-kg-aw-m905bvmk-2.jpg;https://dienmay88.vn/wp-content/uploads/2022/10/may-giat-toshiba-8-kg-aw-m905bvmk.jpg;https://dienmay88.vn/wp-content/uploads/2022/10/may-giat-toshiba-8-kg-aw-m905bvmk-3.jpg','https://dienmay88.vn/wp-content/uploads/2022/10/may-giat-toshiba-8-kg-aw-m905bvmk-1.jpg',1,'Máy giặt Toshiba 8 kg AW-M905BV(MK)','5551000.0','máy-giặt-toshiba-8-kg-aw-m905bv(mk)',11);
INSERT INTO Products VALUES(143,2,3,'AW-M1000FV(MK)','2025-11-12 07:20:21','','',22,5650000.0,'https://dienmay88.vn/wp-content/uploads/2023/04/may-giat-toshiba-9-kg-aw-m1000fvmk.jpg;https://dienmay88.vn/wp-content/uploads/2023/04/may-giat-toshiba-9-kg-aw-m1000fvmk-1.jpg;https://dienmay88.vn/wp-content/uploads/2023/04/may-giat-toshiba-9-kg-aw-m1000fvmk-2.jpg;https://dienmay88.vn/wp-content/uploads/2023/04/may-giat-toshiba-9-kg-aw-m1000fvmk-3.jpg;https://dienmay88.vn/wp-content/uploads/2023/04/may-giat-toshiba-9-kg-aw-m1000fvmk-4.jpg;https://dienmay88.vn/wp-content/uploads/2023/04/may-giat-toshiba-9-kg-aw-m1000fvmk-5.jpg;https://dienmay88.vn/wp-content/uploads/2023/04/may-giat-toshiba-9-kg-aw-m1000fvmk-6.jpg;https://dienmay88.vn/wp-content/uploads/2023/04/may-giat-toshiba-9-kg-aw-m1000fvmk-7.jpg;https://dienmay88.vn/wp-content/uploads/2023/04/may-giat-toshiba-9-kg-aw-m1000fvmk-8.jpg;https://dienmay88.vn/wp-content/uploads/2023/04/may-giat-toshiba-9-kg-aw-m1000fvmk-9.jpg','https://dienmay88.vn/wp-content/uploads/2023/04/may-giat-toshiba-9-kg-aw-m1000fvmk.jpg',1,'Máy giặt Toshiba 9 kg AW-M1000FV(MK)','7292000.0','máy-giặt-toshiba-9-kg-aw-m1000fv(mk)',11);
INSERT INTO Products VALUES(144,2,3,'AW-M1100JV(MK)','2025-11-12 07:20:21','','',18,5660000.0,'https://dienmay88.vn/wp-content/uploads/2024/08/may-giat-long-dung-toshiba-10kg-aw-m1100jvmk.jpg;https://dienmay88.vn/wp-content/uploads/2024/08/may-giat-long-dung-toshiba-10kg-aw-m1100jvmk-1.jpg','https://dienmay88.vn/wp-content/uploads/2024/08/may-giat-long-dung-toshiba-10kg-aw-m1100jvmk.jpg',1,'Máy giặt Toshiba 10 kg AW-M1100PV(MK)','6945000.0','máy-giặt-toshiba-10-kg-aw-m1100pv(mk)',11);
INSERT INTO Products VALUES(145,2,3,'AW-DM1100JV','2025-11-12 07:20:21','','',22,5560000.0,'https://dienmay88.vn/wp-content/uploads/2024/08/may-giat-toshiba-10kg-inverter-aw-dm1100jvmk.jpg;https://dienmay88.vn/wp-content/uploads/2024/08/may-giat-toshiba-10kg-inverter-aw-dm1100jvmk-1.jpg','https://dienmay88.vn/wp-content/uploads/2024/08/may-giat-toshiba-10kg-inverter-aw-dm1100jvmk.jpg',1,'Máy giặt Toshiba Inverter 10 kg AW-DM1100PV(KK)','7189000.0','máy-giặt-toshiba-inverter-10-kg-aw-dm1100pv(kk)',11);
INSERT INTO Products VALUES(146,2,3,'AW-DUK1300KV(SG)','2025-11-12 07:20:21','','',17,6770000.0,'https://cdn.tgdd.vn/Products/Images/1944/256263/Slider/tong-quan-toshiba-inverter-12-kg-aw-duk1300kv-sg-1020x570.jpg;https://cdn.tgdd.vn/Products/Images/1944/256263/Slider/may-giat-toshiba-inverter-12-kg-aw-duk1300kv(sg)637751637745208110.jpg;https://cdn.tgdd.vn/Products/Images/1944/256263/Slider/may-giat-toshiba-inverter-12-kg-aw-duk1300kv(sg)637751639179988376.jpg;https://cdn.tgdd.vn/Products/Images/1944/256263/Slider/greatwaves-toshiba-inverter-12-kg-aw-duk1300kv-sg-1020x570.jpg;https://cdn.tgdd.vn/Products/Images/1944/256263/Slider/inverter-toshiba-inverter-12-kg-aw-duk1300kv-sg-1020x570.jpg;https://cdn.tgdd.vn/Products/Images/1944/256263/Slider/long-giat-toshiba-inverter-12-kg-aw-duk1300kv-sg-1018x575.jpg;https://cdn.tgdd.vn/Products/Images/1944/256263/Slider/tien-ich-toshiba-inverter-12-kg-aw-duk1300kv-sg-1020x570.jpg;https://cdn.tgdd.vn/Products/Images/1944/256263/toshiba-inverter-12-kg-aw-duk1300kv-sg-fix-2-700x467.jpg;https://cdn.tgdd.vn/Products/Images/1944/256263/toshiba-inverter-12-kg-aw-duk1300kv-sg-fix-3-700x467.jpg;https://cdn.tgdd.vn/Products/Images/1944/256263/toshiba-inverter-12-kg-aw-duk1300kv-sg-fix-4-700x467.jpg;https://cdn.tgdd.vn/Products/Images/1944/256263/toshiba-inverter-12-kg-aw-duk1300kv-sg-5-700x467.jpg;https://cdn.tgdd.vn/Products/Images/1944/256263/toshiba-inverter-12-kg-aw-duk1300kv-sg-6-700x467.jpg;https://cdn.tgdd.vn/Products/Images/1944/256263/toshiba-inverter-12-kg-aw-duk1300kv-sg-7-700x467.jpg;https://cdn.tgdd.vn/Products/Images/1944/256263/toshiba-inverter-12-kg-aw-duk1300kv-sg-8-700x467.jpg;https://cdn.tgdd.vn/Products/Images/1944/256263/toshiba-inverter-12-kg-aw-duk1300kv-sg-9-700x467.jpg;https://cdn.tgdd.vn/Products/Images/1944/256263/toshiba-inverter-12-kg-aw-duk1300kv-sg-10-700x467.jpg;https://cdn.tgdd.vn/Products/Images/1944/256263/toshiba-inverter-12-kg-aw-duk1300kv-sg-11-700x467.jpg','https://cdn.tgdd.vn/Products/Images/1944/256263/toshiba-inverter-12-kg-aw-duk1300kv-sg-fix-2-700x467.jpg',1,'Máy giặt Toshiba Inverter 12 kg AW-DUK1300KV(SG)','8240000.0','máy-giặt-toshiba-inverter-12-kg-aw-duk1300kv(sg)',11);
INSERT INTO Products VALUES(147,2,3,'AW-DM1600LV(SG)','2025-11-12 07:20:21','','',20,7820000.0,'https://dienmay88.vn/wp-content/uploads/2025/10/may-giat-toshiba-inverter-15-kg-aw-dm1600lvsg-1.jpg;https://dienmay88.vn/wp-content/uploads/2025/10/may-giat-toshiba-inverter-15-kg-aw-dm1600lvsg-2.jpg;https://dienmay88.vn/wp-content/uploads/2025/10/may-giat-toshiba-inverter-15-kg-aw-dm1600lvsg-3.jpg;https://dienmay88.vn/wp-content/uploads/2025/10/may-giat-toshiba-inverter-15-kg-aw-dm1600lvsg-4.jpg','https://dienmay88.vn/wp-content/uploads/2025/10/may-giat-toshiba-inverter-15-kg-aw-dm1600lvsg-1.jpg',1,'Máy giặt Toshiba Inverter 15 kg AW-DM1600LV(SG)','9785000.0','máy-giặt-toshiba-inverter-15-kg-aw-dm1600lv(sg)',11);
INSERT INTO Products VALUES(148,1,3,'WA95CG4545BDSV','2025-11-12 07:20:21','','',19,4770000.0,'https://dienmay88.vn/wp-content/uploads/2025/02/may-giat-samsung-inverter-9-5-kg-wa95cg4545bdsv-1.png;https://dienmay88.vn/wp-content/uploads/2025/02/may-giat-samsung-inverter-9-5-kg-wa95cg4545bdsv-2.png;https://dienmay88.vn/wp-content/uploads/2025/02/may-giat-samsung-inverter-9-5-kg-wa95cg4545bdsv-3.png;https://dienmay88.vn/wp-content/uploads/2025/02/may-giat-samsung-inverter-9-5-kg-wa95cg4545bdsv-4.png;https://dienmay88.vn/wp-content/uploads/2025/02/may-giat-samsung-inverter-9-5-kg-wa95cg4545bdsv-5.png;https://dienmay88.vn/wp-content/uploads/2025/02/may-giat-samsung-inverter-9-5-kg-wa95cg4545bdsv-6.png;https://dienmay88.vn/wp-content/uploads/2025/02/may-giat-samsung-inverter-9-5-kg-wa95cg4545bdsv-7.png;https://dienmay88.vn/wp-content/uploads/2025/02/may-giat-samsung-inverter-9-5-kg-wa95cg4545bdsv-8.png;https://dienmay88.vn/wp-content/uploads/2025/02/may-giat-samsung-inverter-9-5-kg-wa95cg4545bdsv-9.jpg;https://dienmay88.vn/wp-content/uploads/2025/02/may-giat-samsung-inverter-9-5-kg-wa95cg4545bdsv-10.png;https://dienmay88.vn/wp-content/uploads/2025/02/may-giat-samsung-inverter-9-5-kg-wa95cg4545bdsv-11.png;https://dienmay88.vn/wp-content/uploads/2025/02/may-giat-samsung-inverter-9-5-kg-wa95cg4545bdsv-12.png;https://dienmay88.vn/wp-content/uploads/2025/02/may-giat-samsung-inverter-9-5-kg-wa95cg4545bdsv-13.jpg','https://dienmay88.vn/wp-content/uploads/2025/02/may-giat-samsung-inverter-9-5-kg-wa95cg4545bdsv-1.png',1,'Máy giặt Samsung Inverter 9.5 kg WA95CG4545BDSV','5916000.0','máy-giặt-samsung-inverter-9.5-kg-wa95cg4545bdsv',11);
INSERT INTO Products VALUES(149,1,3,'WA12CG5745BVSV','2025-11-12 07:20:21','','',22,6930000.0,'https://dienmay88.vn/wp-content/uploads/2023/04/may-giat-samsung-inverter-12-kg-wa12cg5745bvsv.png;https://dienmay88.vn/wp-content/uploads/2023/04/may-giat-samsung-inverter-12-kg-wa12cg5745bvsv-1.png;https://dienmay88.vn/wp-content/uploads/2023/04/may-giat-samsung-inverter-12-kg-wa12cg5745bvsv-2.png;https://dienmay88.vn/wp-content/uploads/2023/04/may-giat-samsung-inverter-12-kg-wa12cg5745bvsv-3.png;https://dienmay88.vn/wp-content/uploads/2023/04/may-giat-samsung-inverter-12-kg-wa12cg5745bvsv-4.png;https://dienmay88.vn/wp-content/uploads/2023/04/may-giat-samsung-inverter-12-kg-wa12cg5745bvsv-5.png;https://dienmay88.vn/wp-content/uploads/2023/04/may-giat-samsung-inverter-12-kg-wa12cg5745bvsv-6.png;https://dienmay88.vn/wp-content/uploads/2023/04/may-giat-samsung-inverter-12-kg-wa12cg5745bvsv-7.png;https://dienmay88.vn/wp-content/uploads/2023/04/may-giat-samsung-inverter-12-kg-wa12cg5745bvsv-8.png;https://dienmay88.vn/wp-content/uploads/2023/04/may-giat-samsung-inverter-12-kg-wa12cg5745bvsv-9.png','https://dienmay88.vn/wp-content/uploads/2023/04/may-giat-samsung-inverter-12-kg-wa12cg5745bvsv.png',1,'Máy giặt Samsung Inverter 12 kg WA12CG5745BVSV','8915000.0','máy-giặt-samsung-inverter-12-kg-wa12cg5745bvsv',11);
INSERT INTO Products VALUES(150,1,3,'WA17CG6442BDSV','2025-11-12 07:20:21','','',18,8010000.0,'https://dienmay88.vn/wp-content/uploads/2024/09/may-giat-samsung-inverter-17-kg-wa17cg6442bdsv-1.png;https://dienmay88.vn/wp-content/uploads/2024/09/may-giat-samsung-inverter-17-kg-wa17cg6442bdsv-2.png;https://dienmay88.vn/wp-content/uploads/2024/09/may-giat-samsung-inverter-17-kg-wa17cg6442bdsv-3.png;https://dienmay88.vn/wp-content/uploads/2024/09/may-giat-samsung-inverter-17-kg-wa17cg6442bdsv-4.png;https://dienmay88.vn/wp-content/uploads/2024/09/may-giat-samsung-inverter-17-kg-wa17cg6442bdsv-5.png;https://dienmay88.vn/wp-content/uploads/2024/09/may-giat-samsung-inverter-17-kg-wa17cg6442bdsv-6.png;https://dienmay88.vn/wp-content/uploads/2024/09/may-giat-samsung-inverter-17-kg-wa17cg6442bdsv-7.png;https://dienmay88.vn/wp-content/uploads/2024/09/may-giat-samsung-inverter-17-kg-wa17cg6442bdsv-8.png;https://dienmay88.vn/wp-content/uploads/2024/09/may-giat-samsung-inverter-17-kg-wa17cg6442bdsv-9.png','https://dienmay88.vn/wp-content/uploads/2024/09/may-giat-samsung-inverter-17-kg-wa17cg6442bdsv-1.png',1,'Máy giặt Samsung Ecobubble Inverter 17 kg WA17CG6442BDSV','9888000.0','máy-giặt-samsung-ecobubble-inverter-17-kg-wa17cg6442bdsv',11);
INSERT INTO Products VALUES(152,3,3,'FV1409S4M','2025-11-12 07:20:21','','',16,8090000.0,'https://dienmay88.vn/wp-content/uploads/2025/09/may-giat-lg-inverter-9-kg-fv1409s4m1-1.jpg;https://dienmay88.vn/wp-content/uploads/2025/09/may-giat-lg-inverter-9-kg-fv1409s4m1-2.jpg;https://dienmay88.vn/wp-content/uploads/2025/09/may-giat-lg-inverter-9-kg-fv1409s4m1-3.jpg;https://dienmay88.vn/wp-content/uploads/2025/09/may-giat-lg-inverter-9-kg-fv1409s4m1-4.jpg;https://dienmay88.vn/wp-content/uploads/2025/09/may-giat-lg-inverter-9-kg-fv1409s4m1-5.jpg;https://dienmay88.vn/wp-content/uploads/2025/09/may-giat-lg-inverter-9-kg-fv1409s4m1-6.jpg;https://dienmay88.vn/wp-content/uploads/2025/09/may-giat-lg-inverter-9-kg-fv1409s4m1-7.jpg;https://dienmay88.vn/wp-content/uploads/2025/09/may-giat-lg-inverter-9-kg-fv1409s4m1-8.jpg','https://dienmay88.vn/wp-content/uploads/2025/09/may-giat-lg-inverter-9-kg-fv1409s4m1-1.jpg',1,'Máy giặt LG AI DD Inverter 9 kg FV1409S4M','9680000.0','máy-giặt-lg-ai-dd-inverter-9-kg-fv1409s4m',11);
INSERT INTO Products VALUES(153,3,3,'FV1410S4M1','2025-11-12 07:20:21','','',14,8660000.0,'https://dienmay88.vn/wp-content/uploads/2025/02/may-giat-lg-inverter-10-kg-fv1410s4m1-1.png;https://dienmay88.vn/wp-content/uploads/2025/02/may-giat-lg-inverter-10-kg-fv1410s4m1-2.png;https://dienmay88.vn/wp-content/uploads/2025/02/may-giat-lg-inverter-10-kg-fv1410s4m1-3.png;https://dienmay88.vn/wp-content/uploads/2025/02/may-giat-lg-inverter-10-kg-fv1410s4m1-4.png;https://dienmay88.vn/wp-content/uploads/2025/02/may-giat-lg-inverter-10-kg-fv1410s4m1-5.png;https://dienmay88.vn/wp-content/uploads/2025/02/may-giat-lg-inverter-10-kg-fv1410s4m1-6.png;https://dienmay88.vn/wp-content/uploads/2025/02/may-giat-lg-inverter-10-kg-fv1410s4m1-7.png;https://dienmay88.vn/wp-content/uploads/2025/02/may-giat-lg-inverter-10-kg-fv1410s4m1-8.png;https://dienmay88.vn/wp-content/uploads/2025/02/may-giat-lg-inverter-10-kg-fv1410s4m1-9.png','https://dienmay88.vn/wp-content/uploads/2025/02/may-giat-lg-inverter-10-kg-fv1410s4m1-1.png',1,'Máy giặt LG AI DD Inverter 10 kg FV1410S4M1','10070000.0','máy-giặt-lg-ai-dd-inverter-10-kg-fv1410s4m1',11);
INSERT INTO Products VALUES(154,3,3,'FX1411N5G','2025-11-12 07:20:21','','',18,10480000.0,'https://dienmay88.vn/wp-content/uploads/2025/09/may-giat-lg-ai-dd-inverter-11-kg-fx1411n5g-1.jpg;https://dienmay88.vn/wp-content/uploads/2025/09/may-giat-lg-ai-dd-inverter-11-kg-fx1411n5g-2.jpg;https://dienmay88.vn/wp-content/uploads/2025/09/may-giat-lg-ai-dd-inverter-11-kg-fx1411n5g-3.jpg;https://dienmay88.vn/wp-content/uploads/2025/09/may-giat-lg-ai-dd-inverter-11-kg-fx1411n5g-4.jpg;https://dienmay88.vn/wp-content/uploads/2025/09/may-giat-lg-ai-dd-inverter-11-kg-fx1411n5g-5.jpg;https://dienmay88.vn/wp-content/uploads/2025/09/may-giat-lg-ai-dd-inverter-11-kg-fx1411n5g-6.jpg;https://dienmay88.vn/wp-content/uploads/2025/09/may-giat-lg-ai-dd-inverter-11-kg-fx1411n5g-7.jpg;https://dienmay88.vn/wp-content/uploads/2025/09/may-giat-lg-ai-dd-inverter-11-kg-fx1411n5g-8.jpg;https://dienmay88.vn/wp-content/uploads/2025/09/may-giat-lg-ai-dd-inverter-11-kg-fx1411n5g-9.jpg','https://dienmay88.vn/wp-content/uploads/2025/09/may-giat-lg-ai-dd-inverter-11-kg-fx1411n5g-1.jpg',1,'Máy giặt LG AI DD Inverter 11 kg FX1411N5G','12920000.0','máy-giặt-lg-ai-dd-inverter-11-kg-fx1411n5g',11);
INSERT INTO Products VALUES(155,3,3,'FX1412N5G','2025-11-12 07:20:21','','',16,11430000.0,'https://dienmay88.vn/wp-content/uploads/2025/09/may-giat-lg-ai-dd-inverter-12-kg-fx1412n5g-1.jpg;https://dienmay88.vn/wp-content/uploads/2025/09/may-giat-lg-ai-dd-inverter-12-kg-fx1412n5g-2.jpg;https://dienmay88.vn/wp-content/uploads/2025/09/may-giat-lg-ai-dd-inverter-12-kg-fx1412n5g-3.jpg;https://dienmay88.vn/wp-content/uploads/2025/09/may-giat-lg-ai-dd-inverter-12-kg-fx1412n5g-4.jpg;https://dienmay88.vn/wp-content/uploads/2025/09/may-giat-lg-ai-dd-inverter-12-kg-fx1412n5g-5.jpg;https://dienmay88.vn/wp-content/uploads/2025/09/may-giat-lg-ai-dd-inverter-12-kg-fx1412n5g-6.jpg','https://dienmay88.vn/wp-content/uploads/2025/09/may-giat-lg-ai-dd-inverter-12-kg-fx1412n5g-1.jpg',1,'Máy giặt LG AI DD Inverter 12 kg FX1412N5G','13680000.0','máy-giặt-lg-ai-dd-inverter-12-kg-fx1412n5g',11);
INSERT INTO Products VALUES(156,3,3,'FX1412S3KAV','2025-11-12 07:20:21','','',15,13710000.0,'https://dienmay88.vn/wp-content/uploads/2025/10/may-giat-lg-ai-dd-inverter-12-kg-fx1412s3kav-1.jpg;https://dienmay88.vn/wp-content/uploads/2025/10/may-giat-lg-ai-dd-inverter-12-kg-fx1412s3kav-2.jpg;https://dienmay88.vn/wp-content/uploads/2025/10/may-giat-lg-ai-dd-inverter-12-kg-fx1412s3kav-3.jpg;https://dienmay88.vn/wp-content/uploads/2025/10/may-giat-lg-ai-dd-inverter-12-kg-fx1412s3kav-4.jpg;https://dienmay88.vn/wp-content/uploads/2025/10/may-giat-lg-ai-dd-inverter-12-kg-fx1412s3kav-5.jpg;https://dienmay88.vn/wp-content/uploads/2025/10/may-giat-lg-ai-dd-inverter-12-kg-fx1412s3kav-6.jpg;https://dienmay88.vn/wp-content/uploads/2025/10/may-giat-lg-ai-dd-inverter-12-kg-fx1412s3kav-7.jpg;https://dienmay88.vn/wp-content/uploads/2025/10/may-giat-lg-ai-dd-inverter-12-kg-fx1412s3kav-8.jpg;https://dienmay88.vn/wp-content/uploads/2025/10/may-giat-lg-ai-dd-inverter-12-kg-fx1412s3kav-9.jpg','https://dienmay88.vn/wp-content/uploads/2025/10/may-giat-lg-ai-dd-inverter-12-kg-fx1412s3kav-1.jpg',1,'Máy giặt LG AI DD Inverter 12 kg FX1412S3KAV','16250000.0','máy-giặt-lg-ai-dd-inverter-12-kg-fx1412s3kav',11);
INSERT INTO Products VALUES(157,3,3,'F2515SNTG','2025-11-12 07:20:21','','',22,14660000.0,'https://dienmay88.vn/wp-content/uploads/2024/10/may-giat-lg-ai-inverter-15-kg-f2515sntg-1.jpg;https://dienmay88.vn/wp-content/uploads/2024/10/may-giat-lg-ai-inverter-15-kg-f2515sntg-2.jpg;https://dienmay88.vn/wp-content/uploads/2024/10/may-giat-lg-ai-inverter-15-kg-f2515sntg-3.jpg;https://dienmay88.vn/wp-content/uploads/2024/10/may-giat-lg-ai-inverter-15-kg-f2515sntg-4.jpg;https://dienmay88.vn/wp-content/uploads/2024/10/may-giat-lg-ai-inverter-15-kg-f2515sntg-5.jpg;https://dienmay88.vn/wp-content/uploads/2024/10/may-giat-lg-ai-inverter-15-kg-f2515sntg-6.jpg;https://dienmay88.vn/wp-content/uploads/2024/10/may-giat-lg-ai-inverter-15-kg-f2515sntg-7.jpg','https://dienmay88.vn/wp-content/uploads/2024/10/may-giat-lg-ai-inverter-15-kg-f2515sntg-1.jpg',1,'Máy giặt LG AI DD Inverter 15 kg F2515SNTG','19000000.0','máy-giặt-lg-ai-dd-inverter-15-kg-f2515sntg',11);
INSERT INTO Products VALUES(158,3,3,'F2517SNTG','2025-11-12 07:20:21','','',20,16410000.0,'https://dienmay88.vn/wp-content/uploads/2025/05/may-giat-lg-inverter-17-kg-f2517sntg-1.jpg;https://dienmay88.vn/wp-content/uploads/2025/05/may-giat-lg-inverter-17-kg-f2517sntg-2.jpg;https://dienmay88.vn/wp-content/uploads/2025/05/may-giat-lg-inverter-17-kg-f2517sntg-3.jpg;https://dienmay88.vn/wp-content/uploads/2025/05/may-giat-lg-inverter-17-kg-f2517sntg-4.jpg;https://dienmay88.vn/wp-content/uploads/2025/05/may-giat-lg-inverter-17-kg-f2517sntg-5.jpg;https://dienmay88.vn/wp-content/uploads/2025/05/may-giat-lg-inverter-17-kg-f2517sntg-6.jpg;https://dienmay88.vn/wp-content/uploads/2025/05/may-giat-lg-inverter-17-kg-f2517sntg-7.jpg;https://dienmay88.vn/wp-content/uploads/2025/05/may-giat-lg-inverter-17-kg-f2517sntg-8.jpg','https://dienmay88.vn/wp-content/uploads/2025/05/may-giat-lg-inverter-17-kg-f2517sntg-1.jpg',1,'Máy giặt LG Inverter 17 kg F2517SNTG','20660000.0','máy-giặt-lg-inverter-17-kg-f2517sntg',11);
INSERT INTO Products VALUES(159,3,3,'FB1209D5M','2025-11-12 07:20:21','','',19,10470000.0,'https://dienmay88.vn/wp-content/uploads/2025/06/may-giat-say-lg-inverter-giat-9-kg-say-5-kg-fb1209d5m-1.jpg;https://dienmay88.vn/wp-content/uploads/2025/06/may-giat-say-lg-inverter-giat-9-kg-say-5-kg-fb1209d5m-2.jpg;https://dienmay88.vn/wp-content/uploads/2025/06/may-giat-say-lg-inverter-giat-9-kg-say-5-kg-fb1209d5m-3.jpg;https://dienmay88.vn/wp-content/uploads/2025/06/may-giat-say-lg-inverter-giat-9-kg-say-5-kg-fb1209d5m-4.jpg;https://dienmay88.vn/wp-content/uploads/2025/06/may-giat-say-lg-inverter-giat-9-kg-say-5-kg-fb1209d5m-5.jpg;https://dienmay88.vn/wp-content/uploads/2025/06/may-giat-say-lg-inverter-giat-9-kg-say-5-kg-fb1209d5m-6.jpg;https://dienmay88.vn/wp-content/uploads/2025/06/may-giat-say-lg-inverter-giat-9-kg-say-5-kg-fb1209d5m-7.jpg;https://dienmay88.vn/wp-content/uploads/2025/06/may-giat-say-lg-inverter-giat-9-kg-say-5-kg-fb1209d5m-8.jpg','https://dienmay88.vn/wp-content/uploads/2025/06/may-giat-say-lg-inverter-giat-9-kg-say-5-kg-fb1209d5m-1.jpg',1,'Máy giặt sấy LG Inverter giặt 9 kg - sấy 5 kg FB1209D5M','13050000.0','máy-giặt-sấy-lg-inverter-giặt-9-kg--sấy-5-kg-fb1209d5m',11);
INSERT INTO Products VALUES(160,3,3,'FV1412H3BA','2025-11-12 07:20:21','','',17,13860000.0,'https://dienmay88.vn/wp-content/uploads/2024/03/may-giat-say-lg-inverter-giat-12-kg-say-7-kg-fv1412h3ba.png;https://dienmay88.vn/wp-content/uploads/2024/03/may-giat-say-lg-inverter-giat-12-kg-say-7-kg-fv1412h3ba-1.png;https://dienmay88.vn/wp-content/uploads/2024/03/may-giat-say-lg-inverter-giat-12-kg-say-7-kg-fv1412h3ba-2.png;https://dienmay88.vn/wp-content/uploads/2024/03/may-giat-say-lg-inverter-giat-12-kg-say-7-kg-fv1412h3ba-3.png;https://dienmay88.vn/wp-content/uploads/2024/03/may-giat-say-lg-inverter-giat-12-kg-say-7-kg-fv1412h3ba-4.png;https://dienmay88.vn/wp-content/uploads/2024/03/may-giat-say-lg-inverter-giat-12-kg-say-7-kg-fv1412h3ba.jpg;https://dienmay88.vn/wp-content/uploads/2024/03/may-giat-say-lg-inverter-giat-12-kg-say-7-kg-fv1412h3ba-5.png;https://dienmay88.vn/wp-content/uploads/2024/03/may-giat-say-lg-inverter-giat-12-kg-say-7-kg-fv1412h3ba-6.png;https://dienmay88.vn/wp-content/uploads/2024/03/may-giat-say-lg-inverter-giat-12-kg-say-7-kg-fv1412h3ba-7.png;https://dienmay88.vn/wp-content/uploads/2024/03/may-giat-say-lg-inverter-giat-12-kg-say-7-kg-fv1412h3ba-8.png','https://dienmay88.vn/wp-content/uploads/2024/03/may-giat-say-lg-inverter-giat-12-kg-say-7-kg-fv1412h3ba.png',1,'Máy giặt sấy LG Inverter giặt 12 kg - sấy 7 kg FV1412H3BA','16710000.0','máy-giặt-sấy-lg-inverter-giặt-12-kg--sấy-7-kg-fv1412h3ba',11);
INSERT INTO Products VALUES(161,3,3,'FV1414H3BA','2025-11-12 07:20:21','','',17,15500000.0,'https://dienmay88.vn/wp-content/uploads/2023/10/may-giat-say-lg-inverter-giat-14-kg-say-8-kg-fv1414h3ba.png;https://dienmay88.vn/wp-content/uploads/2023/10/may-giat-say-lg-inverter-giat-14-kg-say-8-kg-fv1414h3ba-1.png;https://dienmay88.vn/wp-content/uploads/2023/10/may-giat-say-lg-inverter-giat-14-kg-say-8-kg-fv1414h3ba-2.png;https://dienmay88.vn/wp-content/uploads/2023/10/may-giat-say-lg-inverter-giat-14-kg-say-8-kg-fv1414h3ba-3.png;https://dienmay88.vn/wp-content/uploads/2023/10/may-giat-say-lg-inverter-giat-14-kg-say-8-kg-fv1414h3ba-4.png;https://dienmay88.vn/wp-content/uploads/2023/10/may-giat-say-lg-inverter-giat-14-kg-say-8-kg-fv1414h3ba-5.png;https://dienmay88.vn/wp-content/uploads/2023/10/may-giat-say-lg-inverter-giat-14-kg-say-8-kg-fv1414h3ba-6.png;https://dienmay88.vn/wp-content/uploads/2023/10/may-giat-say-lg-inverter-giat-14-kg-say-8-kg-fv1414h3ba-7.png','https://dienmay88.vn/wp-content/uploads/2023/10/may-giat-say-lg-inverter-giat-14-kg-say-8-kg-fv1414h3ba.png',1,'Máy giặt sấy LG AI DD Inverter giặt 14 kg - sấy 8 kg FV1414H3BA','18890000.0','máy-giặt-sấy-lg-ai-dd-inverter-giặt-14-kg--sấy-8-kg-fv1414h3ba',11);
INSERT INTO Products VALUES(162,3,3,'F2515RNTG','2025-11-12 07:20:21','','',18,18520000.0,'https://cdn.tgdd.vn/Products/Images/1944/337558/Slider/2-1020x570.jpg;https://cdn.tgdd.vn/Products/Images/1944/337558/Slider/3-1020x570.jpg;https://cdn.tgdd.vn/Products/Images/1944/337558/Slider/4-1020x570.jpg;https://cdn.tgdd.vn/Products/Images/1944/337558/Slider/5-1020x570.jpg;https://cdn.tgdd.vn/Products/Images/1944/337558/Slider/6-1020x570.jpg;https://cdn.tgdd.vn/Products/Images/1944/337558/Slider/7-1020x570.jpg;https://cdn.tgdd.vn/Products/Images/1944/337558/Slider/8-1020x570.jpg;https://cdn.tgdd.vn/Products/Images/1944/337558/Slider/9-1020x570.jpg;https://cdnv2.tgdd.vn/mwg-static/dmx/Products/Images/1944/337558/may-giat-say-lg-inverter-giat-15-kg-say-8-kg-f2515rntg-1-638814609623724873-700x467.jpg;https://cdnv2.tgdd.vn/mwg-static/dmx/Products/Images/1944/337558/may-giat-say-lg-inverter-giat-15-kg-say-8-kg-f2515rntg-2-638814609631212443-700x467.jpg;https://cdnv2.tgdd.vn/mwg-static/dmx/Products/Images/1944/337558/may-giat-say-lg-inverter-giat-15-kg-say-8-kg-f2515rntg-3-638814609637495611-700x467.jpg;https://cdnv2.tgdd.vn/mwg-static/dmx/Products/Images/1944/337558/may-giat-say-lg-inverter-giat-15-kg-say-8-kg-f2515rntg-4-638814609644017309-700x467.jpg;https://cdnv2.tgdd.vn/mwg-static/dmx/Products/Images/1944/337558/may-giat-say-lg-inverter-giat-15-kg-say-8-kg-f2515rntg-5-638814609652219283-700x467.jpg;https://cdnv2.tgdd.vn/mwg-static/dmx/Products/Images/1944/337558/may-giat-say-lg-inverter-giat-15-kg-say-8-kg-f2515rntg-6-638814609659583530-700x467.jpg;https://cdnv2.tgdd.vn/mwg-static/dmx/Products/Images/1944/337558/may-giat-say-lg-inverter-giat-15-kg-say-8-kg-f2515rntg-7-638814609670900443-700x467.jpg;https://cdnv2.tgdd.vn/mwg-static/dmx/Products/Images/1944/337558/may-giat-say-lg-inverter-giat-15-kg-say-8-kg-f2515rntg-81-638829230122997532-700x467.jpg','https://cdnv2.tgdd.vn/mwg-static/dmx/Products/Images/1944/337558/may-giat-say-lg-inverter-giat-15-kg-say-8-kg-f2515rntg-1-638814609623724873-700x467.jpg',1,'Máy giặt sấy LG Inverter giặt 15 kg - sấy 8 kg F2515RNTG','22640000.0','máy-giặt-sấy-lg-inverter-giặt-15-kg--sấy-8-kg-f2515rntg',11);
INSERT INTO Products VALUES(163,3,3,'F2517RNTG','2025-11-12 07:20:21','','',18,19810000.0,'https://dienmay88.vn/wp-content/uploads/2025/09/may-giat-say-lg-inverter-giat-17-kg-say-10-kg-f2517rntg-1.jpg;https://dienmay88.vn/wp-content/uploads/2025/09/may-giat-say-lg-inverter-giat-17-kg-say-10-kg-f2517rntg-2.jpg;https://dienmay88.vn/wp-content/uploads/2025/09/may-giat-say-lg-inverter-giat-17-kg-say-10-kg-f2517rntg-3.jpg;https://dienmay88.vn/wp-content/uploads/2025/09/may-giat-say-lg-inverter-giat-17-kg-say-10-kg-f2517rntg-4.jpg;https://dienmay88.vn/wp-content/uploads/2025/09/may-giat-say-lg-inverter-giat-17-kg-say-10-kg-f2517rntg-5.jpg;https://dienmay88.vn/wp-content/uploads/2025/09/may-giat-say-lg-inverter-giat-17-kg-say-10-kg-f2517rntg-6.jpg;https://dienmay88.vn/wp-content/uploads/2025/09/may-giat-say-lg-inverter-giat-17-kg-say-10-kg-f2517rntg-7.jpg;https://dienmay88.vn/wp-content/uploads/2025/09/may-giat-say-lg-inverter-giat-17-kg-say-10-kg-f2517rntg-8.jpg','https://dienmay88.vn/wp-content/uploads/2025/09/may-giat-say-lg-inverter-giat-17-kg-say-10-kg-f2517rntg-1.jpg',1,'Máy giặt sấy LG Inverter giặt 17 kg - sấy 10 kg F2517RNTG','24310000.0','máy-giặt-sấy-lg-inverter-giặt-17-kg--sấy-10-kg-f2517rntg',11);
INSERT INTO Products VALUES(164,4,3,'NA-V90FA1LVT','2025-11-13 00:30:36','','',22,8370000.0,'https://dienmay88.vn/wp-content/uploads/2024/10/may-giat-panasonic-inverter-9-kg-na-v90fa1lvt-1.jpg;https://dienmay88.vn/wp-content/uploads/2024/10/may-giat-panasonic-inverter-9-kg-na-v90fa1lvt-2.jpg;https://dienmay88.vn/wp-content/uploads/2024/10/may-giat-panasonic-inverter-9-kg-na-v90fa1lvt-3.jpg;https://dienmay88.vn/wp-content/uploads/2024/10/may-giat-panasonic-inverter-9-kg-na-v90fa1lvt-4.jpg;https://dienmay88.vn/wp-content/uploads/2024/10/may-giat-panasonic-inverter-9-kg-na-v90fa1lvt-5.jpg;https://dienmay88.vn/wp-content/uploads/2024/10/may-giat-panasonic-inverter-9-kg-na-v90fa1lvt-6.jpg;https://dienmay88.vn/wp-content/uploads/2024/10/may-giat-panasonic-inverter-9-kg-na-v90fa1lvt-7.jpg','https://dienmay88.vn/wp-content/uploads/2024/10/may-giat-panasonic-inverter-9-kg-na-v90fa1lvt-1.jpg',1,'Panasonic Inverter 9 Kg NA-V90FA1LVT','10820000.0','panasonic-inverter-9-kg-na-v90fa1lvt',11);
INSERT INTO Products VALUES(165,4,3,'NA-V10FA1LVT','2025-11-13 00:30:36','','',21,9250000.0,'https://dienmay88.vn/wp-content/uploads/2024/10/may-giat-panasonic-inverter-10-kg-na-v10fa1lvt-1.jpg;https://dienmay88.vn/wp-content/uploads/2024/10/may-giat-panasonic-inverter-10-kg-na-v10fa1lvt-2.jpg;https://dienmay88.vn/wp-content/uploads/2024/10/may-giat-panasonic-inverter-10-kg-na-v10fa1lvt-3.jpg;https://dienmay88.vn/wp-content/uploads/2024/10/may-giat-panasonic-inverter-10-kg-na-v10fa1lvt-4.jpg;https://dienmay88.vn/wp-content/uploads/2024/10/may-giat-panasonic-inverter-10-kg-na-v10fa1lvt-5.jpg;https://dienmay88.vn/wp-content/uploads/2024/10/may-giat-panasonic-inverter-10-kg-na-v10fa1lvt-6.jpg','https://dienmay88.vn/wp-content/uploads/2024/10/may-giat-panasonic-inverter-10-kg-na-v10fa1lvt-2.jpg',1,'Panasonic Inverter 10 Kg NA-V10FA1LVT','11780000.0','panasonic-inverter-10-kg-na-v10fa1lvt',11);
INSERT INTO Products VALUES(166,4,3,'NA-V115FA1LVT','2025-11-13 00:30:36','','',15,11500000.0,'https://dienmay88.vn/wp-content/uploads/2025/05/may-giat-panasonic-inverter-11-5-kg-na-v115fa1lv-1.jpg;https://dienmay88.vn/wp-content/uploads/2025/05/may-giat-panasonic-inverter-11-5-kg-na-v115fa1lv-2.jpg;https://dienmay88.vn/wp-content/uploads/2025/05/may-giat-panasonic-inverter-11-5-kg-na-v115fa1lv-3.jpg;https://dienmay88.vn/wp-content/uploads/2025/05/may-giat-panasonic-inverter-11-5-kg-na-v115fa1lv-4.jpg;https://dienmay88.vn/wp-content/uploads/2025/05/may-giat-panasonic-inverter-11-5-kg-na-v115fa1lv-5.jpg','https://dienmay88.vn/wp-content/uploads/2025/05/may-giat-panasonic-inverter-11-5-kg-na-v115fa1lv-1.jpg',1,'Máy giặt Panasonic Inverter 11.5 kg NA-V115FA1LV','13540000.0','panasonic-inverter-10-kg-na-v10fa1lvt',11);
INSERT INTO Products VALUES(167,4,3,'NA-V105FC1LV','2025-11-13 00:30:36','','',22,10770000.0,'https://dienmay88.vn/wp-content/uploads/2023/03/may-giat-say-panasonic-inverter-10-kg-na-v10fc1lvt.jpg;https://dienmay88.vn/wp-content/uploads/2023/03/may-giat-say-panasonic-inverter-10-kg-na-v10fc1lvt-1.jpg;https://dienmay88.vn/wp-content/uploads/2023/03/may-giat-say-panasonic-inverter-10-kg-na-v10fc1lvt-2.jpg;https://dienmay88.vn/wp-content/uploads/2023/03/may-giat-say-panasonic-inverter-10-kg-na-v10fc1lvt-3.jpg','https://dienmay88.vn/wp-content/uploads/2023/03/may-giat-say-panasonic-inverter-10-kg-na-v10fc1lvt.jpg',1,'Máy giặt Panasonic Inverter giặt 10.5 kg - sấy tiện ích 2 kg NA-V105FC1LV','13930000.0','panasonic-inverter-10-kg-na-v10fa1lvt',11);
INSERT INTO Products VALUES(168,2,3,'TW-T21BU105UWV(MG)','2025-11-13 00:30:36','','',18,6640000.0,'https://dienmay88.vn/wp-content/uploads/2023/12/may-giat-toshiba-inverter-9.5-kg-TW-T21BU105UWVMG.png;https://dienmay88.vn/wp-content/uploads/2023/12/may-giat-toshiba-inverter-9.5-kg-TW-T21BU105UWVMG-1.png;https://dienmay88.vn/wp-content/uploads/2023/12/may-giat-toshiba-inverter-9.5-kg-TW-T21BU105UWVMG-2.png;https://dienmay88.vn/wp-content/uploads/2023/12/may-giat-toshiba-inverter-9.5-kg-TW-T21BU105UWVMG-3.png;https://dienmay88.vn/wp-content/uploads/2023/12/may-giat-toshiba-inverter-9.5-kg-TW-T21BU105UWVMG-4.png;https://dienmay88.vn/wp-content/uploads/2023/12/may-giat-toshiba-inverter-9.5-kg-TW-T21BU105UWVMG-5.png;https://dienmay88.vn/wp-content/uploads/2023/12/may-giat-toshiba-inverter-9.5-kg-TW-T21BU105UWVMG-6.png;https://dienmay88.vn/wp-content/uploads/2023/12/may-giat-toshiba-inverter-9.5-kg-TW-T21BU105UWVMG-7.png;https://dienmay88.vn/wp-content/uploads/2023/12/may-giat-toshiba-inverter-9.5-kg-TW-T21BU105UWVMG-8.png','https://dienmay88.vn/wp-content/uploads/2023/12/may-giat-toshiba-inverter-9.5-kg-TW-T21BU105UWVMG.png',1,'Toshiba Inverter 9.5 Kg TW-T21BU105UWV(MG)','8103000.0','toshiba-inverter-95-kg-tw-t21bu105uwvmg',11);
INSERT INTO Products VALUES(169,2,3,'TW-T21BU115UWV(MG)','2025-11-13 00:30:36','','',22,7330000.0,'https://dienmay88.vn/wp-content/uploads/2023/12/may-giat-toshiba-inverter-10.5-kg-TW-T21BU115UWVMG.png;https://dienmay88.vn/wp-content/uploads/2023/12/may-giat-toshiba-inverter-10.5-kg-TW-T21BU115UWVMG-1.png;https://dienmay88.vn/wp-content/uploads/2023/12/may-giat-toshiba-inverter-10.5-kg-TW-T21BU115UWVMG-2.png;https://dienmay88.vn/wp-content/uploads/2023/12/may-giat-toshiba-inverter-10.5-kg-TW-T21BU115UWVMG-3.png;https://dienmay88.vn/wp-content/uploads/2023/12/may-giat-toshiba-inverter-10.5-kg-TW-T21BU115UWVMG-4.png;https://dienmay88.vn/wp-content/uploads/2023/12/may-giat-toshiba-inverter-10.5-kg-TW-T21BU115UWVMG-5.png;https://dienmay88.vn/wp-content/uploads/2023/12/may-giat-toshiba-inverter-10.5-kg-TW-T21BU115UWVMG-6.png;https://dienmay88.vn/wp-content/uploads/2023/12/may-giat-toshiba-inverter-10.5-kg-TW-T21BU115UWVMG-7.png;https://dienmay88.vn/wp-content/uploads/2023/12/may-giat-toshiba-inverter-10.5-kg-TW-T21BU115UWVMG-8.png','https://dienmay88.vn/wp-content/uploads/2023/12/may-giat-toshiba-inverter-10.5-kg-TW-T21BU115UWVMG.png',1,'Toshiba Inverter 10.5 Kg TW-T21BU115UWV(MG)','9442000.0','toshiba-inverter-105-kg-tw-t21bu115uwvmg',11);
INSERT INTO Products VALUES(170,2,3,'TW-BL115A2V(SS)','2025-11-13 00:30:36','','',16,6910000.0,'https://cdn.tgdd.vn/Products/Images/1944/264106/Slider/1-1020x570.jpg;https://cdn.tgdd.vn/Products/Images/1944/264106/Slider/2-1020x570.jpg;https://cdn.tgdd.vn/Products/Images/1944/264106/Slider/3-1020x570.jpg;https://cdn.tgdd.vn/Products/Images/1944/264106/Slider/may-giat-toshiba-10.5-kg-tw-bl115a2v(ss)637751671085190471.jpg;https://cdn.tgdd.vn/Products/Images/1944/264106/Slider/4-1020x570.jpg;https://cdn.tgdd.vn/Products/Images/1944/264106/Slider/7-1020x570-1.jpg;https://cdn.tgdd.vn/Products/Images/1944/264106/Slider/6-1018x575.jpg;https://cdn.tgdd.vn/Products/Images/1944/264106/Slider/5-1020x570-1.jpg;https://cdn.tgdd.vn/Products/Images/1944/264106/Slider/8-1020x570.jpg;https://cdn.tgdd.vn/Products/Images/1944/264106/toshiba-105-kg-tw-bl115a2v-ss-2-2-700x467.jpg;https://cdn.tgdd.vn/Products/Images/1944/264106/toshiba-105-kg-tw-bl115a2v-ss-3-1-700x467.jpg;https://cdn.tgdd.vn/Products/Images/1944/264106/toshiba-105-kg-tw-bl115a2v-ss-4-2-700x467.jpg;https://cdn.tgdd.vn/Products/Images/1944/264106/toshiba-105-kg-tw-bl115a2v-ss-5-700x467.jpg;https://cdn.tgdd.vn/Products/Images/1944/264106/toshiba-105-kg-tw-bl115a2v-ss-6-700x467.jpg;https://cdn.tgdd.vn/Products/Images/1944/264106/toshiba-105-kg-tw-bl115a2v-ss-7-700x467.jpg;https://cdn.tgdd.vn/Products/Images/1944/264106/toshiba-105-kg-tw-bl115a2v-ss-8-1-700x467.jpg;https://cdn.tgdd.vn/Products/Images/1944/264106/toshiba-105-kg-tw-bl115a2v-ss-9-1-700x467.jpg;https://cdn.tgdd.vn/Products/Images/1944/264106/toshiba-105-kg-tw-bl115a2v-ss-10-700x467.jpg','https://cdn11.dienmaycholon.vn/filewebdmclnew/DMCL21/Picture//Apro/Apro_product_29430/may-giat-toshiba-inverter-105-kg-twbl115a2vss-main--323.png',1,'Toshiba Inverter 10.5 Kg TW-BL115A2V(SS)','8285000.0','toshiba-inverter-105-kg-tw-bl115a2vss',11);
INSERT INTO Products VALUES(171,2,3,'TW-T21BU130UWV(MG)','2025-11-13 00:30:36','','',16,7900000.0,'https://dienmay88.vn/wp-content/uploads/2025/03/may-giat-toshiba-inverter-12-kg-tw-t21bu130uwvmg-1.jpg;https://dienmay88.vn/wp-content/uploads/2025/03/may-giat-toshiba-inverter-12-kg-tw-t21bu130uwvmg-2.jpg;https://dienmay88.vn/wp-content/uploads/2025/03/may-giat-toshiba-inverter-12-kg-tw-t21bu130uwvmg-3.jpg;https://dienmay88.vn/wp-content/uploads/2025/03/may-giat-toshiba-inverter-12-kg-tw-t21bu130uwvmg-4.jpg;https://dienmay88.vn/wp-content/uploads/2025/03/may-giat-toshiba-inverter-12-kg-tw-t21bu130uwvmg-5.jpg;https://dienmay88.vn/wp-content/uploads/2025/03/may-giat-toshiba-inverter-12-kg-tw-t21bu130uwvmg-6.jpg;https://dienmay88.vn/wp-content/uploads/2025/03/may-giat-toshiba-inverter-12-kg-tw-t21bu130uwvmg-7.jpg;https://dienmay88.vn/wp-content/uploads/2025/03/may-giat-toshiba-inverter-12-kg-tw-t21bu130uwvmg-8.jpg;https://dienmay88.vn/wp-content/uploads/2025/03/may-giat-toshiba-inverter-12-kg-tw-t21bu130uwvmg-9.jpg','https://dienmay88.vn/wp-content/uploads/2025/03/may-giat-toshiba-inverter-12-kg-tw-t21bu130uwvmg-1.jpg',1,'Toshiba Inverter 12 Kg TW-T21BU130UWV(MG)','9432000.0','toshiba-inverter-12-kg-tw-t21bu130uwvmg',11);
INSERT INTO Products VALUES(172,2,3,'TW-T21BU140UWV(MG)','2025-11-13 00:30:36','','',19,8380000.0,'https://dienmay88.vn/wp-content/uploads/2025/03/may-giat-toshiba-inverter-13-kg-tw-t21bu140uwvmg-1.jpg;https://dienmay88.vn/wp-content/uploads/2025/03/may-giat-toshiba-inverter-13-kg-tw-t21bu140uwvmg-2.jpg;https://dienmay88.vn/wp-content/uploads/2025/03/may-giat-toshiba-inverter-13-kg-tw-t21bu140uwvmg-3.jpg;https://dienmay88.vn/wp-content/uploads/2025/03/may-giat-toshiba-inverter-13-kg-tw-t21bu140uwvmg-4.jpg;https://dienmay88.vn/wp-content/uploads/2025/03/may-giat-toshiba-inverter-13-kg-tw-t21bu140uwvmg-5.jpg;https://dienmay88.vn/wp-content/uploads/2025/03/may-giat-toshiba-inverter-13-kg-tw-t21bu140uwvmg-6.jpg;https://dienmay88.vn/wp-content/uploads/2025/03/may-giat-toshiba-inverter-13-kg-tw-t21bu140uwvmg-7.jpg;https://dienmay88.vn/wp-content/uploads/2025/03/may-giat-toshiba-inverter-13-kg-tw-t21bu140uwvmg-8.jpg;https://dienmay88.vn/wp-content/uploads/2025/03/may-giat-toshiba-inverter-13-kg-tw-t21bu140uwvmg-9.jpg','https://dienmay88.vn/wp-content/uploads/2025/03/may-giat-toshiba-inverter-13-kg-tw-t21bu140uwvmg-1.jpg',1,'Toshiba Inverter 13 Kg TW-T21BU140UWV(MG)','10420000.0','toshiba-inverter-13-kg-tw-t21bu140uwvmg',11);
INSERT INTO Products VALUES(173,1,3,'WW12CGC604DLBSV','2025-11-13 00:30:36','','',20,9380000.0,'https://dienmay88.vn/wp-content/uploads/2025/05/may-giat-samsung-inverter-12-kg-ww12cg604dlbsv-1.jpg;https://dienmay88.vn/wp-content/uploads/2025/05/may-giat-samsung-inverter-12-kg-ww12cg604dlbsv-3.jpg;https://dienmay88.vn/wp-content/uploads/2025/05/may-giat-samsung-inverter-12-kg-ww12cg604dlbsv-4.jpg;https://dienmay88.vn/wp-content/uploads/2025/05/may-giat-samsung-inverter-12-kg-ww12cg604dlbsv-5.jpg;https://dienmay88.vn/wp-content/uploads/2025/05/may-giat-samsung-inverter-12-kg-ww12cg604dlbsv-6.jpg;https://dienmay88.vn/wp-content/uploads/2025/05/may-giat-samsung-inverter-12-kg-ww12cg604dlbsv-7.jpg;https://dienmay88.vn/wp-content/uploads/2025/05/may-giat-samsung-inverter-12-kg-ww12cg604dlbsv-8.jpg','https://dienmay88.vn/wp-content/uploads/2025/05/may-giat-samsung-inverter-12-kg-ww12cg604dlbsv-1.jpg',1,'Samsung Inverter 12 Kg WW12CG604DLBSV','11750000.0','samsung-inverter-12-kg-ww12cg604dlbsv',11);
INSERT INTO Products VALUES(174,1,3,'WW10DG6U34LBSV','2025-11-13 00:30:36','','',15,7940000.0,'https://dienmay88.vn/wp-content/uploads/2025/05/may-giat-samsung-ai-inverter-10-kg-ww10dg6u34lbsv-1.jpg;https://dienmay88.vn/wp-content/uploads/2025/05/may-giat-samsung-ai-inverter-10-kg-ww10dg6u34lbsv-2.jpg;https://dienmay88.vn/wp-content/uploads/2025/05/may-giat-samsung-ai-inverter-10-kg-ww10dg6u34lbsv-3.jpg;https://dienmay88.vn/wp-content/uploads/2025/05/may-giat-samsung-ai-inverter-10-kg-ww10dg6u34lbsv-4.jpg;https://dienmay88.vn/wp-content/uploads/2025/05/may-giat-samsung-ai-inverter-10-kg-ww10dg6u34lbsv-5.jpg;https://dienmay88.vn/wp-content/uploads/2025/05/may-giat-samsung-ai-inverter-10-kg-ww10dg6u34lbsv-6.jpg;https://dienmay88.vn/wp-content/uploads/2025/05/may-giat-samsung-ai-inverter-10-kg-ww10dg6u34lbsv-7.jpg;https://dienmay88.vn/wp-content/uploads/2025/05/may-giat-samsung-ai-inverter-10-kg-ww10dg6u34lbsv-8.jpg;https://dienmay88.vn/wp-content/uploads/2025/05/may-giat-samsung-ai-inverter-10-kg-ww10dg6u34lbsv-9.jpg;https://dienmay88.vn/wp-content/uploads/2025/05/may-giat-samsung-ai-inverter-10-kg-ww10dg6u34lbsv-10.jpg;https://dienmay88.vn/wp-content/uploads/2025/05/may-giat-samsung-ai-inverter-10-kg-ww10dg6u34lbsv-11.jpg','https://dienmay88.vn/wp-content/uploads/2025/05/may-giat-samsung-ai-inverter-10-kg-ww10dg6u34lbsv-1.jpg',1,'Samsung Inverter 10 Kg WW10DG6U34LBSV','9371000.0','samsung-inverter-10-kg-ww10dg6u34lbsv',11);
INSERT INTO Products VALUES(175,1,3,'WW10DG6U34LESV','2025-11-13 00:30:36','','',21,7670000.0,'https://dienmay88.vn/wp-content/uploads/2025/05/may-giat-samsung-ai-inverter-10-kg-ww10dg6u34lesv-1.jpg;https://dienmay88.vn/wp-content/uploads/2025/05/may-giat-samsung-ai-inverter-10-kg-ww10dg6u34lesv-2.jpg;https://dienmay88.vn/wp-content/uploads/2025/05/may-giat-samsung-ai-inverter-10-kg-ww10dg6u34lesv-3.jpg;https://dienmay88.vn/wp-content/uploads/2025/05/may-giat-samsung-ai-inverter-10-kg-ww10dg6u34lesv-4.jpg;https://dienmay88.vn/wp-content/uploads/2025/05/may-giat-samsung-ai-inverter-10-kg-ww10dg6u34lesv-5.jpg;https://dienmay88.vn/wp-content/uploads/2025/05/may-giat-samsung-ai-inverter-10-kg-ww10dg6u34lesv-6.jpg;https://dienmay88.vn/wp-content/uploads/2025/05/may-giat-samsung-ai-inverter-10-kg-ww10dg6u34lesv-7.jpg;https://dienmay88.vn/wp-content/uploads/2025/05/may-giat-samsung-ai-inverter-10-kg-ww10dg6u34lesv-8.jpg;https://dienmay88.vn/wp-content/uploads/2025/05/may-giat-samsung-ai-inverter-10-kg-ww10dg6u34lesv-9.jpg;https://dienmay88.vn/wp-content/uploads/2025/05/may-giat-samsung-ai-inverter-10-kg-ww10dg6u34lesv-10.jpg;https://dienmay88.vn/wp-content/uploads/2025/05/may-giat-samsung-ai-inverter-10-kg-ww10dg6u34lesv-11.jpg','https://dienmay88.vn/wp-content/uploads/2025/05/may-giat-samsung-ai-inverter-10-kg-ww10dg6u34lesv-1.jpg',1,'Samsung Inverter 10 Kg WW10DG6U34LESV','9788000.0','samsung-inverter-10-kg-ww10dg6u34lesv',11);
INSERT INTO Products VALUES(176,1,3,'WW10DB7U34GBSV','2025-11-13 00:30:36','','',14,8500000.0,'https://dienmay88.vn/wp-content/uploads/2025/06/may-giat-samsung-ai-inverter-10-kg-ww10db7u34gbsv-1.jpg;https://dienmay88.vn/wp-content/uploads/2025/06/may-giat-samsung-ai-inverter-10-kg-ww10db7u34gbsv-2.jpg;https://dienmay88.vn/wp-content/uploads/2025/06/may-giat-samsung-ai-inverter-10-kg-ww10db7u34gbsv-3.jpg;https://dienmay88.vn/wp-content/uploads/2025/06/may-giat-samsung-ai-inverter-10-kg-ww10db7u34gbsv-4.jpg;https://dienmay88.vn/wp-content/uploads/2025/06/may-giat-samsung-ai-inverter-10-kg-ww10db7u34gbsv-5.jpg;https://dienmay88.vn/wp-content/uploads/2025/06/may-giat-samsung-ai-inverter-10-kg-ww10db7u34gbsv-6.jpg','https://dienmay88.vn/wp-content/uploads/2025/06/may-giat-samsung-ai-inverter-10-kg-ww10db7u34gbsv-1.jpg',1,'Samsung Inverter 10 Kg WW10DB7U34GBSV','9897000.0','samsung-inverter-10-kg-ww10db7u34gbsv',11);
INSERT INTO Products VALUES(177,1,3,'WD11T734DBX/SV','2025-11-13 00:30:36','','',22,10130000.0,'https://dienmay88.vn/wp-content/uploads/2021/10/may-giat-say-samsung-inverter-9.5kg-WD95T4046CE.jpg;https://dienmay88.vn/wp-content/uploads/2021/10/may-giat-say-samsung-inverter-9.5kg-WD95T4046CE-1.jpg;https://dienmay88.vn/wp-content/uploads/2021/10/may-giat-say-samsung-inverter-9.5kg-WD95T4046CE-2.jpg;https://dienmay88.vn/wp-content/uploads/2021/10/may-giat-say-samsung-inverter-9.5kg-WD95T4046CE-3.jpg;https://dienmay88.vn/wp-content/uploads/2021/10/may-giat-say-samsung-inverter-9.5kg-WD95T4046CE-4.jpg;https://dienmay88.vn/wp-content/uploads/2021/10/may-giat-say-samsung-inverter-9.5kg-WD95T4046CE-5.jpg;https://dienmay88.vn/wp-content/uploads/2021/10/may-giat-say-samsung-inverter-9.5kg-WD95T4046CE-6.jpg','https://dienmay88.vn/wp-content/uploads/2021/10/may-giat-say-samsung-inverter-9.5kg-WD95T4046CE.jpg',1,'Samsung Inverter Giặt 11 Kg - Sấy 7 Kg WD11T734DBX/SV','13150000.0','samsung-inverter-giat-11-kg-say-7-kg-wd11t734dbxsv',11);
INSERT INTO Products VALUES(178,1,3,'WD14BB944DGMSV','2025-11-13 00:30:36','','',22,12260000.0,'https://dienmay88.vn/wp-content/uploads/2023/07/may-giat-say-samsung-inverter-14-kg-wd14bb944dgmsv.png;https://dienmay88.vn/wp-content/uploads/2023/07/may-giat-say-samsung-inverter-14-kg-wd14bb944dgmsv-1.png;https://dienmay88.vn/wp-content/uploads/2023/07/may-giat-say-samsung-inverter-14-kg-wd14bb944dgmsv-2.png;https://dienmay88.vn/wp-content/uploads/2023/07/may-giat-say-samsung-inverter-14-kg-wd14bb944dgmsv-3.png;https://dienmay88.vn/wp-content/uploads/2023/07/may-giat-say-samsung-inverter-14-kg-wd14bb944dgmsv-4.png;https://dienmay88.vn/wp-content/uploads/2023/07/may-giat-say-samsung-inverter-14-kg-wd14bb944dgmsv-5.png;https://dienmay88.vn/wp-content/uploads/2023/07/may-giat-say-samsung-inverter-14-kg-wd14bb944dgmsv-6.png;https://dienmay88.vn/wp-content/uploads/2023/07/may-giat-say-samsung-inverter-14-kg-wd14bb944dgmsv-7.png;https://dienmay88.vn/wp-content/uploads/2023/07/may-giat-say-samsung-inverter-14-kg-wd14bb944dgmsv-8.png;https://dienmay88.vn/wp-content/uploads/2023/07/may-giat-say-samsung-inverter-14-kg-wd14bb944dgmsv-9.png','https://dienmay88.vn/wp-content/uploads/2023/07/may-giat-say-samsung-inverter-14-kg-wd14bb944dgmsv.png',1,'Samsung Inverter Giặt 14 Kg - Sấy 8 Kg WD14BB944DGMSV','15920000.0','samsung-inverter-giat-14-kg-say-8-kg-wd14bb944dgmsv',11);
INSERT INTO Products VALUES(179,1,3,'WW95TA046AX','2025-11-13 00:49:05','','',20,7300000.0,'https://dienmay88.vn/wp-content/uploads/2021/10/may-giat-samsung-inverter-9.5kg-WW95TA046AX.jpg;https://dienmay88.vn/wp-content/uploads/2021/10/may-giat-samsung-inverter-9.5kg-WW95TA046AX-1.jpg;https://dienmay88.vn/wp-content/uploads/2021/10/may-giat-samsung-inverter-9.5kg-WW95TA046AX-2.jpg;https://dienmay88.vn/wp-content/uploads/2021/10/may-giat-samsung-inverter-9.5kg-WW95TA046AX-3.jpg;https://dienmay88.vn/wp-content/uploads/2021/10/may-giat-samsung-inverter-9.5kg-WW95TA046AX-4.jpg','https://dienmay88.vn/wp-content/uploads/2021/10/may-giat-samsung-inverter-9.5kg-WW95TA046AX.jpg',1,'Samsung Inverter 9.5 Kg WW95TA046AX/SV','9227000.0','samsung-inverter-95-kg-ww95ta046axsv',11);
INSERT INTO Products VALUES(180,1,12,'DV90CG2A0BSV','2025-11-13 00:49:05','','',13,14060000.0,'https://images.samsung.com/is/image/samsung/p6pim/vn/dv90cgc2a0absv/gallery/vn-dv5000d-dv11dgc4a0ae-dv90cgc2a0absv-545377927?$Q90_1920_1280_F_PNG$;https://images.samsung.com/is/image/samsung/p6pim/vn/dv90cgc2a0absv/gallery/vn-dv5000d-dv11dgc4a0ae-dv90cgc2a0absv-545377918?$Q90_1368_1094_F_JPG$;https://images.samsung.com/is/image/samsung/p6pim/vn/dv90cgc2a0absv/gallery/vn-dv5000d-dv11dgc4a0ae-dv90cgc2a0absv-545377919?$Q90_1368_1094_F_JPG$;https://images.samsung.com/is/image/samsung/p6pim/vn/dv90cgc2a0absv/gallery/vn-dv5000d-dv11dgc4a0ae-dv90cgc2a0absv-545377920?$Q90_1368_1094_F_JPG$;https://images.samsung.com/is/image/samsung/p6pim/vn/dv90cgc2a0absv/gallery/vn-dv5000d-dv11dgc4a0ae-dv90cgc2a0absv-545377921?$Q90_1368_1094_F_JPG$','https://images.samsung.com/is/image/samsung/p6pim/vn/dv90cgc2a0absv/gallery/vn-dv5000d-dv11dgc4a0ae-dv90cgc2a0absv-545377927?$Q90_1920_1280_F_PNG$',1,'Máy sấy bơm nhiệt Samsung 9 Kg DV90CGC2A0ABSV','16310000.0','may-say-bom-nhiet-samsung-9-kg-dv90cgc2a0absv',11);
INSERT INTO Products VALUES(181,1,12,'DV90T6240LB/SV','2025-11-13 00:49:05','','',15,14180000.0,'https://dienmay88.vn/wp-content/uploads/2025/03/may-say-bom-nhiet-samsung-9-kg-dv90t6240lb-1.jpg;https://dienmay88.vn/wp-content/uploads/2025/03/may-say-bom-nhiet-samsung-9-kg-dv90t6240lb-2.jpg;https://dienmay88.vn/wp-content/uploads/2025/03/may-say-bom-nhiet-samsung-9-kg-dv90t6240lb-3.jpg;https://dienmay88.vn/wp-content/uploads/2025/03/may-say-bom-nhiet-samsung-9-kg-dv90t6240lb-4.jpg;https://dienmay88.vn/wp-content/uploads/2025/03/may-say-bom-nhiet-samsung-9-kg-dv90t6240lb-5.jpg;https://dienmay88.vn/wp-content/uploads/2025/03/may-say-bom-nhiet-samsung-9-kg-dv90t6240lb-6.jpg','https://dienmay88.vn/wp-content/uploads/2025/03/may-say-bom-nhiet-samsung-9-kg-dv90t6240lb-1.jpg',1,'Máy sấy bơm nhiệt Samsung 9 Kg DV90T6240LB/SV','16880000.0','may-say-bom-nhiet-samsung-9-kg-dv90t6240lbsv',11);
INSERT INTO Products VALUES(182,1,12,'DV10BB9440GBSV','2025-11-13 00:49:05','','',15,15910000.0,'https://images.samsung.com/is/image/samsung/p6pim/vn/dv10bb9440gbsv/gallery/vn-dv9400b-460687-dv10bb9440gbsv-545353852?$Q90_1920_1280_F_PNG$;https://images.samsung.com/is/image/samsung/p6pim/vn/dv10bb9440gbsv/gallery/vn-dv9400b-460687-dv10bb9440gbsv-545353837?$Q90_1920_1280_F_PNG$;https://images.samsung.com/is/image/samsung/p6pim/vn/dv10bb9440gbsv/gallery/vn-dv9400b-460687-dv10bb9440gbsv-545353838?$Q90_1368_1094_F_JPG$;https://images.samsung.com/is/image/samsung/p6pim/vn/dv10bb9440gbsv/gallery/vn-dv9400b-460687-dv10bb9440gbsv-545353839?$Q90_1368_1094_F_JPG$;https://images.samsung.com/is/image/samsung/p6pim/vn/dv10bb9440gbsv/gallery/vn-dv9400b-460687-dv10bb9440gbsv-545353841?$Q90_1368_1094_F_JPG$;https://images.samsung.com/is/image/samsung/p6pim/vn/dv10bb9440gbsv/gallery/vn-dv9400b-460687-dv10bb9440gbsv-545353842?$Q90_1368_1094_F_JPG$;https://images.samsung.com/is/image/samsung/p6pim/vn/dv10bb9440gbsv/gallery/vn-dv9400b-460687-dv10bb9440gbsv-545353843?$Q90_1368_1094_F_JPG$','https://images.samsung.com/is/image/samsung/p6pim/vn/dv10bb9440gbsv/gallery/vn-dv9400b-460687-dv10bb9440gbsv-545353852?$Q90_1920_1280_F_PNG$',1,'Máy sấy bơm nhiệt Samsung 10 Kg DV10BB9440GBSV','18870000.0','may-say-bom-nhiet-samsung-10-kg-dv10bb9440gbsv',11);
INSERT INTO Products VALUES(183,13,3,'EWF-9023P5WC','2025-11-13 00:49:05','','',13,7880000.0,'','https://cdnv2.tgdd.vn/mwg-static/dmx/Products/Images/1944/329607/may-giat-electrolux-ultimatecare-500-inverter-9-kg-ewf9023p5wc-1-638733108944735885-700x467.jpg',1,'Máy giặt Electrolux UltimateCare 500 Inverter 9 kg EWF9023P5WC','9106000.0','may-giat-electrolux-ultimatecare-500-inverter-9-kg-ewf9023p5wc',11);
INSERT INTO Products VALUES(184,13,3,'EWF-9023P5SC','2025-11-13 00:49:05','','',15,8870000.0,'','https://cdnv2.tgdd.vn/mwg-static/dmx/Products/Images/1944/329608/may-giat-electrolux-ultimatecare-500-inverter-9-kg-ewf9023p5sc-1-638733112084822358-700x467.jpg',1,'Máy giặt Electrolux UltimateCare 500 Inverter 9 kg EWF9023P5SC','10480000.0','may-giat-electrolux-ultimatecare-500-inverter-9-kg-ewf9023p5sc',11);
INSERT INTO Products VALUES(185,13,3,'EWF-1023P5WC','2025-11-13 00:49:05','','',21,8950000.0,'','https://cdnv2.tgdd.vn/mwg-static/dmx/Products/Images/1944/329609/may-giat-electrolux-ultimatecare-500-inverter-10-kg-ewf1023p5wc-1-638732396451099682-700x467.jpg',1,'Máy giặt Electrolux UltimateCare 500 Inverter 10 kg EWF1023P5WC','11380000.0','may-giat-electrolux-ultimatecare-500-inverter-10-kg-ewf1023p5wc',11);
INSERT INTO Products VALUES(186,13,3,'EWF-1023P5SC','2025-11-13 00:49:05','','',16,9860000.0,'','https://cdnv2.tgdd.vn/mwg-static/dmx/Products/Images/1944/329610/may-giat-electrolux-ultimatecare-500-inverter-10-kg-ewf1023p5sc-2-638729888387059971-700x467.jpg',1,'Máy giặt Electrolux UltimateCare 500 Inverter 10 kg EWF1023P5SC','11740000.0','may-giat-electrolux-ultimatecare-500-inverter-10-kg-ewf1023p5sc',11);
INSERT INTO Products VALUES(187,13,3,'EWF-1024D3WC','2025-11-13 00:49:05','','',18,7910000.0,'','https://cdnv2.tgdd.vn/mwg-static/dmx/Products/Images/1944/329605/may-giat-electrolux-ultimatecare-300-inverter-10-kg-ewf1024d3wc-2-638731532345484779-700x467.jpg',1,'Máy giặt Electrolux UltimateCare 300 Inverter 10 kg EWF1024D3WC','9706000.0','may-giat-electrolux-ultimatecare-300-inverter-10-kg-ewf1024d3wc',11);
INSERT INTO Products VALUES(188,13,12,'EDV804H3WC','2025-11-13 01:38:21','','',17,8630000.0,'https://dienmay88.vn/wp-content/uploads/2024/09/may-say-thong-hoi-electrolux-8-kg-edv804h3wc-1.jpg;https://dienmay88.vn/wp-content/uploads/2024/09/may-say-thong-hoi-electrolux-8-kg-edv804h3wc-2.jpg;https://dienmay88.vn/wp-content/uploads/2024/09/may-say-thong-hoi-electrolux-8-kg-edv804h3wc-3.jpg;https://dienmay88.vn/wp-content/uploads/2024/09/may-say-thong-hoi-electrolux-8-kg-edv804h3wc-4.jpg;https://dienmay88.vn/wp-content/uploads/2024/09/may-say-thong-hoi-electrolux-8-kg-edv804h3wc-5.jpg','https://dienmay88.vn/wp-content/uploads/2024/09/may-say-thong-hoi-electrolux-8-kg-edv804h3wc-1.jpg',1,'Máy sấy thông hơi Electrolux 8 Kg EDV804H3WC','10450000.0','may-say-thong-hoi-electrolux-8-kg-edv804h3wc',11);
INSERT INTO Products VALUES(189,13,12,'EDV904H3WC','2025-11-13 01:38:21','','',15,9610000.0,'https://dienmay88.vn/wp-content/uploads/2024/09/may-say-thong-hoi-electrolux-9-kg-edv904h3wc-1.jpg;https://dienmay88.vn/wp-content/uploads/2024/09/may-say-thong-hoi-electrolux-9-kg-edv904h3wc-2.jpg;https://dienmay88.vn/wp-content/uploads/2024/09/may-say-thong-hoi-electrolux-9-kg-edv904h3wc-3.jpg;https://dienmay88.vn/wp-content/uploads/2024/09/may-say-thong-hoi-electrolux-9-kg-edv904h3wc-4.jpg','https://dienmay88.vn/wp-content/uploads/2024/09/may-say-thong-hoi-electrolux-9-kg-edv904h3wc-1.jpg',1,'Máy sấy thông hơi Electrolux 9 Kg EDV904H3WC','11380000.0','may-say-thong-hoi-electrolux-9-kg-edv904h3wc',11);
INSERT INTO Products VALUES(190,13,12,'EDV904N3SC','2025-11-13 01:38:21','','',17,10200000.0,'https://dienmay88.vn/wp-content/uploads/2024/09/may-say-thong-hoi-electrolux-9-kg-edv904n3sc-1.jpg;https://dienmay88.vn/wp-content/uploads/2024/09/may-say-thong-hoi-electrolux-9-kg-edv904n3sc-2.jpg;https://dienmay88.vn/wp-content/uploads/2024/09/may-say-thong-hoi-electrolux-9-kg-edv904n3sc-3.jpg;https://dienmay88.vn/wp-content/uploads/2024/09/may-say-thong-hoi-electrolux-9-kg-edv904n3sc-4.jpg','https://dienmay88.vn/wp-content/uploads/2024/09/may-say-thong-hoi-electrolux-9-kg-edv904n3sc-1.jpg',1,'Máy sấy thông hơi Electrolux 9 Kg EDV904N3SC','12350000.0','may-say-thong-hoi-electrolux-9-kg-edv904n3sc',11);
INSERT INTO Products VALUES(191,13,12,'EDS904H3N3SC','2025-11-13 01:38:21','','',13,13160000.0,'https://cdn.tgdd.vn/Products/Images/2202/329631/Slider/vi-vn-may-say-thong-hoi-electrolux-ultimatecare-9-kg-eds904n3sc-1.jpg;https://cdn.tgdd.vn/Products/Images/2202/329631/Slider/vi-vn-may-say-thong-hoi-electrolux-ultimatecare-9-kg-eds904n3sc-2.jpg;https://cdn.tgdd.vn/Products/Images/2202/329631/Slider/vi-vn-may-say-thong-hoi-electrolux-ultimatecare-9-kg-eds904n3sc-3.jpg;https://cdn.tgdd.vn/Products/Images/2202/329631/Slider/vi-vn-may-say-thong-hoi-electrolux-ultimatecare-9-kg-eds904n3sc-4.jpg;https://cdn.tgdd.vn/Products/Images/2202/329631/Slider/may-say-thong-hoi-electrolux-ultimatecare-9-kg-eds904n3sc-5-1020x570.jpg;https://cdnv2.tgdd.vn/mwg-static/dmx/Products/Images/2202/329631/may-say-thong-hoi-electrolux-ultimatecare-9-kg-eds904n3sc-1-638733256644283406-700x467.jpg;https://cdnv2.tgdd.vn/mwg-static/dmx/Products/Images/2202/329631/may-say-thong-hoi-electrolux-ultimatecare-9-kg-eds904n3sc-2-638733256654677489-700x467.jpg;https://cdnv2.tgdd.vn/mwg-static/dmx/Products/Images/2202/329631/may-say-thong-hoi-electrolux-ultimatecare-9-kg-eds904n3sc-3-638733256663091946-700x467.jpg;https://cdnv2.tgdd.vn/mwg-static/dmx/Products/Images/2202/329631/may-say-thong-hoi-electrolux-ultimatecare-9-kg-eds904n3sc-4-638733256678447976-700x467.jpg;https://cdnv2.tgdd.vn/mwg-static/dmx/Products/Images/2202/329631/may-say-thong-hoi-electrolux-ultimatecare-9-kg-eds904n3sc-5-638733256686553027-700x467.jpg;https://cdnv2.tgdd.vn/mwg-static/dmx/Products/Images/2202/329631/may-say-thong-hoi-electrolux-ultimatecare-9-kg-eds904n3sc-6-638733256700216151-700x467.jpg;https://cdnv2.tgdd.vn/mwg-static/dmx/Products/Images/2202/329631/may-say-thong-hoi-electrolux-ultimatecare-9-kg-eds904n3sc-7-638733256708886587-700x467.jpg;https://cdnv2.tgdd.vn/mwg-static/dmx/Products/Images/2202/329631/may-say-thong-hoi-electrolux-ultimatecare-9-kg-eds904n3sc-8-638733256721159179-700x467.jpg;https://cdnv2.tgdd.vn/mwg-static/dmx/Products/Images/2202/329631/may-say-thong-hoi-electrolux-ultimatecare-9-kg-eds904n3sc-9-638733256729402466-700x467.jpg;https://cdnv2.tgdd.vn/mwg-static/dmx/Products/Images/2202/329631/may-say-thong-hoi-electrolux-ultimatecare-9-kg-eds904n3sc-10-638733256736399466-700x467.jpg','https://cdnv2.tgdd.vn/mwg-static/dmx/Products/Images/2202/329631/may-say-thong-hoi-electrolux-ultimatecare-9-kg-eds904n3sc-thum-638733257182628529-600x600.jpg',1,'Máy sấy thông hơi Electrolux 9 Kg EDS904N3SC','15160000.0','may-say-thong-hoi-electrolux-9-kg-eds904n3sc',11);
INSERT INTO Products VALUES(192,13,12,'EDS904H3WC','2025-11-13 01:38:21','','',19,10430000.0,'https://dienmay88.vn/wp-content/uploads/2024/09/may-say-thong-hoi-electrolux-9-kg-eds904h3wc-1.jpg;https://dienmay88.vn/wp-content/uploads/2024/09/may-say-thong-hoi-electrolux-9-kg-eds904h3wc-2.jpg;https://dienmay88.vn/wp-content/uploads/2024/09/may-say-thong-hoi-electrolux-9-kg-eds904h3wc-3.jpg;https://dienmay88.vn/wp-content/uploads/2024/09/may-say-thong-hoi-electrolux-9-kg-eds904h3wc-4.jpg;https://dienmay88.vn/wp-content/uploads/2024/09/may-say-thong-hoi-electrolux-9-kg-eds904h3wc-5.jpg','https://dienmay88.vn/wp-content/uploads/2024/09/may-say-thong-hoi-electrolux-9-kg-eds904h3wc-1.jpg',1,'Máy sấy thông hơi Electrolux 9 Kg EDS904H3WC','12970000.0','may-say-thong-hoi-electrolux-9-kg-eds904h3wc',11);
INSERT INTO Products VALUES(193,3,12,'DVHP50M','2025-11-13 01:38:21','','',15,17180000.0,'https://dienmay88.vn/wp-content/uploads/2024/08/may-say-bom-nhiet-lg-10-5-kg-dvhp50m-1.png;https://dienmay88.vn/wp-content/uploads/2024/08/may-say-bom-nhiet-lg-10-5-kg-dvhp50m-2.png;https://dienmay88.vn/wp-content/uploads/2024/08/may-say-bom-nhiet-lg-10-5-kg-dvhp50m-5.png;https://dienmay88.vn/wp-content/uploads/2024/08/may-say-bom-nhiet-lg-10-5-kg-dvhp50m-6.png;https://dienmay88.vn/wp-content/uploads/2024/08/may-say-bom-nhiet-lg-10-5-kg-dvhp50m-7.jpg;https://dienmay88.vn/wp-content/uploads/2024/08/may-say-bom-nhiet-lg-10-5-kg-dvhp50m-8.png','https://dienmay88.vn/wp-content/uploads/2024/08/may-say-bom-nhiet-lg-10-5-kg-dvhp50m-1.png',1,'Máy sấy bơm nhiệt LG 10.5 Kg DVHP50M','20420000.0','may-say-bom-nhiet-lg-105-kg-dvhp50m',11);
INSERT INTO Products VALUES(194,3,12,'DVHP50W','2025-11-13 01:38:21','','',19,16580000.0,'https://dienmay88.vn/wp-content/uploads/2024/08/may-say-bom-nhiet-lg-10-5-kg-dvhp50w-11.png;https://dienmay88.vn/wp-content/uploads/2024/08/may-say-bom-nhiet-lg-10-5-kg-dvhp50w-4.png;https://dienmay88.vn/wp-content/uploads/2024/08/may-say-bom-nhiet-lg-10-5-kg-dvhp50w-5.png;https://dienmay88.vn/wp-content/uploads/2024/08/may-say-bom-nhiet-lg-10-5-kg-dvhp50w-6.png;https://dienmay88.vn/wp-content/uploads/2024/08/may-say-bom-nhiet-lg-10-5-kg-dvhp50w-7.png;https://dienmay88.vn/wp-content/uploads/2024/08/may-say-bom-nhiet-lg-10-5-kg-dvhp50w-8.png;https://dienmay88.vn/wp-content/uploads/2024/08/may-say-bom-nhiet-lg-10-5-kg-dvhp50w-9.png;https://dienmay88.vn/wp-content/uploads/2024/08/may-say-bom-nhiet-lg-10-5-kg-dvhp50w-10.png','https://dienmay88.vn/wp-content/uploads/2024/08/may-say-bom-nhiet-lg-10-5-kg-dvhp50w-11.png',1,'Máy sấy bơm nhiệt LG 10.5 Kg DVHP50W','20540000.0','may-say-bom-nhiet-lg-105-kg-dvhp50w',11);
INSERT INTO Products VALUES(195,3,12,'DVHP50B','2025-11-13 01:38:21','','',16,17780000.0,'https://dienmay88.vn/wp-content/uploads/2023/06/may-say-bom-nhiet-lg-inverter-10.5-kg-DVHP50B-3.png;https://dienmay88.vn/wp-content/uploads/2023/06/may-say-bom-nhiet-lg-inverter-10.5-kg-DVHP50B-4.png;https://dienmay88.vn/wp-content/uploads/2023/06/may-say-bom-nhiet-lg-inverter-10.5-kg-DVHP50B-6.png;https://dienmay88.vn/wp-content/uploads/2023/06/may-say-bom-nhiet-lg-inverter-10.5-kg-DVHP50B-7.png;https://dienmay88.vn/wp-content/uploads/2023/06/may-say-bom-nhiet-lg-inverter-10.5-kg-DVHP50B-8.png;https://dienmay88.vn/wp-content/uploads/2023/06/may-say-bom-nhiet-lg-inverter-10.5-kg-DVHP50B-9.png;https://dienmay88.vn/wp-content/uploads/2023/06/may-say-bom-nhiet-lg-inverter-10.5-kg-DVHP50B-10.png;https://dienmay88.vn/wp-content/uploads/2023/06/may-say-bom-nhiet-lg-inverter-10.5-kg-DVHP50B-11.png;https://dienmay88.vn/wp-content/uploads/2023/06/may-say-bom-nhiet-lg-inverter-10.5-kg-DVHP50B-12.png','https://dienmay88.vn/wp-content/uploads/2023/06/may-say-bom-nhiet-lg-inverter-10.5-kg-DVHP50B-3.png',1,'Máy sấy bơm nhiệt LG 10.5 Kg DVHP50B','21310000.0','may-say-bom-nhiet-lg-105-kg-dvhp50b',11);
INSERT INTO Products VALUES(196,3,12,'DVHP50P','2025-11-13 01:38:21','','',18,15830000.0,'https://dienmay88.vn/wp-content/uploads/2023/06/may-say-bom-nhiet-lg-10.5-Kg-DVHP50P.png;https://dienmay88.vn/wp-content/uploads/2023/06/may-say-bom-nhiet-lg-10.5-Kg-DVHP50P-1.png;https://dienmay88.vn/wp-content/uploads/2023/06/may-say-bom-nhiet-lg-10.5-Kg-DVHP50P-3.png;https://dienmay88.vn/wp-content/uploads/2023/06/may-say-bom-nhiet-lg-10.5-Kg-DVHP50P-4.png;https://dienmay88.vn/wp-content/uploads/2023/06/may-say-bom-nhiet-lg-10.5-Kg-DVHP50P-5.png;https://dienmay88.vn/wp-content/uploads/2023/06/may-say-bom-nhiet-lg-10.5-Kg-DVHP50P-6.png;https://dienmay88.vn/wp-content/uploads/2023/06/may-say-bom-nhiet-lg-10.5-Kg-DVHP50P-7.png;https://dienmay88.vn/wp-content/uploads/2023/06/may-say-bom-nhiet-lg-10.5-Kg-DVHP50P-8.png;https://dienmay88.vn/wp-content/uploads/2023/06/may-say-bom-nhiet-lg-10.5-Kg-DVHP50P-9.png','https://dienmay88.vn/wp-content/uploads/2023/06/may-say-bom-nhiet-lg-10.5-Kg-DVHP50P.png',1,'Máy sấy bơm nhiệt LG 10.5 Kg DVHP50P','19390000.0','may-say-bom-nhiet-lg-105-kg-dvhp50p',11);
INSERT INTO Products VALUES(197,3,12,'DVHP09W','2025-11-13 01:38:21','','',17,14440000.0,'https://dienmay88.vn/wp-content/uploads/2021/02/may-say-lg-9-kg-dvhp09w.jpg;https://dienmay88.vn/wp-content/uploads/2021/02/may-say-lg-9-kg-dvhp09w-3.jpg;https://dienmay88.vn/wp-content/uploads/2021/02/may-say-lg-9-kg-dvhp09w-4.jpg;https://dienmay88.vn/wp-content/uploads/2021/02/may-say-lg-9-kg-dvhp09w-5.jpg;https://dienmay88.vn/wp-content/uploads/2021/02/may-say-lg-9-kg-dvhp09w-6.jpg;https://dienmay88.vn/wp-content/uploads/2021/02/may-say-lg-9-kg-dvhp09w-7.jpg;https://dienmay88.vn/wp-content/uploads/2021/02/may-say-lg-9-kg-dvhp09w-8.jpg','https://dienmay88.vn/wp-content/uploads/2021/02/may-say-lg-9-kg-dvhp09w.jpg',1,'Máy sấy bơm nhiệt LG 9 Kg DVHP09W','17490000.0','may-say-bom-nhiet-lg-9-kg-dvhp09w',11);
INSERT INTO Products VALUES(198,3,12,'DVHP09B','2025-11-13 01:38:21','','',22,15730000.0,'https://dienmay88.vn/wp-content/uploads/2021/02/may-say-lg-9-kg-dvhp09b.jpg;https://dienmay88.vn/wp-content/uploads/2021/02/may-say-lg-9-kg-dvhp09b-4.jpg;https://dienmay88.vn/wp-content/uploads/2021/02/may-say-lg-9-kg-dvhp09b-5.jpg;https://dienmay88.vn/wp-content/uploads/2021/02/may-say-lg-9-kg-dvhp09b-6.jpg;https://dienmay88.vn/wp-content/uploads/2021/02/may-say-lg-9-kg-dvhp09b-7.jpg;https://dienmay88.vn/wp-content/uploads/2021/02/may-say-lg-9-kg-dvhp09b-8.jpg;https://dienmay88.vn/wp-content/uploads/2021/02/may-say-lg-9-kg-dvhp09b-9.jpg;https://dienmay88.vn/wp-content/uploads/2021/02/may-say-lg-9-kg-dvhp09b-10.jpg','https://dienmay88.vn/wp-content/uploads/2021/02/may-say-lg-9-kg-dvhp09b.jpg',1,'Máy sấy bơm nhiệt LG 9 Kg DVHP09B','20190000.0','may-say-bom-nhiet-lg-9-kg-dvhp09b',11);
INSERT INTO Products VALUES(199,4,4,'N9AKH-8','2025-11-14 02:25:02','','',15,8030000.0,'https://dienmay88.vn/wp-content/uploads/2025/04/dieu-hoa-panasonic-9000btu-n9akh-8.jpg;https://dienmay88.vn/wp-content/uploads/2025/04/dieu-hoa-panasonic-9000btu-n9akh-8-1.jpg;https://dienmay88.vn/wp-content/uploads/2025/04/dieu-hoa-panasonic-9000btu-n9akh-8-2.jpg;https://dienmay88.vn/wp-content/uploads/2025/04/dieu-hoa-panasonic-9000btu-n9akh-8-3.jpg','https://dienmay88.vn/wp-content/uploads/2025/04/dieu-hoa-panasonic-9000btu-n9akh-8.jpg',1,unistr('Điều hòa Panasonic 1 chiều 9000BTU N9AKH-8\u000a'),'9541000.0','dieu-hoa-panasonic-9000btu-n9akh-8',11);
INSERT INTO Products VALUES(200,4,4,'N12AKH-8','2025-11-14 02:25:02','','',14,10010000.0,'https://dienmay88.vn/wp-content/uploads/2025/04/dieu-hoa-panasonic-12000btu-n12akh-8.jpg;https://dienmay88.vn/wp-content/uploads/2025/04/dieu-hoa-panasonic-12000btu-n12akh-8-1.jpg;https://dienmay88.vn/wp-content/uploads/2025/04/dieu-hoa-panasonic-12000btu-n12akh-8-2.jpg;https://dienmay88.vn/wp-content/uploads/2025/04/dieu-hoa-panasonic-12000btu-n12akh-8-3.jpg','https://dienmay88.vn/wp-content/uploads/2025/04/dieu-hoa-panasonic-12000btu-n12akh-8.jpg',1,unistr('Điều hòa Panasonic 1 chiều 12000BTU N12AKH-8\u000a'),'11710000.0','dieu-hoa-panasonic-12000btu-n12akh-8',11);
INSERT INTO Products VALUES(201,4,4,'N18AKH-8','2025-11-14 02:25:02','','',20,15340000.0,'https://dienmay88.vn/wp-content/uploads/2025/04/dieu-hoa-panasonic-18000-btu-n18akh-8.jpg;https://dienmay88.vn/wp-content/uploads/2025/04/dieu-hoa-panasonic-18000-btu-n18akh-8-1.jpg;https://dienmay88.vn/wp-content/uploads/2025/04/dieu-hoa-panasonic-18000-btu-n18akh-8-2.jpg;https://dienmay88.vn/wp-content/uploads/2025/04/dieu-hoa-panasonic-18000-btu-n18akh-8-3.jpg','https://dienmay88.vn/wp-content/uploads/2025/04/dieu-hoa-panasonic-18000-btu-n18akh-8.jpg',1,'Điều hòa Panasonic 18000 BTU 1 chiều N18AKH-8','19180000.0','dieu-hoa-panasonic-18000-btu-n18akh-8',11);
INSERT INTO Products VALUES(202,4,4,'N24AKH-8','2025-11-14 02:25:02','','',22,22460000.0,'https://dienmay88.vn/wp-content/uploads/2025/08/cs-n24akh-8.500BTU-CUCS-N24AKH-8.jpg;https://dienmay88.vn/wp-content/uploads/2025/08/cs-n24akh-8.500BTU-CUCS-N24AKH-8-1.jpg;https://dienmay88.vn/wp-content/uploads/2025/08/cs-n24akh-8.500BTU-CUCS-N24AKH-8-2.jpg;https://dienmay88.vn/wp-content/uploads/2025/08/cs-n24akh-8.500BTU-CUCS-N24AKH-8-3.jpg','https://dienmay88.vn/wp-content/uploads/2025/08/cs-n24akh-8.500BTU-CUCS-N24AKH-8.jpg',1,'Điều hòa Panasonic 24000 BTU 1 chiều N24AKH-8','28980000.0','dieu-hoa-panasonic-22500btu-cucs-n24akh-8',11);
INSERT INTO Products VALUES(203,4,4,'RU9AKH-8','2025-11-14 02:25:02','','',15,9730000.0,'https://dienmay88.vn/wp-content/uploads/2024/03/cs-ru9akh-8.png','https://dienmay88.vn/wp-content/uploads/2024/03/cs-ru9akh-8.png',1,unistr('Điều hòa Panasonic 9000BTU 1 chiều inverter RU9AKH-8\u000a'),'11520000.0','may-lanh-panasonic-inverter-1-hp-cucs-ru9akh-8',11);
INSERT INTO Products VALUES(204,4,4,'RU12AKH-8','2025-11-14 02:25:02','','',19,11710000.0,'https://dienmay88.vn/wp-content/uploads/2024/03/cs-ru12akh-8.png','https://dienmay88.vn/wp-content/uploads/2024/03/cs-ru12akh-8.png',1,'Panasonic RU12AKH-8, Điều hòa Panasonic 1 chiều ','14490000.0','may-lanh-panasonic-inverter-15-hp-cucs-ru12akh-8',11);
INSERT INTO Products VALUES(205,4,4,'RU18AKH-8B','2025-11-14 02:25:02','','',15,18150000.0,'https://dienmay88.vn/wp-content/uploads/2025/04/cs-ru18akh-8b.000BTU-CUCS-RU18AKH-8B.jpg;https://dienmay88.vn/wp-content/uploads/2025/04/cs-ru18akh-8b.000BTU-CUCS-RU18AKH-8B-1.jpg;https://dienmay88.vn/wp-content/uploads/2025/04/cs-ru18akh-8b.000BTU-CUCS-RU18AKH-8B-2.jpg;https://dienmay88.vn/wp-content/uploads/2025/04/cs-ru18akh-8b.000BTU-CUCS-RU18AKH-8B-3.jpg;https://dienmay88.vn/wp-content/uploads/2025/04/cs-ru18akh-8b.000BTU-CUCS-RU18AKH-8B-4.jpg','https://dienmay88.vn/wp-content/uploads/2025/04/cs-ru18akh-8b.000BTU-CUCS-RU18AKH-8B.jpg',1,'Điều hòa Panasonic 18000BTU 1 chiều inverter RU18AKH-8B','21530000.0','dieu-hoa-panasonic-inverter-18000btu-cucs-ru18akh-8b',11);
INSERT INTO Products VALUES(206,4,4,'U12ZKH-8','2025-11-14 02:25:02','','',20,13230000.0,'https://dienmay88.vn/wp-content/uploads/2023/05/cs-u12zkh-8.5HP-CUCS-U12ZKH-8.png','https://dienmay88.vn/wp-content/uploads/2023/05/cs-u12zkh-8.5HP-CUCS-U12ZKH-8.png',1,'Điều hòa Panasonic 12.000BTU 1 chiều inverter U12ZKH-8','16680000.0','dieu-hoa-panasonic-inverter-15hp-cucs-u12zkh-8',11);
INSERT INTO Products VALUES(207,4,4,'U9BKH-8','2025-11-14 02:25:02','','',13,11190000.0,'https://dienmay88.vn/wp-content/uploads/2025/06/may-lanh-panasonic-inverter-1-hp-cu-cs-u9bkh-8-1.jpg;https://dienmay88.vn/wp-content/uploads/2025/06/may-lanh-panasonic-inverter-1-hp-cu-cs-u9bkh-8-2.jpg;https://dienmay88.vn/wp-content/uploads/2025/06/may-lanh-panasonic-inverter-1-hp-cu-cs-u9bkh-8-3.jpg;https://dienmay88.vn/wp-content/uploads/2025/06/may-lanh-panasonic-inverter-1-hp-cu-cs-u9bkh-8-4.jpg;https://dienmay88.vn/wp-content/uploads/2025/06/may-lanh-panasonic-inverter-1-hp-cu-cs-u9bkh-8-5.jpg;https://dienmay88.vn/wp-content/uploads/2025/06/may-lanh-panasonic-inverter-1-hp-cu-cs-u9bkh-8-6.jpg;https://dienmay88.vn/wp-content/uploads/2025/06/may-lanh-panasonic-inverter-1-hp-cu-cs-u9bkh-8-7.jpg;https://dienmay88.vn/wp-content/uploads/2025/06/may-lanh-panasonic-inverter-1-hp-cu-cs-u9bkh-8-8.jpg;https://dienmay88.vn/wp-content/uploads/2025/06/may-lanh-panasonic-inverter-1-hp-cu-cs-u9bkh-8-9.jpg;https://dienmay88.vn/wp-content/uploads/2025/06/may-lanh-panasonic-inverter-1-hp-cu-cs-u9bkh-8-10.jpg','https://dienmay88.vn/wp-content/uploads/2025/06/may-lanh-panasonic-inverter-1-hp-cu-cs-u9bkh-8-1.jpg',1,'Điều hòa Panasonic U9BKH-8 inverter 9000 BTU 1 chiều','12990000.0','may-lanh-panasonic-inverter-1-hp-cucs-u9bkh-8',11);
INSERT INTO Products VALUES(208,4,4,'U12BKH-8','2025-11-14 02:25:02','','',20,13640000.0,'https://dienmay88.vn/wp-content/uploads/2025/06/may-lanh-panasonic-inverter-1-5-hp-cu-cs-u12bkh-8-1.jpg;https://dienmay88.vn/wp-content/uploads/2025/06/may-lanh-panasonic-inverter-1-5-hp-cu-cs-u12bkh-8-2.jpg;https://dienmay88.vn/wp-content/uploads/2025/06/may-lanh-panasonic-inverter-1-5-hp-cu-cs-u12bkh-8-3.jpg;https://dienmay88.vn/wp-content/uploads/2025/06/may-lanh-panasonic-inverter-1-5-hp-cu-cs-u12bkh-8-4.jpg;https://dienmay88.vn/wp-content/uploads/2025/06/may-lanh-panasonic-inverter-1-5-hp-cu-cs-u12bkh-8-5.jpg;https://dienmay88.vn/wp-content/uploads/2025/06/may-lanh-panasonic-inverter-1-5-hp-cu-cs-u12bkh-8-6.jpg;https://dienmay88.vn/wp-content/uploads/2025/06/may-lanh-panasonic-inverter-1-5-hp-cu-cs-u12bkh-8-7.jpg;https://dienmay88.vn/wp-content/uploads/2025/06/may-lanh-panasonic-inverter-1-5-hp-cu-cs-u12bkh-8-8.jpg;https://dienmay88.vn/wp-content/uploads/2025/06/may-lanh-panasonic-inverter-1-5-hp-cu-cs-u12bkh-8-9.jpg;https://dienmay88.vn/wp-content/uploads/2025/06/may-lanh-panasonic-inverter-1-5-hp-cu-cs-u12bkh-8-10.jpg','https://dienmay88.vn/wp-content/uploads/2025/06/may-lanh-panasonic-inverter-1-5-hp-cu-cs-u12bkh-8-1.jpg',1,'Điều hòa Panasonic 12000BTU 1 chiều inverter U12BKH-8','17230000.0','may-lanh-panasonic-inverter-15-hp-cucs-u12bkh-8',11);
INSERT INTO Products VALUES(209,4,4,'YZ9AKH-8','2025-11-14 02:25:02','','',18,11480000.0,'https://dienmay88.vn/wp-content/uploads/2024/04/cs-yz9akh-8.png;https://dienmay88.vn/wp-content/uploads/2024/04/cs-yz9akh-8-1.png;https://dienmay88.vn/wp-content/uploads/2024/04/cs-yz9akh-8-2.png;https://dienmay88.vn/wp-content/uploads/2024/04/cs-yz9akh-8-3.png;https://dienmay88.vn/wp-content/uploads/2024/04/cs-yz9akh-8-4.png;https://dienmay88.vn/wp-content/uploads/2024/04/cs-yz9akh-8-5.png;https://dienmay88.vn/wp-content/uploads/2024/04/cs-yz9akh-8-6.png;https://dienmay88.vn/wp-content/uploads/2024/04/cs-yz9akh-8-7.png','https://dienmay88.vn/wp-content/uploads/2024/04/cs-yz9akh-8.png',1,unistr('Điều hòa Panasonic 2 chiều 9.000BTU inverter YZ9AKH-8\u000a'),'14140000.0','may-lanh-panasonic-inverter-1-hp-cucs-yz9akh-8',11);
INSERT INTO Products VALUES(210,4,4,'YZ12AKH-8','2025-11-14 02:25:02','','',21,14230000.0,'https://dienmay88.vn/wp-content/uploads/2024/04/cs-yz12akh-8.5-HP-CUCS-YZ12AKH-8.png;https://dienmay88.vn/wp-content/uploads/2024/04/cs-yz12akh-8.5-HP-CUCS-YZ12AKH-8-1.png;https://dienmay88.vn/wp-content/uploads/2024/04/cs-yz12akh-8.5-HP-CUCS-YZ12AKH-8-2.png;https://dienmay88.vn/wp-content/uploads/2024/04/cs-yz12akh-8.5-HP-CUCS-YZ12AKH-8-3.png;https://dienmay88.vn/wp-content/uploads/2024/04/cs-yz12akh-8.5-HP-CUCS-YZ12AKH-8-4.png;https://dienmay88.vn/wp-content/uploads/2024/04/cs-yz12akh-8.5-HP-CUCS-YZ12AKH-8-5.png;https://dienmay88.vn/wp-content/uploads/2024/04/cs-yz12akh-8.5-HP-CUCS-YZ12AKH-8-6.png;https://dienmay88.vn/wp-content/uploads/2024/04/cs-yz12akh-8.5-HP-CUCS-YZ12AKH-8-7.png','https://dienmay88.vn/wp-content/uploads/2024/04/cs-yz12akh-8.5-HP-CUCS-YZ12AKH-8.png',1,'Điều hòa Panasonic 2 chiều 12.000BTU inverter YZ12AKH-8','18130000.0','may-lanh-panasonic-inverter-15-hp-cucs-yz12akh-8',11);
INSERT INTO Products VALUES(211,4,4,'YZ18AKH-8','2025-11-14 02:25:02','','',21,22670000.0,'https://dienmay88.vn/wp-content/uploads/2024/04/cs-yz18akh-8.png;https://dienmay88.vn/wp-content/uploads/2024/04/cs-yz18akh-8-1.png;https://dienmay88.vn/wp-content/uploads/2024/04/cs-yz18akh-8-2.png;https://dienmay88.vn/wp-content/uploads/2024/04/cs-yz18akh-8-3.png;https://dienmay88.vn/wp-content/uploads/2024/04/cs-yz18akh-8-4.png;https://dienmay88.vn/wp-content/uploads/2024/04/cs-yz18akh-8-5.png;https://dienmay88.vn/wp-content/uploads/2024/04/cs-yz18akh-8-6.png;https://dienmay88.vn/wp-content/uploads/2024/04/cs-yz18akh-8.jpg','https://dienmay88.vn/wp-content/uploads/2024/04/cs-yz18akh-8.png',1,'Điều hòa Panasonic 2 chiều 18.000BTU inverter YZ18AKH-8','28920000.0','may-lanh-panasonic-inverter-2-hp-cucs-yz18akh-8',11);
INSERT INTO Products VALUES(212,5,4,'FTF25XAV1V','2025-11-14 02:25:02','','',17,7260000.0,'https://dienmay88.vn/wp-content/uploads/2023/05/dieu-hoa-daikin-9000btu-ftf25xav1v.jpg;https://dienmay88.vn/wp-content/uploads/2023/05/dieu-hoa-daikin-9000btu-ftf25xav1v-1.jpg;https://dienmay88.vn/wp-content/uploads/2023/05/dieu-hoa-daikin-9000btu-ftf25xav1v-2.jpg;https://dienmay88.vn/wp-content/uploads/2023/05/dieu-hoa-daikin-9000btu-ftf25xav1v-3.jpg;https://dienmay88.vn/wp-content/uploads/2023/05/dieu-hoa-daikin-9000btu-ftf25xav1v-4.jpg','https://dienmay88.vn/wp-content/uploads/2023/05/dieu-hoa-daikin-9000btu-ftf25xav1v.jpg',1,'Điều hòa Daikin 9000BTU FTF25XAV1V','8770000.0','dieu-hoa-daikin-9000btu-ftf25xav1v',11);
INSERT INTO Products VALUES(213,5,4,'FTF35XAV1V','2025-11-14 02:25:02','','',21,9260000.0,'https://dienmay88.vn/wp-content/uploads/2023/05/dieu-hoa-daikin-12000btu-ftf35xav1v.jpg;https://dienmay88.vn/wp-content/uploads/2023/05/dieu-hoa-daikin-12000btu-ftf35xav1v-1.jpg;https://dienmay88.vn/wp-content/uploads/2023/05/dieu-hoa-daikin-12000btu-ftf35xav1v-2.jpg;https://dienmay88.vn/wp-content/uploads/2023/05/dieu-hoa-daikin-12000btu-ftf35xav1v-3.jpg;https://dienmay88.vn/wp-content/uploads/2023/05/dieu-hoa-daikin-12000btu-ftf35xav1v-4.jpg','https://dienmay88.vn/wp-content/uploads/2023/05/dieu-hoa-daikin-12000btu-ftf35xav1v.jpg',1,'Điều hòa Daikin 12000BTU FTF35XAV1V','11750000.0','dieu-hoa-daikin-12000btu-ftf35xav1v',11);
INSERT INTO Products VALUES(214,5,4,'FTKB25ZVMV','2025-11-14 02:25:02','','',15,8640000.0,'https://dienmay88.vn/wp-content/uploads/2025/04/dieu-hoa-daikin-9000-btu-inverter-ftkb25zvmv.jpg;https://dienmay88.vn/wp-content/uploads/2025/04/dieu-hoa-daikin-9000-btu-inverter-ftkb25zvmv-1.jpg;https://dienmay88.vn/wp-content/uploads/2025/04/dieu-hoa-daikin-9000-btu-inverter-ftkb25zvmv-2.jpg','https://dienmay88.vn/wp-content/uploads/2025/04/dieu-hoa-daikin-9000-btu-inverter-ftkb25zvmv.jpg',1,'Điều hòa Daikin 9000 BTU inverter FTKB25ZVMV','10200000.0','dieu-hoa-daikin-9000-btu-inverter-ftkb25zvmv',11);
INSERT INTO Products VALUES(215,5,4,'FTKB35ZVMV','2025-11-14 02:25:02','','',16,10690000.0,'https://dienmay88.vn/wp-content/uploads/2025/04/dieu-hoa-daikin-12000-btu-inverter-ftkb35zvmv.jpg;https://dienmay88.vn/wp-content/uploads/2025/04/dieu-hoa-daikin-12000-btu-inverter-ftkb35zvmv-1.jpg;https://dienmay88.vn/wp-content/uploads/2025/04/dieu-hoa-daikin-12000-btu-inverter-ftkb35zvmv-2.jpg','https://dienmay88.vn/wp-content/uploads/2025/04/dieu-hoa-daikin-12000-btu-inverter-ftkb35zvmv.jpg',1,'Điều hòa Daikin 12000 BTU inverter FTKB35ZVMV','12860000.0','dieu-hoa-daikin-12000-btu-inverter-ftkb35zvmv',11);
INSERT INTO Products VALUES(216,5,4,'FTKB50ZVMV','2025-11-14 02:25:02','','',18,16850000.0,'https://dienmay88.vn/wp-content/uploads/2025/03/dieu-hoa-daikin-inverter-18100-btu-ftkb50zvmv-1.jpg;https://dienmay88.vn/wp-content/uploads/2025/03/dieu-hoa-daikin-inverter-18100-btu-ftkb50zvmv-2.jpg;https://dienmay88.vn/wp-content/uploads/2025/03/dieu-hoa-daikin-inverter-18100-btu-ftkb50zvmv-3.jpg;https://dienmay88.vn/wp-content/uploads/2025/03/dieu-hoa-daikin-inverter-18100-btu-ftkb50zvmv-4.jpg;https://dienmay88.vn/wp-content/uploads/2025/03/dieu-hoa-daikin-inverter-18100-btu-ftkb50zvmv-5.jpg;https://dienmay88.vn/wp-content/uploads/2025/03/dieu-hoa-daikin-inverter-18100-btu-ftkb50zvmv-6.jpg;https://dienmay88.vn/wp-content/uploads/2025/03/dieu-hoa-daikin-inverter-18100-btu-ftkb50zvmv-7.jpg;https://dienmay88.vn/wp-content/uploads/2025/03/dieu-hoa-daikin-inverter-18100-btu-ftkb50zvmv-8.jpg','https://dienmay88.vn/wp-content/uploads/2025/03/dieu-hoa-daikin-inverter-18100-btu-ftkb50zvmv-1.jpg',1,'Điều hòa Daikin Inverter 18100 BTU FTKB50ZVMV','20640000.0','dieu-hoa-daikin-inverter-18100-btu-ftkb50zvmv',11);
INSERT INTO Products VALUES(217,5,4,'FTHF25XVMV','2025-11-14 02:25:02','','',14,11010000.0,'https://dienmay88.vn/wp-content/uploads/2024/06/dieu-hoa-daikin-2-chieu-9000btu-inverter-fthf25xvmv.jpg;https://dienmay88.vn/wp-content/uploads/2024/06/dieu-hoa-daikin-2-chieu-9000btu-inverter-fthf25xvmv-1.jpg;https://dienmay88.vn/wp-content/uploads/2024/06/dieu-hoa-daikin-2-chieu-9000btu-inverter-fthf25xvmv-2.jpg;https://dienmay88.vn/wp-content/uploads/2024/06/dieu-hoa-daikin-2-chieu-9000btu-inverter-fthf25xvmv-3.jpg;https://dienmay88.vn/wp-content/uploads/2024/06/dieu-hoa-daikin-2-chieu-9000btu-inverter-fthf25xvmv-4.jpg','https://dienmay88.vn/wp-content/uploads/2024/06/dieu-hoa-daikin-2-chieu-9000btu-inverter-fthf25xvmv.jpg',1,'Điều hòa Daikin 2 chiều 9000BTU inverter FTHF25XVMV','12920000.0','dieu-hoa-daikin-2-chieu-9000btu-inverter-fthf25xvmv',11);
INSERT INTO Products VALUES(218,5,4,'FTHF35XVMV','2025-11-14 02:25:02','','',21,13950000.0,'https://dienmay88.vn/wp-content/uploads/2024/06/dieu-hoa-daikin-2-chieu-12000btu-inverter-fthf35xvmv.jpg;https://dienmay88.vn/wp-content/uploads/2024/06/dieu-hoa-daikin-2-chieu-12000btu-inverter-fthf35xvmv-1.jpg;https://dienmay88.vn/wp-content/uploads/2024/06/dieu-hoa-daikin-2-chieu-12000btu-inverter-fthf35xvmv-2.jpg;https://dienmay88.vn/wp-content/uploads/2024/06/dieu-hoa-daikin-2-chieu-12000btu-inverter-fthf35xvmv-3.jpg;https://dienmay88.vn/wp-content/uploads/2024/06/dieu-hoa-daikin-2-chieu-12000btu-inverter-fthf35xvmv-4.jpg','https://dienmay88.vn/wp-content/uploads/2024/06/dieu-hoa-daikin-2-chieu-12000btu-inverter-fthf35xvmv.jpg',1,'Điều hòa Daikin 2 chiều 12000BTU inverter FTHF35XVMV','17880000.0','dieu-hoa-daikin-2-chieu-12000btu-inverter-fthf35xvmv',11);
INSERT INTO Products VALUES(219,5,4,'FTXV25QVMV','2025-11-14 02:25:02','','',16,11960000.0,'https://dienmay88.vn/wp-content/uploads/2020/03/dieu-hoa-dakin-2-chieu-inverter-ftxv25qvmv-9.000BTU.png;https://dienmay88.vn/wp-content/uploads/2020/03/dieu-hoa-dakin-2-chieu-inverter-ftxv25qvmv-9.000BTU.jpg;https://dienmay88.vn/wp-content/uploads/2020/03/dieu-hoa-dakin-2-chieu-inverter-ftxv25qvmv-9.000BTU-1.jpg;https://dienmay88.vn/wp-content/uploads/2020/03/dieu-hoa-dakin-2-chieu-inverter-ftxv25qvmv-9.000BTU-2.jpg','https://dienmay88.vn/wp-content/uploads/2020/03/dieu-hoa-dakin-2-chieu-inverter-ftxv25qvmv-9.000BTU.png',1,'Điều hòa Dakin 2 Chiều Inverter FTXV25QVMV 9.000BTU','14390000.0','dieu-hoa-dakin-2-chieu-inverter-ftxv25qvmv-9000btu',11);
INSERT INTO Products VALUES(220,5,4,'FTXV35QVMV','2025-11-14 02:25:02','','',16,14710000.0,'https://dienmay88.vn/wp-content/uploads/2020/03/dieu-hoa-daikin-2-chieu-inverter-ftxv35qvmv-12.000BTU.jpg','https://dienmay88.vn/wp-content/uploads/2020/03/dieu-hoa-daikin-2-chieu-inverter-ftxv35qvmv-12.000BTU.jpg',1,'Điều hòa Daikin 2 chiều Inverter FTXV35QVMV 12.000BTU','17620000.0','dieu-hoa-daikin-2-chieu-inverter-ftxv35qvmv-12000btu',11);
INSERT INTO Products VALUES(221,22,4,'MS-JS25VF','2025-11-14 02:58:02','','',17,7450000.0,'https://dienmay88.vn/wp-content/uploads/2023/03/dieu-hoa-mitsubishi-electric-1-chieu-9212-btu-ms-js25vf.jpg;https://dienmay88.vn/wp-content/uploads/2023/03/dieu-hoa-mitsubishi-electric-1-chieu-9212-btu-ms-js25vf-1.jpg;https://dienmay88.vn/wp-content/uploads/2023/03/dieu-hoa-mitsubishi-electric-1-chieu-9212-btu-ms-js25vf-2.jpg','https://dienmay88.vn/wp-content/uploads/2023/03/dieu-hoa-mitsubishi-electric-1-chieu-9212-btu-ms-js25vf.jpg',1,'Điều hòa Mitsubishi Electric 1 chiều 9212 BTU MS-JS25VF','9007000.0','dieu-hoa-mitsubishi-electric-1-chieu-9212-btu-ms-js25vf',11);
INSERT INTO Products VALUES(222,22,4,'MS-JS35VF','2025-11-14 02:58:02','','',21,9570000.0,'https://dienmay88.vn/wp-content/uploads/2023/03/dieu-hoa-mitsubishi-electric-1-chieu-12283-btu-ms-js35vf.jpg;https://dienmay88.vn/wp-content/uploads/2023/03/dieu-hoa-mitsubishi-electric-1-chieu-12283-btu-ms-js35vf-1.jpg;https://dienmay88.vn/wp-content/uploads/2023/03/dieu-hoa-mitsubishi-electric-1-chieu-12283-btu-ms-js35vf-2.jpg','https://dienmay88.vn/wp-content/uploads/2023/03/dieu-hoa-mitsubishi-electric-1-chieu-12283-btu-ms-js35vf.jpg',1,'Điều hòa Mitsubishi Electric 1 chiều 12283 BTU MS-JS35VF','12150000.0','dieu-hoa-mitsubishi-electric-1-chieu-12283-btu-ms-js35vf',11);
INSERT INTO Products VALUES(223,22,4,'MS-JS50VF','2025-11-14 02:58:02','','',15,14960000.0,'https://dienmay88.vn/wp-content/uploads/2023/03/dieu-hoa-mitsubishi-electric-1-chieu-17742-btu-ms-js50vf.jpg;https://dienmay88.vn/wp-content/uploads/2023/03/dieu-hoa-mitsubishi-electric-1-chieu-17742-btu-ms-js50vf-1.jpg;https://dienmay88.vn/wp-content/uploads/2023/03/dieu-hoa-mitsubishi-electric-1-chieu-17742-btu-ms-js50vf-2.jpg','https://dienmay88.vn/wp-content/uploads/2023/03/dieu-hoa-mitsubishi-electric-1-chieu-17742-btu-ms-js50vf.jpg',1,'Điều hòa Mitsubishi Electric 1 chiều 17742 BTU MS-JS50VF','17670000.0','dieu-hoa-mitsubishi-electric-1-chieu-17742-btu-ms-js50vf',11);
INSERT INTO Products VALUES(224,22,4,'MSY-JY25VF','2025-11-14 02:58:02','','',15,11390000.0,'https://dienmay88.vn/wp-content/uploads/2025/04/may-lanh-mitsubishi-electric-inverter-1-hp-msy-jy25vf-12.jpg;https://dienmay88.vn/wp-content/uploads/2025/04/may-lanh-mitsubishi-electric-inverter-1-hp-msy-jy25vf-13.jpg;https://dienmay88.vn/wp-content/uploads/2025/04/may-lanh-mitsubishi-electric-inverter-1-hp-msy-jy25vf-14.jpg;https://dienmay88.vn/wp-content/uploads/2025/04/may-lanh-mitsubishi-electric-inverter-1-hp-msy-jy25vf-15.jpg;https://dienmay88.vn/wp-content/uploads/2025/04/may-lanh-mitsubishi-electric-inverter-1-hp-msy-jy25vf-16.jpg;https://dienmay88.vn/wp-content/uploads/2025/04/may-lanh-mitsubishi-electric-inverter-1-hp-msy-jy25vf-17.jpg','https://dienmay88.vn/wp-content/uploads/2025/04/may-lanh-mitsubishi-electric-inverter-1-hp-msy-jy25vf-12.jpg',1,'Máy lạnh Mitsubishi Electric Inverter 1 HP MSY-JY25VF','13420000.0','may-lanh-mitsubishi-electric-inverter-1-hp-msy-jy25vf',11);
INSERT INTO Products VALUES(225,22,4,'MSY-JY50VF','2025-11-14 02:58:02','','',21,17970000.0,'https://dienmay88.vn/wp-content/uploads/2025/04/may-lanh-mitsubishi-electric-inverter-2hp-msy-jy50vf.jpg;https://dienmay88.vn/wp-content/uploads/2025/04/may-lanh-mitsubishi-electric-inverter-2hp-msy-jy50vf-1.jpg;https://dienmay88.vn/wp-content/uploads/2025/04/may-lanh-mitsubishi-electric-inverter-2hp-msy-jy50vf-2.jpg;https://dienmay88.vn/wp-content/uploads/2025/04/may-lanh-mitsubishi-electric-inverter-2hp-msy-jy50vf-3.jpg;https://dienmay88.vn/wp-content/uploads/2025/04/may-lanh-mitsubishi-electric-inverter-2hp-msy-jy50vf-4.jpg;https://dienmay88.vn/wp-content/uploads/2025/04/may-lanh-mitsubishi-electric-inverter-2hp-msy-jy50vf-5.jpg','https://dienmay88.vn/wp-content/uploads/2025/04/may-lanh-mitsubishi-electric-inverter-2hp-msy-jy50vf.jpg',1,'Máy lạnh Mitsubishi Electric Inverter 2HP MSY-JY50VF','22840000.0','may-lanh-mitsubishi-electric-inverter-2hp-msy-jy50vf',11);
INSERT INTO Products VALUES(226,22,4,'MSZ-HT25VF','2025-11-14 02:58:02','','',18,11150000.0,'https://dienmay88.vn/wp-content/uploads/2025/04/may-lanh-hai-chieu-mitsubishi-electric-inverter-1hp-msy-ht25vf.jpg;https://dienmay88.vn/wp-content/uploads/2025/04/may-lanh-hai-chieu-mitsubishi-electric-inverter-1hp-msy-ht25vf-1.jpg;https://dienmay88.vn/wp-content/uploads/2025/04/may-lanh-hai-chieu-mitsubishi-electric-inverter-1hp-msy-ht25vf-2.jpg','https://dienmay88.vn/wp-content/uploads/2025/04/may-lanh-hai-chieu-mitsubishi-electric-inverter-1hp-msy-ht25vf.jpg',1,'Máy lạnh hai chiều Mitsubishi Electric Inverter 1HP MSY-HT25VF','13740000.0','may-lanh-hai-chieu-mitsubishi-electric-inverter-1hp-msy-ht25vf',11);
INSERT INTO Products VALUES(227,22,4,'MSZ-HT35VF','2025-11-14 02:58:02','','',19,13690000.0,'https://dienmay88.vn/wp-content/uploads/2025/04/may-lanh-2-chieu-inverter-mitsubishi-electric-msz-ht35vf.jpg;https://dienmay88.vn/wp-content/uploads/2025/04/may-lanh-2-chieu-inverter-mitsubishi-electric-msz-ht35vf-1.jpg;https://dienmay88.vn/wp-content/uploads/2025/04/may-lanh-2-chieu-inverter-mitsubishi-electric-msz-ht35vf-2.jpg','https://dienmay88.vn/wp-content/uploads/2025/04/may-lanh-2-chieu-inverter-mitsubishi-electric-msz-ht35vf.jpg',1,'Máy lạnh 2 chiều Inverter Mitsubishi Electric MSZ-HT35VF','16950000.0','may-lanh-2-chieu-inverter-mitsubishi-electric-msz-ht35vf',11);
INSERT INTO Products VALUES(228,22,4,'MSZ-HT50VF 1b','2025-11-14 02:58:02','','',21,21360000.0,'https://dienmay88.vn/wp-content/uploads/2025/04/may-lanh-mitsubishi-electric-inverter-2-hp-msz-ht50vf.jpg;https://dienmay88.vn/wp-content/uploads/2025/04/may-lanh-mitsubishi-electric-inverter-2-hp-msz-ht50vf-1.jpg;https://dienmay88.vn/wp-content/uploads/2025/04/may-lanh-mitsubishi-electric-inverter-2-hp-msz-ht50vf-2.jpg','https://dienmay88.vn/wp-content/uploads/2025/04/may-lanh-mitsubishi-electric-inverter-2-hp-msz-ht50vf.jpg',1,'Máy lạnh Mitsubishi Electric Inverter 2 HP MSZ-HT50VF','27380000.0','may-lanh-mitsubishi-electric-inverter-2-hp-msz-ht50vf',11);
INSERT INTO Products VALUES(229,3,4,'IEC09GI','2025-11-14 02:58:02','','',15,7240000.0,'https://cdnv2.tgdd.vn/mwg-static/dmx/Products/Images/2002/333735/lg-inverter-1-hp-iec09m1-2-638733099819020905-700x467.jpg;https://cdnv2.tgdd.vn/mwg-static/dmx/Products/Images/2002/333735/lg-inverter-1-hp-iec09m1-3-638733099826703038-700x467.jpg;https://cdnv2.tgdd.vn/mwg-static/dmx/Products/Images/2002/333735/lg-inverter-1-hp-iec09m1-4-638733099835164095-700x467.jpg;https://cdnv2.tgdd.vn/mwg-static/dmx/Products/Images/2002/333735/lg-inverter-1-hp-iec09m1-5-638733099845119259-700x467.jpg;https://cdnv2.tgdd.vn/mwg-static/dmx/Products/Images/2002/333735/lg-inverter-1-hp-iec09m1-6-638733099855326121-700x467.jpg;https://cdnv2.tgdd.vn/mwg-static/dmx/Products/Images/2002/333735/lg-inverter-1-hp-iec09m1-7-638733099864792707-700x467.jpg;https://cdnv2.tgdd.vn/mwg-static/dmx/Products/Images/2002/333735/lg-inverter-1-hp-iec09m1-8-638733099874310998-700x467.jpg;https://cdnv2.tgdd.vn/mwg-static/dmx/Products/Images/2002/333735/lg-inverter-1-hp-iec09m1-9-638733099888178522-700x467.jpg;https://cdnv2.tgdd.vn/mwg-static/dmx/Products/Images/2002/333735/lg-inverter-1-hp-iec09m1-10-638733099899533190-700x467.jpg','https://cdnv2.tgdd.vn/mwg-static/dmx/Products/Images/2002/333735/lg-inverter-1-hp-iec09m1-2-638733099819020905-700x467.jpg',1,'Điều hòa LG Inverter 1 HP IEC09M1','8601000.0','dieu-hoa-lg-inverter-1-hp-iec09m1',11);
INSERT INTO Products VALUES(230,3,4,'IEC12GI','2025-11-14 02:58:02','','',20,8520000.0,'https://cdnv2.tgdd.vn/mwg-static/dmx/Products/Images/2002/333759/lg-inverter-1-5-hp-iec12m1-2-638715183481468155-700x467.jpg;https://cdnv2.tgdd.vn/mwg-static/dmx/Products/Images/2002/333759/lg-inverter-1-5-hp-iec12m1-3-638715183489032523-700x467.jpg;https://cdnv2.tgdd.vn/mwg-static/dmx/Products/Images/2002/333759/lg-inverter-1-5-hp-iec12m1-4-638715183496904794-700x467.jpg;https://cdnv2.tgdd.vn/mwg-static/dmx/Products/Images/2002/333759/lg-inverter-1-5-hp-iec12m1-5-638715183505188408-700x467.jpg;https://cdnv2.tgdd.vn/mwg-static/dmx/Products/Images/2002/333759/lg-inverter-1-5-hp-iec12m1-6-638715183512814798-700x467.jpg;https://cdnv2.tgdd.vn/mwg-static/dmx/Products/Images/2002/333759/lg-inverter-1-5-hp-iec12m1-7-638715183523220235-700x467.jpg;https://cdnv2.tgdd.vn/mwg-static/dmx/Products/Images/2002/333759/lg-inverter-1-5-hp-iec12m1-9-638715183544512594-700x467.jpg;https://cdnv2.tgdd.vn/mwg-static/dmx/Products/Images/2002/333759/lg-inverter-1-5-hp-iec12m1-10-638715183551059862-700x467.jpg','https://cdnv2.tgdd.vn/mwg-static/dmx/Products/Images/2002/333759/lg-inverter-1-5-hp-iec12m1-2-638715183481468155-700x467.jpg',1,'Điều hòa LG Inverter 1.5 HP IEC12M1','10750000.0','dieu-hoa-lg-inverter-15-hp-iec12m1',11);
INSERT INTO Products VALUES(231,3,4,'IEC18GI','2025-11-14 02:58:02','','',17,12540000.0,'https://cdnv2.tgdd.vn/mwg-static/dmx/Products/Images/2002/333763/lg-inverter-2-hp-iec18m1-2-638715184219031537-700x467.jpg;https://cdnv2.tgdd.vn/mwg-static/dmx/Products/Images/2002/333763/lg-inverter-2-hp-iec18m1-3-638715184225771324-700x467.jpg;https://cdnv2.tgdd.vn/mwg-static/dmx/Products/Images/2002/333763/lg-inverter-2-hp-iec18m1-4-638715184237237015-700x467.jpg;https://cdnv2.tgdd.vn/mwg-static/dmx/Products/Images/2002/333763/lg-inverter-2-hp-iec18m1-5-638715184245460750-700x467.jpg;https://cdnv2.tgdd.vn/mwg-static/dmx/Products/Images/2002/333763/lg-inverter-2-hp-iec18m1-6-638715184254198400-700x467.jpg;https://cdnv2.tgdd.vn/mwg-static/dmx/Products/Images/2002/333763/lg-inverter-2-hp-iec18m1-7-638715184261582785-700x467.jpg;https://cdnv2.tgdd.vn/mwg-static/dmx/Products/Images/2002/333763/lg-inverter-2-hp-iec18m1-9-638715184277346163-700x467.jpg;https://cdnv2.tgdd.vn/mwg-static/dmx/Products/Images/2002/333763/lg-inverter-2-hp-iec18m1-10-638715184283777354-700x467.jpg','https://cdnv2.tgdd.vn/mwg-static/dmx/Products/Images/2002/333763/lg-inverter-2-hp-iec18m1-2-638715184219031537-700x467.jpg',1,'Điều hòa LG Inverter 2 HP IEC18M1','15270000.0','dieu-hoa-lg-inverter-2-hp-iec18m1',11);
INSERT INTO Products VALUES(232,3,4,'IEC24GI','2025-11-14 02:58:02','','',21,16590000.0,'https://cdnv2.tgdd.vn/mwg-static/dmx/Products/Images/2002/333764/lg-inverter-2-5-hp-v24win1-2-638715184770455526-700x467.jpg;https://cdnv2.tgdd.vn/mwg-static/dmx/Products/Images/2002/333764/lg-inverter-2-5-hp-v24win1-3-638715184778509400-700x467.jpg;https://cdnv2.tgdd.vn/mwg-static/dmx/Products/Images/2002/333764/lg-inverter-2-5-hp-v24win1-4-638715184785710614-700x467.jpg;https://cdnv2.tgdd.vn/mwg-static/dmx/Products/Images/2002/333764/lg-inverter-2-5-hp-v24win1-5-638715184791508785-700x467.jpg;https://cdnv2.tgdd.vn/mwg-static/dmx/Products/Images/2002/333764/lg-inverter-2-5-hp-v24win1-6-638715184798890195-700x467.jpg;https://cdnv2.tgdd.vn/mwg-static/dmx/Products/Images/2002/333764/lg-inverter-2-5-hp-v24win1-7-638715184805200307-700x467.jpg;https://cdnv2.tgdd.vn/mwg-static/dmx/Products/Images/2002/333764/lg-inverter-2-5-hp-v24win1-9-638715184822292913-700x467.jpg;https://cdnv2.tgdd.vn/mwg-static/dmx/Products/Images/2002/333764/lg-inverter-2-5-hp-v24win1-10-638715184832840399-700x467.jpg','https://cdnv2.tgdd.vn/mwg-static/dmx/Products/Images/2002/333764/lg-inverter-2-5-hp-v24win1-2-638715184770455526-700x467.jpg',1,'Điều hòa LG Inverter 2.5 HP IEC24M1','21190000.0','dieu-hoa-lg-inverter-25-hp-iec24m1',11);
INSERT INTO Products VALUES(233,3,4,'B10END1','2025-11-14 02:58:02','','',16,9420000.0,'https://dienmay88.vn/wp-content/uploads/2023/02/may-lanh-2-chieu-lg-inverter-1-hp-b10end1.jpg;https://dienmay88.vn/wp-content/uploads/2023/02/may-lanh-2-chieu-lg-inverter-1-hp-b10end1-1.jpg;https://dienmay88.vn/wp-content/uploads/2023/02/may-lanh-2-chieu-lg-inverter-1-hp-b10end1-2.jpg;https://dienmay88.vn/wp-content/uploads/2023/02/may-lanh-2-chieu-lg-inverter-1-hp-b10end1-3.jpg;https://dienmay88.vn/wp-content/uploads/2023/02/may-lanh-2-chieu-lg-inverter-1-hp-b10end1-4.jpg;https://dienmay88.vn/wp-content/uploads/2023/02/may-lanh-2-chieu-lg-inverter-1-hp-b10end1-5.jpg;https://dienmay88.vn/wp-content/uploads/2023/02/may-lanh-2-chieu-lg-inverter-1-hp-b10end1-6.jpg;https://dienmay88.vn/wp-content/uploads/2023/02/may-lanh-2-chieu-lg-inverter-1-hp-b10end1-7.jpg;https://dienmay88.vn/wp-content/uploads/2023/02/may-lanh-2-chieu-lg-inverter-1-hp-b10end1-8.jpg','https://dienmay88.vn/wp-content/uploads/2023/02/may-lanh-2-chieu-lg-inverter-1-hp-b10end1.jpg',1,'Máy lạnh 2 chiều LG Inverter 1 HP B10END1','11220000.0','may-lanh-2-chieu-lg-inverter-1-hp-b10end1',11);
INSERT INTO Products VALUES(234,3,4,'IDH09M1','2025-11-14 02:58:02','','',19,9680000.0,'https://dienmay88.vn/wp-content/uploads/2025/03/dieu-hoa-lg-inverter-2-chieu-9000-btu-idh09m1-1.jpg;https://dienmay88.vn/wp-content/uploads/2025/03/dieu-hoa-lg-inverter-2-chieu-9000-btu-idh09m1-2.jpg;https://dienmay88.vn/wp-content/uploads/2025/03/dieu-hoa-lg-inverter-2-chieu-9000-btu-idh09m1-3.jpg;https://dienmay88.vn/wp-content/uploads/2025/03/dieu-hoa-lg-inverter-2-chieu-9000-btu-idh09m1-4.jpg;https://dienmay88.vn/wp-content/uploads/2025/03/dieu-hoa-lg-inverter-2-chieu-9000-btu-idh09m1-5.jpg;https://dienmay88.vn/wp-content/uploads/2025/03/dieu-hoa-lg-inverter-2-chieu-9000-btu-idh09m1-6.jpg','https://dienmay88.vn/wp-content/uploads/2025/03/dieu-hoa-lg-inverter-2-chieu-9000-btu-idh09m1-1.jpg',1,'Điều hòa LG Inverter 2 chiều 9000 BTU IDH09M1','12010000.0','dieu-hoa-lg-inverter-2-chieu-9000-btu-idh09m1',11);
INSERT INTO Products VALUES(235,3,4,'IDH12M1','2025-11-14 02:58:02','','',14,11600000.0,'https://dienmay88.vn/wp-content/uploads/2025/03/dieu-hoa-lg-inverter-2-chieu-12000-btu-idh12m1-1.jpg;https://dienmay88.vn/wp-content/uploads/2025/03/dieu-hoa-lg-inverter-2-chieu-12000-btu-idh12m1-2.jpg;https://dienmay88.vn/wp-content/uploads/2025/03/dieu-hoa-lg-inverter-2-chieu-12000-btu-idh12m1-3.jpg;https://dienmay88.vn/wp-content/uploads/2025/03/dieu-hoa-lg-inverter-2-chieu-12000-btu-idh12m1-4.jpg;https://dienmay88.vn/wp-content/uploads/2025/03/dieu-hoa-lg-inverter-2-chieu-12000-btu-idh12m1-5.jpg;https://dienmay88.vn/wp-content/uploads/2025/03/dieu-hoa-lg-inverter-2-chieu-12000-btu-idh12m1-6.jpg','https://dienmay88.vn/wp-content/uploads/2025/03/dieu-hoa-lg-inverter-2-chieu-12000-btu-idh12m1-1.jpg',1,'Điều hòa LG Inverter 2 chiều 12000 BTU IDH12M1','13510000.0','dieu-hoa-lg-inverter-2-chieu-12000-btu-idh12m1',11);
INSERT INTO Products VALUES(236,3,4,'IDH18M1','2025-11-14 02:58:02','','',13,17800000.0,'https://dienmay88.vn/wp-content/uploads/2025/03/dieu-hoa-lg-inverter-2-chieu-18000-btu-idh18m1-1.jpg;https://dienmay88.vn/wp-content/uploads/2025/03/dieu-hoa-lg-inverter-2-chieu-18000-btu-idh18m1-2.jpg;https://dienmay88.vn/wp-content/uploads/2025/03/dieu-hoa-lg-inverter-2-chieu-18000-btu-idh18m1-3.jpg;https://dienmay88.vn/wp-content/uploads/2025/03/dieu-hoa-lg-inverter-2-chieu-18000-btu-idh18m1-4.jpg;https://dienmay88.vn/wp-content/uploads/2025/03/dieu-hoa-lg-inverter-2-chieu-18000-btu-idh18m1-5.jpg;https://dienmay88.vn/wp-content/uploads/2025/03/dieu-hoa-lg-inverter-2-chieu-18000-btu-idh18m1-6.jpg','https://dienmay88.vn/wp-content/uploads/2025/03/dieu-hoa-lg-inverter-2-chieu-18000-btu-idh18m1-1.jpg',1,'Điều hòa LG Inverter 2 chiều 18000 BTU IDH18M1','20640000.0','dieu-hoa-lg-inverter-2-chieu-18000-btu-idh18m1',11);
INSERT INTO Products VALUES(237,6,4,'SC-09FB36A','2025-11-14 02:58:02','','',22,4650000.0,'https://dienmay88.vn/wp-content/uploads/2025/03/dieu-hoa-casper-9000btu-sc-09fb36a-1.jpg;https://dienmay88.vn/wp-content/uploads/2025/03/dieu-hoa-casper-9000btu-sc-09fb36a-2.jpg;https://dienmay88.vn/wp-content/uploads/2025/03/dieu-hoa-casper-9000btu-sc-09fb36a-3.jpg','https://dienmay88.vn/wp-content/uploads/2025/03/dieu-hoa-casper-9000btu-sc-09fb36a-1.jpg',1,'Điều hòa Casper 9000BTU SC-09FB36A','6021000.0','dieu-hoa-casper-9000btu-sc-09fb36a',11);
INSERT INTO Products VALUES(238,6,4,'SC-12FB36A','2025-11-14 02:58:02','','',16,5740000.0,'https://dienmay88.vn/wp-content/uploads/2025/03/dieu-hoa-casper-12000btu-sc-12fb36a-1.jpg;https://dienmay88.vn/wp-content/uploads/2025/03/dieu-hoa-casper-12000btu-sc-12fb36a-2.jpg;https://dienmay88.vn/wp-content/uploads/2025/03/dieu-hoa-casper-12000btu-sc-12fb36a-3.jpg','https://dienmay88.vn/wp-content/uploads/2025/03/dieu-hoa-casper-12000btu-sc-12fb36a-1.jpg',1,'Điều hòa Casper 12000BTU SC-12FB36A','6849000.0','dieu-hoa-casper-12000btu-sc-12fb36a',11);
INSERT INTO Products VALUES(239,6,4,'SC-24FS33 còn 1b','2025-11-14 02:58:02','','',17,12130000.0,'https://dienmay88.vn/wp-content/uploads/2023/02/may-lanh-casper-2.5-HP-SC-24FS33.jpg;https://dienmay88.vn/wp-content/uploads/2023/02/may-lanh-casper-2.5-HP-SC-24FS33-1.jpg;https://dienmay88.vn/wp-content/uploads/2023/02/may-lanh-casper-2.5-HP-SC-24FS33-2.jpg;https://dienmay88.vn/wp-content/uploads/2023/02/may-lanh-casper-2.5-HP-SC-24FS33-3.jpg','https://dienmay88.vn/wp-content/uploads/2023/02/may-lanh-casper-2.5-HP-SC-24FS33.jpg',1,'Máy lạnh Casper 2.5 HP SC-24FS33','14720000.0','may-lanh-casper-25-hp-sc-24fs33',11);
INSERT INTO Products VALUES(240,6,4,'JC-09IU36','2025-11-14 02:58:02','','',13,5330000.0,'https://dienmay88.vn/wp-content/uploads/2025/04/dieu-hoa-casper-1-chieu-inverter-9000btu-jc-09iu36.jpg;https://dienmay88.vn/wp-content/uploads/2025/04/dieu-hoa-casper-1-chieu-inverter-9000btu-jc-09iu36-1.jpg;https://dienmay88.vn/wp-content/uploads/2025/04/dieu-hoa-casper-1-chieu-inverter-9000btu-jc-09iu36-2.jpg;https://dienmay88.vn/wp-content/uploads/2025/04/dieu-hoa-casper-1-chieu-inverter-9000btu-jc-09iu36-3.jpg','https://dienmay88.vn/wp-content/uploads/2025/04/dieu-hoa-casper-1-chieu-inverter-9000btu-jc-09iu36.jpg',1,'Điều hòa Casper 1 chiều inverter 9000BTU JC-09IU36','6171000.0','dieu-hoa-casper-1-chieu-inverter-9000btu-jc-09iu36',11);
INSERT INTO Products VALUES(241,6,4,'JC-12IU36','2025-11-14 02:58:02','','',20,6450000.0,'https://dienmay88.vn/wp-content/uploads/2025/04/dieu-hoa-casper-1-chieu-inverter-12000btu-jc-12iu36.jpg;https://dienmay88.vn/wp-content/uploads/2025/04/dieu-hoa-casper-1-chieu-inverter-12000btu-jc-12iu36-1.jpg;https://dienmay88.vn/wp-content/uploads/2025/04/dieu-hoa-casper-1-chieu-inverter-12000btu-jc-12iu36-2.jpg;https://dienmay88.vn/wp-content/uploads/2025/04/dieu-hoa-casper-1-chieu-inverter-12000btu-jc-12iu36-3.jpg','https://dienmay88.vn/wp-content/uploads/2025/04/dieu-hoa-casper-1-chieu-inverter-12000btu-jc-12iu36.jpg',1,'Điều hòa Casper 1 chiều inverter 12000BTU JC-12IU36','8113000.0','dieu-hoa-casper-1-chieu-inverter-12000btu-jc-12iu36',11);
INSERT INTO Products VALUES(242,6,4,'TC18IS36','2025-11-14 02:58:02','','',19,9570000.0,'https://dienmay88.vn/wp-content/uploads/2024/06/dieu-hoa-casper-inverter-18800-btu-tc-18is36.png;https://dienmay88.vn/wp-content/uploads/2024/06/dieu-hoa-casper-inverter-18800-btu-tc-18is36-1.png;https://dienmay88.vn/wp-content/uploads/2024/06/dieu-hoa-casper-inverter-18800-btu-tc-18is36-2.png;https://dienmay88.vn/wp-content/uploads/2024/06/dieu-hoa-casper-inverter-18800-btu-tc-18is36-3.png;https://dienmay88.vn/wp-content/uploads/2024/06/dieu-hoa-casper-inverter-18800-btu-tc-18is36-4.png;https://dienmay88.vn/wp-content/uploads/2024/06/dieu-hoa-casper-inverter-18800-btu-tc-18is36-5.png;https://dienmay88.vn/wp-content/uploads/2024/06/dieu-hoa-casper-inverter-18800-btu-tc-18is36-6.png;https://dienmay88.vn/wp-content/uploads/2024/06/dieu-hoa-casper-inverter-18800-btu-tc-18is36-7.png;https://dienmay88.vn/wp-content/uploads/2024/06/dieu-hoa-casper-inverter-18800-btu-tc-18is36-8.png','https://dienmay88.vn/wp-content/uploads/2024/06/dieu-hoa-casper-inverter-18800-btu-tc-18is36.png',1,'Điều hòa Casper Inverter 18800 BTU TC-18IS36','11850000.0','dieu-hoa-casper-inverter-18800-btu-tc-18is36',11);
INSERT INTO Products VALUES(243,7,4,'HIC09TMU','2025-11-14 03:21:25','','',23,5650000.0,'https://dienmay88.vn/wp-content/uploads/2022/11/may-lanh-funiki-inverter-1-hp-hic09tmu.jpg;https://dienmay88.vn/wp-content/uploads/2022/11/may-lanh-funiki-inverter-1-hp-hic09tmu-1.jpg;https://dienmay88.vn/wp-content/uploads/2022/11/may-lanh-funiki-inverter-1-hp-hic09tmu-2.jpg;https://dienmay88.vn/wp-content/uploads/2022/11/may-lanh-funiki-inverter-1-hp-hic09tmu-3.jpg;https://dienmay88.vn/wp-content/uploads/2022/11/may-lanh-funiki-inverter-1-hp-hic09tmu-4.jpg;https://dienmay88.vn/wp-content/uploads/2022/11/may-lanh-funiki-inverter-1-hp-hic09tmu-5.jpg;https://dienmay88.vn/wp-content/uploads/2022/11/may-lanh-funiki-inverter-1-hp-hic09tmu-6.jpg;https://dienmay88.vn/wp-content/uploads/2022/11/may-lanh-funiki-inverter-1-hp-hic09tmu-7.jpg;https://dienmay88.vn/wp-content/uploads/2022/11/may-lanh-funiki-inverter-1-hp-hic09tmu-8.jpg','https://dienmay88.vn/wp-content/uploads/2022/11/may-lanh-funiki-inverter-1-hp-hic09tmu.jpg',1,'Máy lạnh Funiki Inverter 1 HP HIC09TMU','7342000.0','may-lanh-funiki-inverter-1-hp-hic09tmu',11);
INSERT INTO Products VALUES(244,7,4,'HIC12TMU','2025-11-14 03:21:25','','',22,6620000.0,'https://dienmay88.vn/wp-content/uploads/2022/11/may-lanh-funiki-inverter-1.5-HP-HIC12TMU.jpg;https://dienmay88.vn/wp-content/uploads/2022/11/may-lanh-funiki-inverter-1.5-HP-HIC12TMU-1.jpg;https://dienmay88.vn/wp-content/uploads/2022/11/may-lanh-funiki-inverter-1.5-HP-HIC12TMU-2.jpg;https://dienmay88.vn/wp-content/uploads/2022/11/may-lanh-funiki-inverter-1.5-HP-HIC12TMU-3.jpg;https://dienmay88.vn/wp-content/uploads/2022/11/may-lanh-funiki-inverter-1.5-HP-HIC12TMU-4.jpg;https://dienmay88.vn/wp-content/uploads/2022/11/may-lanh-funiki-inverter-1.5-HP-HIC12TMU-5.jpg;https://dienmay88.vn/wp-content/uploads/2022/11/may-lanh-funiki-inverter-1.5-HP-HIC12TMU-6.jpg;https://dienmay88.vn/wp-content/uploads/2022/11/may-lanh-funiki-inverter-1.5-HP-HIC12TMU-7.jpg;https://dienmay88.vn/wp-content/uploads/2022/11/may-lanh-funiki-inverter-1.5-HP-HIC12TMU-8.jpg','https://dienmay88.vn/wp-content/uploads/2022/11/may-lanh-funiki-inverter-1.5-HP-HIC12TMU.jpg',1,'Máy lạnh Funiki Inverter 1.5 HP HIC12TMU','8490000.0','may-lanh-funiki-inverter-15-hp-hic12tmu',11);
INSERT INTO Products VALUES(245,7,4,'HIC18TMU','2025-11-14 03:21:25','','',13,10430000.0,'https://dienmay88.vn/wp-content/uploads/2022/11/may-lanh-funiki-inverter-2-hp-hic18tmu.jpg;https://dienmay88.vn/wp-content/uploads/2022/11/may-lanh-funiki-inverter-2-hp-hic18tmu-1.jpg;https://dienmay88.vn/wp-content/uploads/2022/11/may-lanh-funiki-inverter-2-hp-hic18tmu-2.jpg;https://dienmay88.vn/wp-content/uploads/2022/11/may-lanh-funiki-inverter-2-hp-hic18tmu-3.jpg;https://dienmay88.vn/wp-content/uploads/2022/11/may-lanh-funiki-inverter-2-hp-hic18tmu-4.jpg;https://dienmay88.vn/wp-content/uploads/2022/11/may-lanh-funiki-inverter-2-hp-hic18tmu-5.jpg;https://dienmay88.vn/wp-content/uploads/2022/11/may-lanh-funiki-inverter-2-hp-hic18tmu-6.jpg;https://dienmay88.vn/wp-content/uploads/2022/11/may-lanh-funiki-inverter-2-hp-hic18tmu-7.jpg;https://dienmay88.vn/wp-content/uploads/2022/11/may-lanh-funiki-inverter-2-hp-hic18tmu-8.jpg','https://dienmay88.vn/wp-content/uploads/2022/11/may-lanh-funiki-inverter-2-hp-hic18tmu.jpg',1,'Máy lạnh Funiki Inverter 2 HP HIC18TMU','12020000.0','may-lanh-funiki-inverter-2-hp-hic18tmu',11);
INSERT INTO Products VALUES(246,7,4,'HIH09TMU','2025-11-14 03:21:25','','',17,7290000.0,'https://dienmay88.vn/wp-content/uploads/2023/06/dieu-hoa-2-chieu-funiki-inverter-9000btu-hih09tmu.jpg;https://dienmay88.vn/wp-content/uploads/2023/06/dieu-hoa-2-chieu-funiki-inverter-9000btu-hih09tmu-1.jpg;https://dienmay88.vn/wp-content/uploads/2023/06/dieu-hoa-2-chieu-funiki-inverter-9000btu-hih09tmu-2.jpg;https://dienmay88.vn/wp-content/uploads/2023/06/dieu-hoa-2-chieu-funiki-inverter-9000btu-hih09tmu-3.jpg','https://dienmay88.vn/wp-content/uploads/2023/06/dieu-hoa-2-chieu-funiki-inverter-9000btu-hih09tmu.jpg',1,'Điều hòa 2 chiều Funiki Inverter 9000BTU HIH09TMU','8853000.0','dieu-hoa-2-chieu-funiki-inverter-9000btu-hih09tmu',11);
INSERT INTO Products VALUES(247,7,4,'HIH12TMU','2025-11-14 03:21:25','','',13,8540000.0,'https://dienmay88.vn/wp-content/uploads/2023/06/dieu-hoa-funiki-2-chieu-inverter-12000btu-hih12tmu.jpg;https://dienmay88.vn/wp-content/uploads/2023/06/dieu-hoa-funiki-2-chieu-inverter-12000btu-hih12tmu-1.jpg;https://dienmay88.vn/wp-content/uploads/2023/06/dieu-hoa-funiki-2-chieu-inverter-12000btu-hih12tmu-2.jpg;https://dienmay88.vn/wp-content/uploads/2023/06/dieu-hoa-funiki-2-chieu-inverter-12000btu-hih12tmu-3.jpg','https://dienmay88.vn/wp-content/uploads/2023/06/dieu-hoa-funiki-2-chieu-inverter-12000btu-hih12tmu.jpg',1,'Điều hòa Funiki 2 chiều Inverter 12000BTU HIH12TMU','9926000.0','dieu-hoa-funiki-2-chieu-inverter-12000btu-hih12tmu',11);
INSERT INTO Products VALUES(248,7,4,'HIH18TMU','2025-11-14 03:21:25','','',18,12200000.0,'https://dienmay88.vn/wp-content/uploads/2023/06/dieu-hoa-funiki-2-chieu-inverter-18000btu-hih18tmu.jpg;https://dienmay88.vn/wp-content/uploads/2023/06/dieu-hoa-funiki-2-chieu-inverter-18000btu-hih18tmu-1.jpg;https://dienmay88.vn/wp-content/uploads/2023/06/dieu-hoa-funiki-2-chieu-inverter-18000btu-hih18tmu-2.jpg;https://dienmay88.vn/wp-content/uploads/2023/06/dieu-hoa-funiki-2-chieu-inverter-18000btu-hih18tmu-3.jpg','https://dienmay88.vn/wp-content/uploads/2023/06/dieu-hoa-funiki-2-chieu-inverter-18000btu-hih18tmu.jpg',1,'Điều hòa Funiki 2 chiều Inverter 18000BTU HIH18TMU','14910000.0','dieu-hoa-funiki-2-chieu-inverter-18000btu-hih18tmu',11);
INSERT INTO Products VALUES(249,7,4,'HSH18TMU','2025-11-14 03:21:25','','',18,9820000.0,'https://dienmay88.vn/wp-content/uploads/2023/05/dieu-hoa-funiki-2-chieu-18000btu-hsh18tmu.jpg;https://dienmay88.vn/wp-content/uploads/2023/05/dieu-hoa-funiki-2-chieu-18000btu-hsh18tmu-1.jpg;https://dienmay88.vn/wp-content/uploads/2023/05/dieu-hoa-funiki-2-chieu-18000btu-hsh18tmu-2.jpg;https://dienmay88.vn/wp-content/uploads/2023/05/dieu-hoa-funiki-2-chieu-18000btu-hsh18tmu-3.jpg','https://dienmay88.vn/wp-content/uploads/2023/05/dieu-hoa-funiki-2-chieu-18000btu-hsh18tmu.jpg',1,'Điều Hòa Funiki 2 chiều 18000BTU HSH18TMU','11990000.0','dieu-hoa-funiki-2-chieu-18000btu-hsh18tmu',11);
INSERT INTO Products VALUES(250,23,4,'NS-C09R2BS2','2025-11-14 03:21:25','','',18,4410000.0,'https://cdnv2.tgdd.vn/mwg-static/dmx/Products/Images/2002/338147/may-lanh-nagakawa-1-hp-ns-c09r2b52-160525-115947-660-550x160.jpg','https://cdnv2.tgdd.vn/mwg-static/dmx/Products/Images/2002/338147/may-lanh-nagakawa-1-hp-ns-c09r2b52-160525-115947-660-550x160.jpg',1,'Điều hòa Nagakawa 1 HP NS-C09R2B52','5426000.0','dieu-hoa-nagakawa-1-hp-ns-c09r2b52',11);
INSERT INTO Products VALUES(251,23,4,'NS-C12R2BS2','2025-11-14 03:21:25','','',21,5580000.0,'https://cdnv2.tgdd.vn/mwg-static/dmx/Products/Images/2002/338247/may-lanh-nagakawa-1-5-hp-ns-c12r2b52-160525-015843-702-550x160.jpg','https://cdnv2.tgdd.vn/mwg-static/dmx/Products/Images/2002/338247/may-lanh-nagakawa-1-5-hp-ns-c12r2b52-160525-015843-702-550x160.jpg',1,'Điều hòa Nagakawa 1.5 HP NS-C12R2B52','7147000.0','dieu-hoa-nagakawa-15-hp-ns-c12r2b52',11);
INSERT INTO Products VALUES(252,23,4,'NS-C18R2T30','2025-11-14 03:21:25','','',17,8610000.0,'https://dienmay88.vn/wp-content/uploads/2025/04/dieu-hoa-nagakawa-18000btu-ns-c18r2t30.jpg;https://dienmay88.vn/wp-content/uploads/2025/04/dieu-hoa-nagakawa-18000btu-ns-c18r2t30-1.jpg;https://dienmay88.vn/wp-content/uploads/2025/04/dieu-hoa-nagakawa-18000btu-ns-c18r2t30-2.jpg;https://dienmay88.vn/wp-content/uploads/2025/04/dieu-hoa-nagakawa-18000btu-ns-c18r2t30-3.jpg;https://dienmay88.vn/wp-content/uploads/2025/04/dieu-hoa-nagakawa-18000btu-ns-c18r2t30-4.jpg','https://dienmay88.vn/wp-content/uploads/2025/04/dieu-hoa-nagakawa-18000btu-ns-c18r2t30.jpg',1,'Điều hòa Nagakawa 18000BTU NS-C18R2T30','10460000.0','dieu-hoa-nagakawa-18000btu-ns-c18r2t30',11);
INSERT INTO Products VALUES(253,23,4,'NIS-C09R2U51','2025-11-14 03:21:25','','',17,5010000.0,'https://dienmay88.vn/wp-content/uploads/2025/04/1.jpg;https://dienmay88.vn/wp-content/uploads/2025/04/2.jpg;https://dienmay88.vn/wp-content/uploads/2025/04/3.jpg;https://dienmay88.vn/wp-content/uploads/2025/04/4.jpg;https://dienmay88.vn/wp-content/uploads/2025/04/5.jpg','https://dienmay88.vn/wp-content/uploads/2025/04/1.jpg',1,'Điều hòa Nagakawa 9000BTU inverter NIS-C09R2U51','6073000.0','dieu-hoa-nagakawa-9000btu-inverter-nis-c09r2u51',11);
INSERT INTO Products VALUES(254,23,4,'NIS-C12R2U51','2025-11-14 03:21:25','','',22,6200000.0,'https://dienmay88.vn/wp-content/uploads/2025/04/dieu-hoa-nagakawa-12000btu-inverter-nis-c12r2u51.jpg;https://dienmay88.vn/wp-content/uploads/2025/04/dieu-hoa-nagakawa-12000btu-inverter-nis-c12r2u51-1.jpg;https://dienmay88.vn/wp-content/uploads/2025/04/dieu-hoa-nagakawa-12000btu-inverter-nis-c12r2u51-2.jpg;https://dienmay88.vn/wp-content/uploads/2025/04/dieu-hoa-nagakawa-12000btu-inverter-nis-c12r2u51-3.jpg;https://dienmay88.vn/wp-content/uploads/2025/04/dieu-hoa-nagakawa-12000btu-inverter-nis-c12r2u51-4.jpg','https://dienmay88.vn/wp-content/uploads/2025/04/dieu-hoa-nagakawa-12000btu-inverter-nis-c12r2u51.jpg',1,'Điều hòa Nagakawa 12000BTU inverter NIS-C12R2U51','7962000.0','dieu-hoa-nagakawa-12000btu-inverter-nis-c12r2u51',11);
INSERT INTO Products VALUES(255,23,4,'NIS-C18R2U51','2025-11-14 03:21:25','','',15,9590000.0,'https://dienmay88.vn/wp-content/uploads/2025/04/dieu-hoa-nagakawa-18000btu-inverter-nis-c18r2u51.jpg;https://dienmay88.vn/wp-content/uploads/2025/04/dieu-hoa-nagakawa-18000btu-inverter-nis-c18r2u51-1.jpg;https://dienmay88.vn/wp-content/uploads/2025/04/dieu-hoa-nagakawa-18000btu-inverter-nis-c18r2u51-2.jpg;https://dienmay88.vn/wp-content/uploads/2025/04/dieu-hoa-nagakawa-18000btu-inverter-nis-c18r2u51-3.jpg;https://dienmay88.vn/wp-content/uploads/2025/04/dieu-hoa-nagakawa-18000btu-inverter-nis-c18r2u51-4.jpg','https://dienmay88.vn/wp-content/uploads/2025/04/dieu-hoa-nagakawa-18000btu-inverter-nis-c18r2u51.jpg',1,'Điều hòa Nagakawa 18000BTU inverter NIS-C18R2U51','11330000.0','dieu-hoa-nagakawa-18000btu-inverter-nis-c18r2u51',11);
INSERT INTO Products VALUES(256,23,4,'NIS-C24R2U51','2025-11-14 03:21:25','','',15,12690000.0,'https://dienmay88.vn/wp-content/uploads/2025/04/dieu-hoa-nagakawa-24000btu-inverter-nis-c24r2u51.jpg;https://dienmay88.vn/wp-content/uploads/2025/04/dieu-hoa-nagakawa-24000btu-inverter-nis-c24r2u51-1.jpg;https://dienmay88.vn/wp-content/uploads/2025/04/dieu-hoa-nagakawa-24000btu-inverter-nis-c24r2u51-2.jpg;https://dienmay88.vn/wp-content/uploads/2025/04/dieu-hoa-nagakawa-24000btu-inverter-nis-c24r2u51-3.jpg;https://dienmay88.vn/wp-content/uploads/2025/04/dieu-hoa-nagakawa-24000btu-inverter-nis-c24r2u51-4.jpg','https://dienmay88.vn/wp-content/uploads/2025/04/dieu-hoa-nagakawa-24000btu-inverter-nis-c24r2u51.jpg',1,'Điều hòa Nagakawa 24000BTU inverter NIS-C24R2U51','15060000.0','dieu-hoa-nagakawa-24000btu-inverter-nis-c24r2u51',11);
INSERT INTO Products VALUES(257,17,8,'HC19','2025-11-14 07:01:35','','',17,4030000.0,'https://karofi.karofi.com/karofi-com/2025/07/cay-nong-lanh-karofi-hut-binh-hc19.png;https://karofi.karofi.com/karofi-com/2020/03/w800/cay-nuoc-nong-lanh-karofi-2.png','https://karofi.karofi.com/karofi-com/2025/07/cay-nong-lanh-karofi-hut-binh-hc19.png',1,'Cây nước nóng lạnh hút bình Karofi HC19','4868000.0','cay-nuoc-nong-lanh-hut-binh-karofi-hc19',9);
INSERT INTO Products VALUES(258,17,8,'HC209','2025-11-14 07:01:35','','',15,4300000.0,'https://karofi.karofi.com/karofi-com/2025/07/cay-nong-lanh-karofi-hut-binh-hcv209.png;https://karofi.karofi.com/karofi-com/2023/06/w800/230331-hcv206-1461.png;https://karofi.karofi.com/karofi-com/2023/06/w800/230331-hcv206-1460.png;https://karofi.karofi.com/karofi-com/2023/06/w800/untitled-1477.png','https://karofi.karofi.com/karofi-com/2025/07/cay-nong-lanh-karofi-hut-binh-hcv209.png',1,'Máy nóng lạnh Karofi HCV209','5098000.0','may-nong-lanh-karofi-hcv209',9);
INSERT INTO Products VALUES(259,17,8,'HC208G','2025-11-14 07:01:35','','',13,4490000.0,'https://karofi.karofi.com/karofi-com/2025/07/may-nong-lanh-karofi-hcv208g-1.png;https://karofi.karofi.com/karofi-com/2025/06/may-nong-lanh-karofi-hcv208g-2.png;https://karofi.karofi.com/karofi-com/2025/06/may-nong-lanh-karofi-hcv208g-3.png;https://karofi.karofi.com/karofi-com/2025/06/may-nong-lanh-karofi-hcv208g-4.png','https://karofi.karofi.com/karofi-com/2025/07/may-nong-lanh-karofi-hcv208g-1.png',1,'Máy nóng lạnh Karofi HCV208G','5200000.0','may-nong-lanh-karofi-hcv208g',9);
INSERT INTO Products VALUES(260,17,8,'HC208B','2025-11-14 07:01:35','','',20,4780000.0,'https://karofi.karofi.com/karofi-com/2025/07/cay-nong-lanh-karofi-hut-binh-hcv208.png;https://karofi.karofi.com/karofi-com/2023/04/w800/hcv-208-3.png;https://karofi.karofi.com/karofi-com/2023/04/w800/hcv-208-2.png;https://karofi.karofi.com/karofi-com/2023/06/w800/hcv208-04.png','https://karofi.karofi.com/karofi-com/2025/07/cay-nong-lanh-karofi-hut-binh-hcv208.png',1,'Cây nước nóng lạnh nguội Karofi HCV208','6008000.0','cay-nuoc-nong-lanh-nguoi-karofi-hcv208',9);
INSERT INTO Products VALUES(261,17,8,'KAQ-U05PRO','2025-11-14 07:01:35','','',22,4480000.0,'https://karofi.karofi.com/karofi-com/2025/11/u05pro-anhdaidien.png;https://karofi.karofi.com/karofi-com/2023/08/w800/kaq-u05pro-04.png;https://karofi.karofi.com/karofi-com/2023/08/w800/kaq-u05pro-02.png;https://karofi.karofi.com/karofi-com/2023/08/w800/kaq-u05pro-daidien.png;https://karofi.karofi.com/karofi-com/2023/08/w800/kaq-u05pro-05.png;https://karofi.karofi.com/karofi-com/2023/08/w800/kaq-u05pro-06.png','https://karofi.karofi.com/karofi-com/2025/11/u05pro-anhdaidien.png',1,'Máy lọc nước để gầm Karofi KAQ-U05 Pro','5813000.0','may-loc-nuoc-de-gam-karofi-kaq-u05-pro',9);
INSERT INTO Products VALUES(262,17,8,'KAQ-U03PRO','2025-11-14 07:01:35','','',14,4260000.0,'https://karofi.karofi.com/karofi-com/2025/11/kaq-u03pro-anhdaidien.png;https://karofi.karofi.com/karofi-com/2024/01/w800/231228-kaq-u03pro-5.png;https://karofi.karofi.com/karofi-com/2024/01/w800/231228-kaq-u03pro-1.png;https://karofi.karofi.com/karofi-com/2024/01/w800/231228-kaq-u03pro-3.png;https://karofi.karofi.com/karofi-com/2024/01/w800/231228-kaq-u03pro-2.png','https://karofi.karofi.com/karofi-com/2025/11/kaq-u03pro-anhdaidien.png',1,'Máy lọc nước RO Karofi KAQ-U03 Pro','4959000.0','may-loc-nuoc-ro-karofi-kaq-u03-pro',9);
INSERT INTO Products VALUES(263,17,8,'KAQ-L22','2025-11-14 07:01:35','','',13,5880000.0,'https://karofi.karofi.com/karofi-com/2025/11/kaq-l22-krf-anhdaidien.png;https://karofi.karofi.com/karofi-com/2025/01/w800/karofi-kaq-l22-4.png;https://karofi.karofi.com/karofi-com/2025/01/w800/karofi-kaq-l22-3.png;https://karofi.karofi.com/karofi-com/2025/01/w800/karofi-kaq-l22-2.png;https://karofi.karofi.com/karofi-com/2025/01/w800/karofi-kaq-l22-1.png','https://karofi.karofi.com/karofi-com/2025/11/kaq-l22-krf-anhdaidien.png',1,'Máy lọc nước RO Karofi KAQ-L22','6825000.0','may-loc-nuoc-ro-karofi-kaq-l22',9);
INSERT INTO Products VALUES(264,17,8,'KAQ-D36','2025-11-14 07:01:35','','',16,4390000.0,'https://karofi.karofi.com/karofi-com/2025/11/karofi-kaq-d36-anhdaidien.png;https://karofi.karofi.com/karofi-com/2022/11/w800/karofi-kaq-d36-4.png;https://karofi.karofi.com/karofi-com/2022/11/w800/karofi-kaq-d36-3.png;https://karofi.karofi.com/karofi-com/2022/11/w800/karofi-kaq-d36-1.png;https://karofi.karofi.com/karofi-com/2022/11/w800/karofi-kaq-d36-2.png;https://karofi.karofi.com/karofi-com/2022/11/w800/karofi-kaq-d36-6.png','https://karofi.karofi.com/karofi-com/2025/11/karofi-kaq-d36-anhdaidien.png',1,'Máy lọc nước Karofi KAQ-D36','5281000.0','may-loc-nuoc-karofi-kaq-d36',9);
INSERT INTO Products VALUES(265,17,8,'KAD-D20','2025-11-14 07:01:35','','',15,4920000.0,'https://karofi.karofi.com/karofi-com/2024/10/w800/d20-anhdaidien.png;https://karofi.karofi.com/karofi-com/2024/04/w800/kaq-d20-01.png;https://karofi.karofi.com/karofi-com/2024/04/w800/kaq-d20-02.png;https://karofi.karofi.com/karofi-com/2024/04/w800/kaq-d20-04.png;https://karofi.karofi.com/karofi-com/2024/04/w800/kaq-d20-05.png;https://karofi.karofi.com/karofi-com/2024/04/w800/kaq-d20-03.png','https://karofi.karofi.com/karofi-com/2024/10/w800/d20-anhdaidien.png',1,'Máy lọc nước RO Karofi KAQ-D20','5798000.0','may-loc-nuoc-ro-karofi-kaq-d20',9);
INSERT INTO Products VALUES(266,17,8,'KAQ-L85','2025-11-14 07:01:35','','',19,8720000.0,'https://karofi.karofi.com/karofi-com/2025/11/l85-krf-anhdaidien-1.png;https://karofi.karofi.com/karofi-com/2025/01/w800/kad-l85-4.png;https://karofi.karofi.com/karofi-com/2025/01/w800/kad-l85-2.png;https://karofi.karofi.com/karofi-com/2025/01/w800/kad-l85-1.png;https://karofi.karofi.com/karofi-com/2025/01/w800/kad-l85-3.png','https://karofi.karofi.com/karofi-com/2025/11/l85-krf-anhdaidien-1.png',1,'Máy lọc nước nóng lạnh Karofi KAD-L85','10850000.0','may-loc-nuoc-nong-lanh-karofi-kad-l85',9);
INSERT INTO Products VALUES(267,17,8,'KAQ-D66S PRO','2025-11-14 07:01:35','','',17,8560000.0,'https://karofi.karofi.com/karofi-com/2025/11/d66s-pro-anhdaidien.png;https://karofi.karofi.com/karofi-com/2024/07/w800/d66s-pro-02.png;https://karofi.karofi.com/karofi-com/2024/07/w800/d66s-pro-01.png;https://karofi.karofi.com/karofi-com/2024/07/w800/d66s-pro-04.png;https://karofi.karofi.com/karofi-com/2024/07/w800/d66s-pro-03.png','https://karofi.karofi.com/karofi-com/2025/11/d66s-pro-anhdaidien.png',1,'Máy lọc nước nóng lạnh Karofi KAD-D66S PRO','10320000.0','may-loc-nuoc-nong-lanh-karofi-kad-d66s-pro',9);
INSERT INTO Products VALUES(268,17,8,'KAE-S68','2025-11-14 07:01:35','','',13,12840000.0,'https://karofi.karofi.com/karofi-com/2025/02/kae-s68.png;https://karofi.karofi.com/karofi-com/2024/12/w800/kae-s68-05.png;https://karofi.karofi.com/karofi-com/2024/12/w800/kae-s68-06.png;https://karofi.karofi.com/karofi-com/2024/12/w800/kae-s68-07.png;https://karofi.karofi.com/karofi-com/2024/12/w800/kae-s68-08.png','https://karofi.karofi.com/karofi-com/2025/02/kae-s68.png',1,'Máy lọc nước Hydro-ion kiềm Karofi KAE-S68','14800000.0','may-loc-nuoc-hydro-ion-kiem-karofi-kae-s68',9);
INSERT INTO Products VALUES(269,17,8,'KAE-S86','2025-11-14 07:01:35','','',16,16450000.0,'https://karofi.karofi.com/karofi-com/2025/02/thumbnail-kae-s86.png;https://karofi.karofi.com/karofi-com/2024/12/w800/kae-s86-06.png;https://karofi.karofi.com/karofi-com/2024/12/w800/kae-s86-07.png;https://karofi.karofi.com/karofi-com/2024/12/w800/kae-s86-09.png;https://karofi.karofi.com/karofi-com/2024/12/w800/kae-s86-08.png','https://karofi.karofi.com/karofi-com/2025/02/thumbnail-kae-s86.png',1,'Máy lọc nước nóng lạnh Hydro-ion kiềm Karofi KAE-S86','19700000.0','may-loc-nuoc-nong-lanh-hydro-ion-kiem-karofi-kae-s86',9);
INSERT INTO Products VALUES(270,14,5,'Blu 15 R','2025-11-14 07:23:46','','',16,2450000.0,'https://dienmay88.vn/wp-content/uploads/2021/01/binh-nong-lanh-ariston-15-lit-blue-15r-2.5-FE.jpg','https://dienmay88.vn/wp-content/uploads/2021/01/binh-nong-lanh-ariston-15-lit-blue-15r-2.5-FE.jpg',1,'Bình nóng lạnh Ariston 15 lít Blue 15R 2.5 FE','2950000.0','binh-nong-lanh-ariston-15-lit-blue-15r-25-fe',11);
INSERT INTO Products VALUES(271,14,5,'Blu 20 SL','2025-11-14 07:23:46','','',19,2770000.0,'https://hc.com.vn/i/ecommerce/media/ck18752600-binh-nong-lanh-ariston-blu-20-slim-2-5-fe.jpg','https://hc.com.vn/i/ecommerce/media/ck18752600-binh-nong-lanh-ariston-blu-20-slim-2-5-fe.jpg',1,'Bình nóng lạnh Ariston 20l BLU 20 SLIM','3455000.0','binh-nong-lanh-ariston-20l-blu-20-slim',11);
INSERT INTO Products VALUES(272,14,5,'Blu 30 R','2025-11-14 07:23:46','','',15,2690000.0,'https://dienmay88.vn/wp-content/uploads/2020/03/binh-nong-lanh-ariston-30-lit-blu-30r-2.5-FE.jpg','https://dienmay88.vn/wp-content/uploads/2020/03/binh-nong-lanh-ariston-30-lit-blu-30r-2.5-FE.jpg',1,'Bình nóng lạnh Ariston 30 lít BLU 30R 2.5 FE','3181000.0','binh-nong-lanh-ariston-30-lit-blu-30r-25-fe',11);
INSERT INTO Products VALUES(273,14,5,'AN 2 15R AG+2.5','2025-11-14 07:23:46','','',16,2820000.0,'https://dienmay88.vn/wp-content/uploads/2021/01/binh-nong-lanh-ariston-15-lit-blue-15r-2.5-FE.jpg','https://dienmay88.vn/wp-content/uploads/2021/01/binh-nong-lanh-ariston-15-lit-blue-15r-2.5-FE.jpg',1,'Bình nóng lạnh Ariston 15 lít Blue 15R 2.5 FE','3376000.0','binh-nong-lanh-ariston-15-lit-blue-15r-25-fe',11);
INSERT INTO Products VALUES(274,14,5,'AN 2 30R AG+2.5','2025-11-14 07:23:46','','',14,3290000.0,'https://dienmay88.vn/wp-content/uploads/2020/03/binh-nong-lanh-ariston-an2-30r-2.5-FE.jpg;https://dienmay88.vn/wp-content/uploads/2020/03/binh-nong-lanh-ariston-an2-30r-2.5-FE-1.jpg','https://dienmay88.vn/wp-content/uploads/2020/03/binh-nong-lanh-ariston-an2-30r-2.5-FE.jpg',1,'Bình nóng lạnh Ariston AN2 30R 2.5 FE','3837000.0','binh-nong-lanh-ariston-an2-30r-25-fe',11);
INSERT INTO Products VALUES(275,14,5,'SIML3 20R AG+ VN','2025-11-14 07:23:46','','',17,3210000.0,'https://media.loveitopcdn.com/42073/kcfinder/upload//images/e76c53bf-1712-48fe-a9d1-2993fd737106.png','https://media.loveitopcdn.com/42073/kcfinder/upload//images/e76c53bf-1712-48fe-a9d1-2993fd737106.png',1,'Máy nước nóng Ariston Slim3 20R','3873000.0','may-nuoc-nong-ariston-slim3-20r',11);
INSERT INTO Products VALUES(276,14,5,'SIML3 30R AG+ VN','2025-11-14 07:23:46','','',21,3520000.0,'https://media.loveitopcdn.com/42073/kcfinder/upload//images/e76c53bf-1712-48fe-a9d1-2993fd737106.png','https://media.loveitopcdn.com/42073/kcfinder/upload//images/e76c53bf-1712-48fe-a9d1-2993fd737106.png',1,'Máy Nước Nóng Ariston Slim3 30R','4511000.0','may-nuoc-nong-ariston-slim3-30r',11);
INSERT INTO Products VALUES(277,14,5,'SIML3 20RS AG+ VN','2025-11-14 07:23:46','','',18,3430000.0,'https://media.loveitopcdn.com/42073/kcfinder/upload//images/ba2a7743-942f-47ab-93a0-929a1444519c.png','https://media.loveitopcdn.com/42073/kcfinder/upload//images/ba2a7743-942f-47ab-93a0-929a1444519c.png',1,'Máy nước nóng Ariston Slim3 20RS VN','4197000.0','may-nuoc-nong-ariston-slim3-20rs-vn',11);
INSERT INTO Products VALUES(278,14,5,'SIML3 30RS AG+ VN','2025-11-14 07:23:46','','',19,3770000.0,'https://media.loveitopcdn.com/42073/kcfinder/upload//images/ba2a7743-942f-47ab-93a0-929a1444519c.png','https://media.loveitopcdn.com/42073/kcfinder/upload//images/ba2a7743-942f-47ab-93a0-929a1444519c.png',1,'Máy nước nóng Ariston Slim3 30RS VN','4688000.0','may-nuoc-nong-ariston-slim3-30rs-vn',11);
INSERT INTO Products VALUES(279,15,5,'KG68A3','2025-11-14 09:21:48','','',17,2850000.0,'https://dienmay88.vn/wp-content/uploads/2025/02/binh-nong-lanh-gian-tiep-kangaroo-30-lit-2500w-kg68a3-1.jpg;https://dienmay88.vn/wp-content/uploads/2025/02/binh-nong-lanh-gian-tiep-kangaroo-30-lit-2500w-kg68a3-2.jpg;https://dienmay88.vn/wp-content/uploads/2025/02/binh-nong-lanh-gian-tiep-kangaroo-30-lit-2500w-kg68a3-3.jpg;https://dienmay88.vn/wp-content/uploads/2025/02/binh-nong-lanh-gian-tiep-kangaroo-30-lit-2500w-kg68a3-4.jpg;https://dienmay88.vn/wp-content/uploads/2025/02/binh-nong-lanh-gian-tiep-kangaroo-30-lit-2500w-kg68a3-5.jpg;https://dienmay88.vn/wp-content/uploads/2025/02/binh-nong-lanh-gian-tiep-kangaroo-30-lit-2500w-kg68a3-6.jpg;https://dienmay88.vn/wp-content/uploads/2025/02/binh-nong-lanh-gian-tiep-kangaroo-30-lit-2500w-kg68a3-7.jpg;https://dienmay88.vn/wp-content/uploads/2025/02/binh-nong-lanh-gian-tiep-kangaroo-30-lit-2500w-kg68a3-8.jpg','https://dienmay88.vn/wp-content/uploads/2025/02/binh-nong-lanh-gian-tiep-kangaroo-30-lit-2500w-kg68a3-1.jpg',1,'Bình nóng lạnh gián tiếp Kangaroo 30 lít 2500W KG68A3','3442000.0','binh-nong-lanh-gian-tiep-kangaroo-30-lit-2500w-kg68a3',11);
INSERT INTO Products VALUES(280,15,5,'KG68A2','2025-11-14 09:21:48','','',20,2660000.0,'https://dienmay88.vn/wp-content/uploads/2025/02/binh-nong-lanh-gian-tiep-kangaroo-22-lit-2500w-kg68a2-1.jpg;https://dienmay88.vn/wp-content/uploads/2025/02/binh-nong-lanh-gian-tiep-kangaroo-22-lit-2500w-kg68a2-2.jpg;https://dienmay88.vn/wp-content/uploads/2025/02/binh-nong-lanh-gian-tiep-kangaroo-22-lit-2500w-kg68a2-3.jpg;https://dienmay88.vn/wp-content/uploads/2025/02/binh-nong-lanh-gian-tiep-kangaroo-22-lit-2500w-kg68a2-4.jpg;https://dienmay88.vn/wp-content/uploads/2025/02/binh-nong-lanh-gian-tiep-kangaroo-22-lit-2500w-kg68a2-5.jpg;https://dienmay88.vn/wp-content/uploads/2025/02/binh-nong-lanh-gian-tiep-kangaroo-22-lit-2500w-kg68a2-6.jpg;https://dienmay88.vn/wp-content/uploads/2025/02/binh-nong-lanh-gian-tiep-kangaroo-22-lit-2500w-kg68a2-7.jpg;https://dienmay88.vn/wp-content/uploads/2025/02/binh-nong-lanh-gian-tiep-kangaroo-22-lit-2500w-kg68a2-8.jpg','https://dienmay88.vn/wp-content/uploads/2025/02/binh-nong-lanh-gian-tiep-kangaroo-22-lit-2500w-kg68a2-1.jpg',1,'Bình nóng lạnh gián tiếp Kangaroo 22 lít 2500W KG68A2','3342000.0','binh-nong-lanh-gian-tiep-kangaroo-22-lit-2500w-kg68a2',11);
INSERT INTO Products VALUES(281,24,5,'20ME','2025-11-14 09:21:48','','',20,2650000.0,'https://cdn.tgdd.vn/Products/Images/1962/199992/may-nuoc-nong-ferroli-qq-evo-20l-me-1-1-700x467.jpg;https://cdn.tgdd.vn/Products/Images/1962/199992/may-nuoc-nong-ferroli-qq-evo-20l-me-6-1-700x467.jpg;https://cdn.tgdd.vn/Products/Images/1962/199992/may-nuoc-nong-ferroli-qq-evo-20l-me-4-1-700x467.jpg;https://cdn.tgdd.vn/Products/Images/1962/199992/may-nuoc-nong-ferroli-qq-evo-20l-me-5-1-700x467.jpg;https://cdn.tgdd.vn/Products/Images/1962/199992/may-nuoc-nong-ferroli-qq-evo-20l-me-8-700x467.jpg','https://cdn.tgdd.vn/Products/Images/1962/199992/may-nuoc-nong-ferroli-qq-evo-20l-me-1-1-700x467.jpg',1,'Máy nước nóng Ferroli QQ Evo 20L ME 20 Lít','3339000.0','may-nuoc-nong-ferroli-qq-evo-20l-me-20-lit',11);
INSERT INTO Products VALUES(282,24,5,'30ME','2025-11-14 09:21:48','','',21,2710000.0,'https://cdn.tgdd.vn/Products/Images/1962/199992/may-nuoc-nong-ferroli-qq-evo-20l-me-1-1-700x467.jpg;https://cdn.tgdd.vn/Products/Images/1962/199992/may-nuoc-nong-ferroli-qq-evo-20l-me-6-1-700x467.jpg;https://cdn.tgdd.vn/Products/Images/1962/199992/may-nuoc-nong-ferroli-qq-evo-20l-me-4-1-700x467.jpg;https://cdn.tgdd.vn/Products/Images/1962/199992/may-nuoc-nong-ferroli-qq-evo-20l-me-5-1-700x467.jpg;https://cdn.tgdd.vn/Products/Images/1962/199992/may-nuoc-nong-ferroli-qq-evo-20l-me-8-700x467.jpg','https://cdn.tgdd.vn/Products/Images/1962/199992/may-nuoc-nong-ferroli-qq-evo-20l-me-1-1-700x467.jpg',1,'Máy nước nóng Ferroli QQ Evo 30L ME 30 Lít','3455000.0','may-nuoc-nong-ferroli-qq-evo-30l-me-30-lit',11);
INSERT INTO Products VALUES(283,14,5,'SLIM3 20LUX','2025-11-14 09:21:48','','',14,3820000.0,'https://cdn.pico.vn/2024/10/19/17293121970754388896.png;https://cdn.pico.vn/2024/10/19/172931219707373644914.png;https://cdn.pico.vn/2024/10/19/17293121970693915257.png','https://cdn.pico.vn/2024/10/19/17293121970754388896.png',1,'Bình tắm ARISTON 20 lít SLIM3 20 LUX VN kiểu ngang','4475000.0','binh-tam-ariston-20-lit-slim3-20-lux-vn-kieu-ngang',11);
INSERT INTO Products VALUES(284,14,5,'SLIM3 30LUX','2025-11-14 09:21:48','','',21,4230000.0,'https://cdn.pico.vn/2024/10/19/17293121970754388896.png;https://cdn.pico.vn/2024/10/19/172931219707373644914.png;https://cdn.pico.vn/2024/10/19/17293121970693915257.png','https://cdn.pico.vn/2024/10/19/17293121970754388896.png',1,'Bình tắm ARISTON 30 lít SLIM3 30 LUX VN kiểu ngang','5417000.0','binh-tam-ariston-30-lit-slim3-30-lux-vn-kieu-ngang',11);
INSERT INTO Products VALUES(285,4,11,'F-YCT10V','2025-11-15 01:46:47','','',17,5480000.0,'https://www.panasonic.com/content/dam/pim/vn/vi/F-/F-YCT1/F-YCT10V-SPP/ast-2099837.png.pub.thumb.644.644.png;https://www.panasonic.com/content/dam/pim/vn/vi/F-/F-YCT1/F-YCT10V-SPP/ast-2099232.jpg.pub.thumb.644.644.jpg;https://www.panasonic.com/content/dam/pim/vn/vi/F-/F-YCT1/F-YCT10V-SPP/ast-2099233.jpg.pub.thumb.644.644.jpg','https://www.panasonic.com/content/dam/pim/vn/vi/F-/F-YCT1/F-YCT10V-SPP/ast-2099837.png.pub.thumb.644.644.png',1,'Máy hút ẩm, lọc không khí F-YCT10V','6674000.0','may-hut-am-loc-khong-khi-f-yct10v',9);
INSERT INTO Products VALUES(286,4,11,'F-YCT14V','2025-11-15 01:46:47','','',17,6830000.0,'https://www.panasonic.com/content/dam/pim/vn/vi/F-/F-YCT1/F-YCT14V-SPP/ast-2099862.png.pub.thumb.644.644.png;https://www.panasonic.com/content/dam/pim/vn/vi/F-/F-YCT1/F-YCT14V-SPP/ast-2099239.jpg.pub.thumb.644.644.jpg;https://www.panasonic.com/content/dam/pim/vn/vi/F-/F-YCT1/F-YCT14V-SPP/ast-2099240.jpg.pub.thumb.644.644.jpg;https://www.panasonic.com/content/dam/pim/vn/vi/F-/F-YCT1/F-YCT14V-SPP/ast-2099242.jpg.pub.thumb.644.644.jpg','https://www.panasonic.com/content/dam/pim/vn/vi/F-/F-YCT1/F-YCT14V-SPP/ast-2099862.png.pub.thumb.644.644.png',1,'Máy hút ẩm, lọc không khí F-YCT14V','8252000.0','may-hut-am-loc-khong-khi-f-yct14v',9);
INSERT INTO Products VALUES(287,4,11,'F-YCT17V','2025-11-15 01:46:47','','',22,7430000.0,'https://www.panasonic.com/content/dam/pim/vn/vi/F-/F-YCT1/F-YCT17V-SPP/ast-2099884.png.pub.thumb.644.644.png;https://www.panasonic.com/content/dam/pim/vn/vi/F-/F-YCT1/F-YCT17V-SPP/ast-2099252.jpg.pub.thumb.644.644.jpg;https://www.panasonic.com/content/dam/pim/vn/vi/F-/F-YCT1/F-YCT17V-SPP/ast-2099253.jpg.pub.thumb.644.644.jpg;https://www.panasonic.com/content/dam/pim/vn/vi/F-/F-YCT1/F-YCT17V-SPP/ast-2099255.jpg.pub.thumb.644.644.jpg','https://www.panasonic.com/content/dam/pim/vn/vi/F-/F-YCT1/F-YCT17V-SPP/ast-2099884.png.pub.thumb.644.644.png',1,'Máy hút ẩm, lọc không khí F-YCT17V','9559000.0','may-hut-am-loc-khong-khi-f-yct17v',9);
INSERT INTO Products VALUES(288,3,11,'AS65GDBY0','2025-11-15 01:46:47','','',16,14300000.0,'https://cdn.tgdd.vn/Products/Images/5473/317165/may-loc-khong-khi-lg-puricare-360-alpha-single-as65gdby0abae-48w-2-700x467.jpg;https://cdn.tgdd.vn/Products/Images/5473/317165/may-loc-khong-khi-lg-puricare-360-alpha-single-as65gdby0abae-48w-10-700x467.jpg;https://cdn.tgdd.vn/Products/Images/5473/317165/may-loc-khong-khi-lg-puricare-360-alpha-single-as65gdby0abae-48w-13-700x467.jpg;https://cdn.tgdd.vn/Products/Images/5473/317165/may-loc-khong-khi-lg-puricare-360-alpha-single-as65gdby0abae-48w-14-700x467.jpg;https://cdn.tgdd.vn/Products/Images/5473/317165/may-loc-khong-khi-lg-puricare-360-alpha-single-as65gdby0abae-48w-16-700x467.jpg;https://cdn.tgdd.vn/Products/Images/5473/317165/may-loc-khong-khi-lg-puricare-360-alpha-single-as65gdby0abae-48w-17-700x467.jpg;https://cdn.tgdd.vn/Products/Images/5473/317165/may-loc-khong-khi-lg-puricare-360-alpha-single-as65gdby0abae-48w-24-700x467.jpg','https://cdn.tgdd.vn/Products/Images/5473/317165/may-loc-khong-khi-lg-puricare-360-alpha-single-as65gdby0abae-48w-2-700x467.jpg',1,'Máy lọc không khí LG PuriCare 360 Alpha Single AS65GDBY0','17180000.0','may-loc-khong-khi-lg-puricare-360-alpha-single-as65gdby0',9);
INSERT INTO Products VALUES(289,25,11,'MAP-550GJA32','2025-11-15 01:46:47','','',19,3540000.0,'https://cdn.tgdd.vn/Products/Images/5473/234176/midea-map-550gja32-2-700x467.jpg;https://cdn.tgdd.vn/Products/Images/5473/234176/midea-map-550gja32-6-700x467.jpg;https://cdn.tgdd.vn/Products/Images/5473/234176/midea-map-550gja32-7-700x467.jpg;https://cdn.tgdd.vn/Products/Images/5473/234176/midea-map-550gja32-11-700x467.jpg;https://cdn.tgdd.vn/Products/Images/5473/234176/midea-map-550gja32-13-700x467.jpg','https://cdn.tgdd.vn/Products/Images/5473/234176/midea-map-550gja32-2-700x467.jpg',1,'Máy lọc không khí Midea MAP-550GJA32 38W','4408000.0','may-loc-khong-khi-midea-map-550gja32-38w',9);
INSERT INTO Products VALUES(290,5,11,'MC30YVM7','2025-11-15 01:46:47','','',20,3920000.0,'https://cdn.tgdd.vn/Products/Images/5473/280245/mc30yvm72-700x467.jpg;https://cdn.tgdd.vn/Products/Images/5473/280245/mc30yvm73-700x467.jpg;https://cdn.tgdd.vn/Products/Images/5473/280245/mc30yvm74-700x467.jpg;https://cdn.tgdd.vn/Products/Images/5473/280245/mc30yvm75-700x467.jpg;https://cdn.tgdd.vn/Products/Images/5473/280245/mc30yvm79-700x467.jpg;https://cdn.tgdd.vn/Products/Images/5473/280245/mc30yvm710-700x467.jpg;https://cdn.tgdd.vn/Products/Images/5473/280245/mc30yvm711-700x467.jpg;https://cdn.tgdd.vn/Products/Images/5473/280245/mc30yvm713-700x467.jpg','https://cdn.tgdd.vn/Products/Images/5473/280245/mc30yvm72-700x467.jpg',1,'Máy lọc không khí Daikin MC30YVM7 25W','4942000.0','may-loc-khong-khi-daikin-mc30yvm7-25w',9);
INSERT INTO Products VALUES(291,5,11,'MC40UVM6-7','2025-11-15 01:46:47','','',13,5600000.0,'https://cdn.tgdd.vn/Products/Images/5473/280243/daikin-mc40uvm6-1-1-org-700x467.jpg;https://cdn.tgdd.vn/Products/Images/5473/280243/daikin-mc40uvm6-2-org-700x467.jpg;https://cdn.tgdd.vn/Products/Images/5473/280243/daikin-mc40uvm6-3-org-700x467.jpg;https://cdn.tgdd.vn/Products/Images/5473/280243/daikin-mc40uvm6-5-org-700x467.jpg;https://cdn.tgdd.vn/Products/Images/5473/280243/daikin-mc40uvm6-12-org-700x467.jpg;https://cdn.tgdd.vn/Products/Images/5473/280243/daikin-mc40uvm6-15-org-700x467.jpg','https://cdn.tgdd.vn/Products/Images/5473/280243/daikin-mc40uvm6-1-1-org-700x467.jpg',1,'Máy lọc không khí Daikin MC40UVM6-7 23W','6499000.0','may-loc-khong-khi-daikin-mc40uvm6-7-23w',9);
INSERT INTO Products VALUES(292,5,11,'MC55UVM6-7','2025-11-15 01:46:47','','',13,6730000.0,'https://cdn.tgdd.vn/Products/Images/5473/280244/may-loc-khong-khi-daikin-mc55uvm6-2-org-700x467.jpg;https://cdn.tgdd.vn/Products/Images/5473/280244/may-loc-khong-khi-daikin-mc55uvm6-3-org-700x467.jpg;https://cdn.tgdd.vn/Products/Images/5473/280244/may-loc-khong-khi-daikin-mc55uvm6-4-org-700x467.jpg;https://cdn.tgdd.vn/Products/Images/5473/280244/may-loc-khong-khi-daikin-mc55uvm6-5-org-700x467.jpg;https://cdn.tgdd.vn/Products/Images/5473/280244/may-loc-khong-khi-daikin-mc55uvm6-6-org-700x467.jpg;https://cdn.tgdd.vn/Products/Images/5473/280244/may-loc-khong-khi-daikin-mc55uvm6-8-org-700x467.jpg;https://cdn.tgdd.vn/Products/Images/5473/280244/may-loc-khong-khi-daikin-mc55uvm6-8-org-700x467.jpg;https://cdn.tgdd.vn/Products/Images/5473/280244/may-loc-khong-khi-daikin-mc55uvm6-11-org-700x467.jpg;https://cdn.tgdd.vn/Products/Images/5473/280244/mc55uvm6-7-700x467.jpg','https://cdn.tgdd.vn/Products/Images/5473/280244/may-loc-khong-khi-daikin-mc55uvm6-2-org-700x467.jpg',1,'Máy lọc không khí Daikin MC55UVM6-7 37W','7776000.0','may-loc-khong-khi-daikin-mc55uvm6-7-37w',9);
INSERT INTO Products VALUES(293,5,11,'MCK555AVMV-W','2025-11-15 01:46:47','','',16,8590000.0,'https://cdnv2.tgdd.vn/mwg-static/dmx/Products/Images/5473/340472/may-loc-khong-khi-daikin-mck555avmvw-56w-trang-1-638887922809394055-700x467.jpg;https://cdnv2.tgdd.vn/mwg-static/dmx/Products/Images/5473/340472/may-loc-khong-khi-daikin-mck555avmvw-56w-trang-2-638887922822844647-700x467.jpg;https://cdnv2.tgdd.vn/mwg-static/dmx/Products/Images/5473/340472/may-loc-khong-khi-daikin-mck555avmvw-56w-trang-3-638887922829197795-700x467.jpg;https://cdnv2.tgdd.vn/mwg-static/dmx/Products/Images/5473/340472/may-loc-khong-khi-daikin-mck555avmvw-56w-trang-4-638887922837012385-700x467.jpg','https://cdnv2.tgdd.vn/mwg-static/dmx/Products/Images/5473/340472/may-loc-khong-khi-daikin-mck555avmvw-56w-trang-1-638887922809394055-700x467.jpg',1,'Máy lọc không khí Daikin MCK555AVMVW 58W','10310000.0','may-loc-khong-khi-daikin-mck555avmvw-58w',9);
INSERT INTO Products VALUES(294,5,11,'MCK555AVMV-T','2025-11-15 01:46:47','','',19,8560000.0,'https://cdnv2.tgdd.vn/mwg-static/dmx/Products/Images/5473/340473/may-loc-khong-khi-daikin-mck555avmvt-56w-nau-1-638887923795381175-700x467.jpg;https://cdnv2.tgdd.vn/mwg-static/dmx/Products/Images/5473/340473/may-loc-khong-khi-daikin-mck555avmvt-56w-nau-2-638887923806056314-700x467.jpg;https://cdnv2.tgdd.vn/mwg-static/dmx/Products/Images/5473/340473/may-loc-khong-khi-daikin-mck555avmvt-56w-nau-3-638887923816231647-700x467.jpg;https://cdnv2.tgdd.vn/mwg-static/dmx/Products/Images/5473/340473/may-loc-khong-khi-daikin-mck555avmvt-56w-nau-4-638887923824147807-700x467.jpg','https://cdnv2.tgdd.vn/mwg-static/dmx/Products/Images/5473/340473/may-loc-khong-khi-daikin-mck555avmvt-56w-nau-1-638887923795381175-700x467.jpg',1,'Máy lọc không khí Daikin MCK555AVMVT 58W','10590000.0','may-loc-khong-khi-daikin-mck555avmvt-58w',9);
INSERT INTO Products VALUES(295,5,11,'MCK70ZVM7-T','2025-11-15 01:46:47','','',22,10110000.0,'https://dienmay88.vn/wp-content/uploads/2025/05/may-loc-khong-khi-daikin-mck70zvm7-t-82w-1.png;https://dienmay88.vn/wp-content/uploads/2025/05/may-loc-khong-khi-daikin-mck70zvm7-t-82w-2.png;https://dienmay88.vn/wp-content/uploads/2025/05/may-loc-khong-khi-daikin-mck70zvm7-t-82w-3.png;https://dienmay88.vn/wp-content/uploads/2025/05/may-loc-khong-khi-daikin-mck70zvm7-t-82w-4.png;https://dienmay88.vn/wp-content/uploads/2025/05/may-loc-khong-khi-daikin-mck70zvm7-t-82w-5.png;https://dienmay88.vn/wp-content/uploads/2025/05/may-loc-khong-khi-daikin-mck70zvm7-t-82w-6.png;https://dienmay88.vn/wp-content/uploads/2025/05/may-loc-khong-khi-daikin-mck70zvm7-t-82w-7.png;https://dienmay88.vn/wp-content/uploads/2025/05/may-loc-khong-khi-daikin-mck70zvm7-t-82w-8.png;https://dienmay88.vn/wp-content/uploads/2025/05/may-loc-khong-khi-daikin-mck70zvm7-t-82w-9.png;https://dienmay88.vn/wp-content/uploads/2025/05/may-loc-khong-khi-daikin-mck70zvm7-t-82w-10.png;https://dienmay88.vn/wp-content/uploads/2025/05/may-loc-khong-khi-daikin-mck70zvm7-t-82w-11.png;https://dienmay88.vn/wp-content/uploads/2025/05/may-loc-khong-khi-daikin-mck70zvm7-t-82w-12.png;https://dienmay88.vn/wp-content/uploads/2025/05/may-loc-khong-khi-daikin-mck70zvm7-t-82w-13.png;https://dienmay88.vn/wp-content/uploads/2025/05/may-loc-khong-khi-daikin-mck70zvm7-t-82w-14.png;https://dienmay88.vn/wp-content/uploads/2025/05/may-loc-khong-khi-daikin-mck70zvm7-t-82w-15.png;https://dienmay88.vn/wp-content/uploads/2025/05/may-loc-khong-khi-daikin-mck70zvm7-t-82w-16.png;https://dienmay88.vn/wp-content/uploads/2025/05/may-loc-khong-khi-daikin-mck70zvm7-t-82w-17.png;https://dienmay88.vn/wp-content/uploads/2025/05/may-loc-khong-khi-daikin-mck70zvm7-t-82w-18.png;https://dienmay88.vn/wp-content/uploads/2025/05/may-loc-khong-khi-daikin-mck70zvm7-t-82w-19.png;https://dienmay88.vn/wp-content/uploads/2025/05/may-loc-khong-khi-daikin-mck70zvm7-t-82w-20.png;https://dienmay88.vn/wp-content/uploads/2025/05/may-loc-khong-khi-daikin-mck70zvm7-t-82w-21.png;https://dienmay88.vn/wp-content/uploads/2025/05/may-loc-khong-khi-daikin-mck70zvm7-t-82w-22.png;https://dienmay88.vn/wp-content/uploads/2025/05/may-loc-khong-khi-daikin-mck70zvm7-t-82w-23.png','https://dienmay88.vn/wp-content/uploads/2025/05/may-loc-khong-khi-daikin-mck70zvm7-t-82w-1.png',1,'Máy lọc không khí Daikin MCK70ZVM7-T 82W','13020000.0','may-loc-khong-khi-daikin-mck70zvm7-t-82w',9);
INSERT INTO Products VALUES(296,5,11,'MCK70ZVM7-W','2025-11-15 01:46:47','','',13,10100000.0,'https://dienmay88.vn/wp-content/uploads/2025/05/may-loc-khong-khi-daikin-mck70zvm7-w-82w-1.png;https://dienmay88.vn/wp-content/uploads/2025/05/may-loc-khong-khi-daikin-mck70zvm7-w-82w-2.png;https://dienmay88.vn/wp-content/uploads/2025/05/may-loc-khong-khi-daikin-mck70zvm7-w-82w-3.png;https://dienmay88.vn/wp-content/uploads/2025/05/may-loc-khong-khi-daikin-mck70zvm7-w-82w-4.png;https://dienmay88.vn/wp-content/uploads/2025/05/may-loc-khong-khi-daikin-mck70zvm7-w-82w-5.png;https://dienmay88.vn/wp-content/uploads/2025/05/may-loc-khong-khi-daikin-mck70zvm7-w-82w-6.png;https://dienmay88.vn/wp-content/uploads/2025/05/may-loc-khong-khi-daikin-mck70zvm7-w-82w-7.png;https://dienmay88.vn/wp-content/uploads/2025/05/may-loc-khong-khi-daikin-mck70zvm7-w-82w-8.png;https://dienmay88.vn/wp-content/uploads/2025/05/may-loc-khong-khi-daikin-mck70zvm7-w-82w-9.png;https://dienmay88.vn/wp-content/uploads/2025/05/may-loc-khong-khi-daikin-mck70zvm7-w-82w-10.png;https://dienmay88.vn/wp-content/uploads/2025/05/may-loc-khong-khi-daikin-mck70zvm7-w-82w-11.png;https://dienmay88.vn/wp-content/uploads/2025/05/may-loc-khong-khi-daikin-mck70zvm7-w-82w-12.png;https://dienmay88.vn/wp-content/uploads/2025/05/may-loc-khong-khi-daikin-mck70zvm7-w-82w-13.png;https://dienmay88.vn/wp-content/uploads/2025/05/may-loc-khong-khi-daikin-mck70zvm7-w-82w-14.png;https://dienmay88.vn/wp-content/uploads/2025/05/may-loc-khong-khi-daikin-mck70zvm7-w-82w-15.png;https://dienmay88.vn/wp-content/uploads/2025/05/may-loc-khong-khi-daikin-mck70zvm7-w-82w-16.png;https://dienmay88.vn/wp-content/uploads/2025/05/may-loc-khong-khi-daikin-mck70zvm7-w-82w-17.png;https://dienmay88.vn/wp-content/uploads/2025/05/may-loc-khong-khi-daikin-mck70zvm7-w-82w-18.png;https://dienmay88.vn/wp-content/uploads/2025/05/may-loc-khong-khi-daikin-mck70zvm7-w-82w-19.png;https://dienmay88.vn/wp-content/uploads/2025/05/may-loc-khong-khi-daikin-mck70zvm7-w-82w-20.png;https://dienmay88.vn/wp-content/uploads/2025/05/may-loc-khong-khi-daikin-mck70zvm7-w-82w-21.png;https://dienmay88.vn/wp-content/uploads/2025/05/may-loc-khong-khi-daikin-mck70zvm7-w-82w-22.png;https://dienmay88.vn/wp-content/uploads/2025/05/may-loc-khong-khi-daikin-mck70zvm7-w-82w-23.png;https://dienmay88.vn/wp-content/uploads/2025/05/may-loc-khong-khi-daikin-mck70zvm7-w-82w-24.png','https://dienmay88.vn/wp-content/uploads/2025/05/may-loc-khong-khi-daikin-mck70zvm7-w-82w-1.png',1,'Máy lọc không khí Daikin MCK70ZVM7-W 82W','11730000.0','may-loc-khong-khi-daikin-mck70zvm7-w-82w',9);
INSERT INTO Products VALUES(297,11,11,'DW-D12A-W','2025-11-15 01:46:47','','',18,4950000.0,'https://dienmay88.vn/wp-content/uploads/2020/07/may-loc-khong-khi-co-hut-am-sharp-dw-d12a-w.jpg;https://dienmay88.vn/wp-content/uploads/2020/07/may-loc-khong-khi-co-hut-am-sharp-dw-d12a-w-1.jpg;https://dienmay88.vn/wp-content/uploads/2020/07/may-loc-khong-khi-co-hut-am-sharp-dw-d12a-w-2.jpg;https://dienmay88.vn/wp-content/uploads/2020/07/may-loc-khong-khi-co-hut-am-sharp-dw-d12a-w-3.jpg;https://dienmay88.vn/wp-content/uploads/2020/07/may-loc-khong-khi-co-hut-am-sharp-dw-d12a-w-4.jpg;https://dienmay88.vn/wp-content/uploads/2020/07/may-loc-khong-khi-co-hut-am-sharp-dw-d12a-w-5.jpg;https://dienmay88.vn/wp-content/uploads/2020/07/may-loc-khong-khi-co-hut-am-sharp-dw-d12a-w-6.jpg;https://dienmay88.vn/wp-content/uploads/2020/07/may-loc-khong-khi-co-hut-am-sharp-dw-d12a-w-7.jpg;https://dienmay88.vn/wp-content/uploads/2020/07/may-loc-khong-khi-co-hut-am-sharp-dw-d12a-w-8.jpg;https://dienmay88.vn/wp-content/uploads/2020/07/may-loc-khong-khi-co-hut-am-sharp-dw-d12a-w-9.jpg;https://dienmay88.vn/wp-content/uploads/2020/07/may-loc-khong-khi-co-hut-am-sharp-dw-d12a-w-10.jpg','https://dienmay88.vn/wp-content/uploads/2020/07/may-loc-khong-khi-co-hut-am-sharp-dw-d12a-w.jpg',1,'Máy lọc không khí có hút ẩm Sharp DW-D12A-W','6087000.0','may-loc-khong-khi-co-hut-am-sharp-dw-d12a-w',9);
INSERT INTO Products VALUES(298,11,11,'DW-E16FA-W','2025-11-15 01:46:47','','',21,7190000.0,'https://dienmay88.vn/wp-content/uploads/2020/07/may-loc-khong-khi-co-hut-am-sharp-dw-e16fa-w.jpg;https://dienmay88.vn/wp-content/uploads/2020/07/may-loc-khong-khi-co-hut-am-sharp-dw-e16fa-w-1.jpg;https://dienmay88.vn/wp-content/uploads/2020/07/may-loc-khong-khi-co-hut-am-sharp-dw-e16fa-w-2.jpg;https://dienmay88.vn/wp-content/uploads/2020/07/may-loc-khong-khi-co-hut-am-sharp-dw-e16fa-w-3.jpg;https://dienmay88.vn/wp-content/uploads/2020/07/may-loc-khong-khi-co-hut-am-sharp-dw-e16fa-w-4.jpg;https://dienmay88.vn/wp-content/uploads/2020/07/may-loc-khong-khi-co-hut-am-sharp-dw-e16fa-w-5.jpg;https://dienmay88.vn/wp-content/uploads/2020/07/may-loc-khong-khi-co-hut-am-sharp-dw-e16fa-w-6.jpg;https://dienmay88.vn/wp-content/uploads/2020/07/may-loc-khong-khi-co-hut-am-sharp-dw-e16fa-w-7.jpg;https://dienmay88.vn/wp-content/uploads/2020/07/may-loc-khong-khi-co-hut-am-sharp-dw-e16fa-w-8.jpg;https://dienmay88.vn/wp-content/uploads/2020/07/may-loc-khong-khi-co-hut-am-sharp-dw-e16fa-w-9.jpg;https://dienmay88.vn/wp-content/uploads/2020/07/may-loc-khong-khi-co-hut-am-sharp-dw-e16fa-w-10.jpg','https://dienmay88.vn/wp-content/uploads/2020/07/may-loc-khong-khi-co-hut-am-sharp-dw-e16fa-w.jpg',1,'Máy lọc không khí có hút ẩm Sharp DW-E16FA-W','9157000.0','may-loc-khong-khi-co-hut-am-sharp-dw-e16fa-w',9);
INSERT INTO Products VALUES(299,11,11,'DW-D20A-W','2025-11-15 01:46:47','','',17,7100000.0,'https://dienmay88.vn/wp-content/uploads/2020/09/may-loc-khong-khi-co-hut-am-sharp-dw-d20a-w.jpg','https://dienmay88.vn/wp-content/uploads/2020/09/may-loc-khong-khi-co-hut-am-sharp-dw-d20a-w.jpg',1,'Máy lọc không khí có hút ẩm Sharp DW-D20A-W','8590000.0','may-loc-khong-khi-co-hut-am-sharp-dw-d20a-w',9);
INSERT INTO Products VALUES(300,11,11,'DW-J20FV-W','2025-11-15 01:46:47','','',19,7610000.0,'https://st.meta.vn/Data/image/2025/10/10/may-loc-khong-khi-hut-am-sharp-dw-j20fv-w.jpg;https://vn.sharp/sites/default/files/uploads/2024-07/Hinh-2.png;https://vn.sharp/sites/default/files/uploads/2024-07/Hinh%203.png;https://vn.sharp/sites/default/files/uploads/2024-07/Hinh-5.png','https://st.meta.vn/Data/image/2025/10/10/may-loc-khong-khi-hut-am-sharp-dw-j20fv-w.jpg',1,'Máy lọc không khí và hút ẩm Sharp DW-J20FV-W 20 lít','9403000.0','may-loc-khong-khi-va-hut-am-sharp-dw-j20fv-w-20-lit',9);
INSERT INTO Products VALUES(301,11,11,'DW-J27FV-S','2025-11-15 01:46:47','','',20,7990000.0,'https://dienmay88.vn/wp-content/uploads/2020/09/may-loc-khong-khi-co-hut-am-sharp-dw-j27fv-s.jpg','https://dienmay88.vn/wp-content/uploads/2020/09/may-loc-khong-khi-co-hut-am-sharp-dw-j27fv-s.jpg',1,'Máy lọc không khí có hút ẩm Sharp DW-J27FV-S','10080000.0','may-loc-khong-khi-co-hut-am-sharp-dw-j27fv-s',9);
INSERT INTO sqlite_sequence VALUES('Brands',25);
INSERT INTO sqlite_sequence VALUES('Categories',12);
INSERT INTO sqlite_sequence VALUES('BrandCategories',44);
INSERT INTO sqlite_sequence VALUES('AttributeDefinitions',22);
INSERT INTO sqlite_sequence VALUES('AttributeOptions',55);
INSERT INTO sqlite_sequence VALUES('ProductAttributeOptions',762);
INSERT INTO sqlite_sequence VALUES('ProductAttributeValues',2);
INSERT INTO sqlite_sequence VALUES('Warranties',12);
INSERT INTO sqlite_sequence VALUES('Products',301);
CREATE TRIGGER update_discount_percent_insert
AFTER INSERT ON Products
FOR EACH ROW
WHEN NEW.Price > 0
BEGIN
    UPDATE Products
    SET DiscountPercent = CAST(((NEW.Price - COALESCE(NEW.DiscountPrice, NEW.Price)) * 100.0 / NEW.Price) AS INTEGER)
    WHERE Id = NEW.Id;
END;
CREATE TRIGGER update_discount_percent_update
AFTER UPDATE OF Price, DiscountPrice ON Products
FOR EACH ROW
WHEN NEW.Price > 0
BEGIN
    UPDATE Products
    SET DiscountPercent = CAST(((NEW.Price - COALESCE(NEW.DiscountPrice, NEW.Price)) * 100.0 / NEW.Price) AS INTEGER)
    WHERE Id = NEW.Id;
END;
CREATE INDEX "IX_ProductSpecs_ProductId" ON "ProductSpecs" ("ProductId");
CREATE UNIQUE INDEX "IX_BrandCategories_BrandId_CategoryId" ON "BrandCategories" ("BrandId", "CategoryId");
CREATE INDEX "IX_BrandCategories_CategoryId" ON "BrandCategories" ("CategoryId");
CREATE INDEX "IX_ProductImages_ProductId" ON "ProductImages" ("ProductId");
CREATE INDEX "IX_AttributeDefinitions_CategoryId" ON "AttributeDefinitions" ("CategoryId");
CREATE INDEX "IX_AttributeOptions_AttributeDefinitionId" ON "AttributeOptions" ("AttributeDefinitionId");
CREATE INDEX "IX_ProductAttributeOptions_AttributeOptionId" ON "ProductAttributeOptions" ("AttributeOptionId");
CREATE INDEX "IX_ProductAttributeValues_AttributeDefinitionId" ON "ProductAttributeValues" ("AttributeDefinitionId");
CREATE INDEX "IX_ProductAttributeValues_ProductId" ON "ProductAttributeValues" ("ProductId");
CREATE UNIQUE INDEX "IX_ProductAttributeOptions_ProductId_AttributeOptionId" ON "ProductAttributeOptions" ("ProductId", "AttributeOptionId");
CREATE INDEX "IX_Products_BrandId" ON "Products" ("BrandId");
CREATE INDEX "IX_Products_CategoryId" ON "Products" ("CategoryId");
CREATE UNIQUE INDEX "IX_Products_Code" ON "Products" ("Code");
CREATE INDEX "IX_Products_WarrantyId" ON "Products" ("WarrantyId");
COMMIT;
